"JASID","自治体コード","区市町村名","遺跡番号","遺跡名","種別","緯度","経度","P","J","Y","K","N","H","M","E","D","U"
11207007600,11207,"秩父市","76","嫩桑館","集落跡 城跡",35.9732199634696,139.055080430025,0,1,0,1,0,0,1,0,NA,0
11207008300,11207,"秩父市","83","長尾城","城跡",36.0364561450325,139.108386491497,0,0,0,0,0,0,1,0,NA,0
11207008400,11207,"秩父市","84","諏訪遺跡","城跡",36.0414582346479,139.099356998855,0,0,0,0,0,0,1,0,NA,0
11207008500,11207,"秩父市","85","宮崎城","その他",36.0211491988548,139.089464483406,0,0,0,0,0,0,1,0,NA,0
11207008600,11207,"秩父市","86","永田城跡","城跡",36.0059082151887,139.071537261123,0,0,0,0,0,0,1,0,NA,0
11207022900,11207,"秩父市","229","延慶の青石塔婆","その他",36.0173925141551,139.08283278659,0,0,0,0,0,0,1,0,NA,0
11207025300,11207,"秩父市","253","","集落跡",36.035313,139.074341,0,1,0,0,0,0,1,0,NA,0
11207026600,11207,"秩父市","266","","石造遺物",35.97324,139.076157,0,0,0,0,0,0,1,0,NA,0
11207029500,11207,"秩父市","295","根岸城","城跡",35.95734,139.057861,0,0,0,0,0,0,1,0,NA,0
11207029600,11207,"秩父市","296","寺尾城","城跡",36.008816,139.080444,0,0,0,0,0,0,1,0,NA,0
11207029900,11207,"秩父市","299","久昌寺砦跡","城跡",35.97324,139.076157,0,0,0,0,0,0,1,0,NA,0
11207301900,11207,"秩父市","19","白砂遺跡","経塚",36.060764,139.0439,0,1,0,0,0,1,1,0,NA,0
11207302200,11207,"秩父市","22","梅香山泉渓院跡","集落跡 寺院跡",36.060764,139.0439,0,1,0,0,0,0,1,1,NA,0
11207302300,11207,"秩父市","23","根古屋遺跡","集落跡",36.060764,139.0439,0,1,0,0,1,1,1,0,NA,0
11207304300,11207,"秩父市","43","石間城跡","城跡",36.060764,139.0439,0,0,0,0,0,1,1,0,NA,0
11207304500,11207,"秩父市","45","城山","城跡",36.064865,138.965881,0,0,0,0,0,0,1,0,NA,0
11207304700,11207,"秩父市","47","竜ヶ谷城跡","寺院跡 城跡",36.060764,139.0439,0,0,0,0,0,0,1,0,NA,0
11207305100,11207,"秩父市","51","西ッ原遺跡","集落跡",36.037281,139.025421,0,1,0,0,1,1,1,0,NA,0
11207305500,11207,"秩父市","55","久保田遺跡","集落跡",36.109669,138.967606,0,1,0,0,0,1,1,0,NA,0
11207306000,11207,"秩父市","60","藤芝備蓄銭遺跡","その他",36.060764,139.0439,0,0,0,0,0,0,1,0,NA,0
11207309100,11207,"秩父市","91","小坂下遺跡","集落跡",36.037281,139.025421,0,1,0,0,0,1,1,0,NA,0
11207309400,11207,"秩父市","94","寺山","城跡",36.060764,139.0439,0,0,0,0,0,0,1,0,NA,0
11207310000,11207,"秩父市","100","小暮城跡","城跡",36.037281,139.025421,0,0,0,0,0,0,1,0,NA,0
11207502600,11207,"秩父市","26","熊倉城跡","城跡",35.945207421775,138.999911711857,0,0,0,0,0,0,1,0,NA,0
11207502700,11207,"秩父市","27","室山城","城跡",35.9520152332855,139.05964354995,0,0,0,0,0,0,1,0,NA,0
11207503200,11207,"秩父市","32","贄川城","城跡",35.9674171521003,138.976834287332,0,0,0,0,0,0,1,0,NA,0
11207503400,11207,"秩父市","34","繭山遺跡","祭祀",35.9566286296647,138.983915134555,0,0,0,0,0,0,1,0,NA,0
11209000700,11209,"飯能市","7","所沢市No.7遺跡","集落跡",35.7929778995018,139.485091454599,1,1,0,0,0,0,1,0,NA,0
11209000700,11209,"飯能市","7","張摩久保遺跡","集落跡",35.8661212764051,139.354041626923,0,1,0,1,1,1,1,1,NA,0
11209000900,11209,"飯能市","9","所沢市No.8遺跡","集落跡",35.7971127530426,139.529406830535,0,1,0,0,0,0,1,0,NA,0
11209000900,11209,"飯能市","9","滝の城跡","城跡",35.8028984624868,139.523494048264,0,0,0,0,0,0,1,0,NA,0
11209000900,11209,"飯能市","9","栗屋遺跡","集落跡",35.8643751893347,139.336695942526,0,1,0,0,1,1,1,0,NA,0
11209001100,11209,"飯能市","11","所沢市No.11遺跡","集落跡",35.7711209268254,139.417566702152,0,1,0,0,0,0,1,0,NA,0
11209001100,11209,"飯能市","11","加能里遺跡","集落跡",35.8420891596509,139.339121051812,0,1,0,1,1,1,1,0,NA,0
11209001300,11209,"飯能市","13","和田遺跡","旧石器 集落跡 散布地",35.7873456132053,139.409162693583,1,1,0,0,0,0,1,0,NA,0
11209001300,11209,"飯能市","13","熊坂遺跡","集落跡",35.8384710582861,139.325353809904,0,1,0,0,0,0,1,1,NA,0
11209001400,11209,"飯能市","14","東京道南遺跡","集落跡",35.7993642461505,139.412677453002,0,1,0,0,1,0,1,0,NA,0
11209001400,11209,"飯能市","14","浅間塚遺跡","その他",35.8568133471237,139.345605815707,0,0,0,0,0,0,1,0,NA,0
11209003300,11209,"飯能市","33","椿峰塚群塚","その他",35.7906652925997,139.404816527932,0,0,0,0,0,0,1,1,NA,0
11209003300,11209,"飯能市","33","道間遺跡","集落跡",35.8348079009924,139.319575657988,1,1,0,1,0,1,1,0,NA,0
11209003400,11209,"飯能市","34","椿峰塚群塚","その他",35.797005466464,139.409738283122,0,0,0,0,0,0,1,1,NA,0
11209003400,11209,"飯能市","34","マグサビ遺跡","散布地",35.8402202938065,139.314838865353,1,1,0,0,0,0,1,0,NA,0
11209003500,11209,"飯能市","35","山口城跡","城跡",35.7893465884249,139.402903762984,0,0,0,1,1,1,1,0,NA,0
11209003500,11209,"飯能市","35","矢颪上ノ台遺跡","散布地",35.8421658382429,139.314280733468,0,1,0,0,0,1,1,0,NA,0
11209003900,11209,"飯能市","39","所沢市No.39遺跡","集落跡",35.7918374264938,139.420436973,0,1,0,1,1,1,1,0,NA,0
11209003900,11209,"飯能市","39","泉ヶ城","城跡",35.8616331316823,139.330305826112,0,0,0,0,0,1,1,0,NA,0
11209004000,11209,"飯能市","40","所沢市No.40遺跡","散布地",35.7877528715805,139.416665716367,0,1,0,0,0,0,1,0,NA,0
11209004000,11209,"飯能市","40","加治屋敷","城跡",35.8653347867054,139.328037470203,0,0,0,0,0,1,1,0,NA,0
11209004400,11209,"飯能市","44","白旗塚遺跡","集落跡",35.7973394436492,139.424268572806,1,1,0,0,0,0,1,0,NA,0
11209004400,11209,"飯能市","44","藤兵衛屋敷","城跡",35.8553599990046,139.323993000632,0,0,0,0,0,0,1,0,NA,0
11209004500,11209,"飯能市","45","白旗塚遺跡塚","その他",35.7990104364098,139.427214037679,0,0,0,0,0,0,1,0,NA,0
11209004500,11209,"飯能市","45","判乃氏館","城跡",35.8575553624267,139.313866066089,0,0,0,0,0,0,1,0,NA,0
11209004600,11209,"飯能市","46","白旗塚遺跡","旧石器",35.8005574204302,139.425250621599,1,0,0,0,0,0,1,0,NA,0
11209004600,11209,"飯能市","46","大河原城","城跡",35.8551510940924,139.291867858061,0,0,0,0,0,0,1,0,NA,0
11209004800,11209,"飯能市","48","宮林遺跡","集落跡",35.7980465969624,139.417118958929,0,1,0,1,1,1,1,0,NA,0
11209004800,11209,"飯能市","48","観音窟石龕","城跡",35.9072663906074,139.220285717042,0,0,0,0,0,0,1,0,NA,0
11209005900,11209,"飯能市","59","","集落跡",35.7954759441367,139.449109264668,0,1,0,1,0,0,1,0,NA,0
11209005900,11209,"飯能市","59","中山家範館","城跡",35.863186409712,139.320083001428,0,0,0,0,0,0,1,0,NA,0
11209006100,11209,"飯能市","61","根古屋城跡","城跡",35.8029572865473,139.48598151049,0,0,0,0,0,0,1,0,NA,0
11209006100,11209,"飯能市","61","大日向遺跡","集落跡",35.8821319505631,139.327807764045,0,1,0,0,0,0,1,0,NA,0
11209006200,11209,"飯能市","62","小手指が原古戦場古戦場","その他",35.7838960970293,139.483925249961,0,0,0,0,0,0,1,0,NA,0
11209006200,11209,"飯能市","62","小手指が原古戦場古戦場","その他",35.7838960970293,139.483925249961,0,0,0,0,0,0,1,0,NA,0
11209006200,11209,"飯能市","62","新堀遺跡","集落跡",35.8402963533781,139.333105305184,0,1,0,0,1,0,1,0,NA,0
11209006200,11209,"飯能市","62","新堀遺跡","集落跡",35.8402963533781,139.333105305184,0,1,0,0,1,0,1,0,NA,0
11209006400,11209,"飯能市","64","滝の城横穴墓群","横穴",35.7781512586451,139.475532916559,0,0,0,1,0,0,1,0,NA,0
11209006400,11209,"飯能市","64","荻原遺跡","集落跡",35.8591413278252,139.327014881073,0,0,0,0,0,0,1,1,NA,0
11209006600,11209,"飯能市","66","野竹遺跡忠近世墳墓","集落跡 その他",35.7802972656218,139.456289141718,0,1,0,1,0,1,1,1,NA,0
11209006600,11209,"飯能市","66","堂前遺跡","集落跡",35.8608447766496,139.3316665822,0,1,0,0,0,1,1,0,NA,0
11209006800,11209,"飯能市","68","東向大谷遺跡","集落跡",35.8092343939261,139.520696367488,0,0,0,1,0,0,1,0,NA,0
11209006800,11209,"飯能市","68","中宿遺跡","散布地",35.8537655181313,139.333946457106,0,0,0,0,0,0,1,0,NA,0
11209006900,11209,"飯能市","69","椿峰塚群近世塚","その他",35.814091277648,139.533974831143,0,0,0,0,0,0,1,1,NA,0
11209006900,11209,"飯能市","69","下宿遺跡","散布地",35.8520489204761,139.335001799094,0,1,0,0,0,0,1,0,NA,0
11209007000,11209,"飯能市","70","城上遺跡地下式坑","その他",35.7939568822595,139.50358340287,0,0,0,0,0,0,1,0,NA,0
11209007000,11209,"飯能市","70","河原毛久保遺跡","散布地",35.8664065639436,139.30860027814,0,0,0,0,0,1,1,0,NA,0
11209008300,11209,"飯能市","83","浅間遺跡","集落跡",35.8564017512202,139.344331059602,0,0,0,0,0,0,1,0,NA,0
11209009100,11209,"飯能市","91","所沢市No.81遺跡","散布地",35.7983367503645,139.482556802697,1,1,0,0,0,0,1,0,NA,0
11209009100,11209,"飯能市","91","所沢市No.91遺跡","散布地",35.8065656315649,139.491856830647,0,1,0,0,0,0,1,0,NA,0
11209009100,11209,"飯能市","91","新井原遺跡","集落跡",35.8469560893469,139.327187398276,0,0,0,0,1,1,1,0,NA,0
11209011100,11209,"飯能市","111","六所脇遺跡","集落跡",35.7897891220696,139.400096245405,0,1,0,0,1,1,1,0,NA,0
11209011100,11209,"飯能市","111","榎戸遺跡","集落跡",35.8455392362355,139.329658382936,0,0,0,0,1,1,1,0,NA,0
11209013100,11209,"飯能市","131","常楽院東遺跡","集落跡",35.7877464909213,139.430577566076,0,1,0,0,1,1,1,0,NA,0
11209013100,11209,"飯能市","131","常楽院東遺跡","集落跡",35.7877464909213,139.430577566076,0,1,0,0,1,1,1,0,NA,0
11209013100,11209,"飯能市","131","秋葉神社","墓",35.861642941536,139.218769585606,0,0,0,0,0,0,1,0,NA,0
11209013100,11209,"飯能市","131","秋葉神社","墓",35.861642941536,139.218769585606,0,0,0,0,0,0,1,0,NA,0
11209014400,11209,"飯能市","144","所沢市No.144遺跡","散布地",35.7864740532253,139.497552259614,0,1,0,0,0,0,1,0,NA,0
11209014400,11209,"飯能市","144","滝尾塚","その他",35.8419743398359,139.312288095991,0,0,0,1,0,0,1,0,NA,0
11209014700,11209,"飯能市","147","寺山遺跡","散布地",35.7900788770987,139.495032030252,0,1,1,1,0,0,1,0,NA,0
11209014700,11209,"飯能市","147","リュウガイ城","城跡",35.8677639947587,139.215611016335,0,0,0,0,0,0,1,0,NA,0
11209014800,11209,"飯能市","148","所沢市No.148遺跡","散布地",35.7847564187725,139.478552539374,0,1,0,0,1,1,1,0,NA,0
11209014800,11209,"飯能市","148","市No.148遺跡","城跡",35.8667873710847,139.338335285643,0,0,0,0,0,0,1,0,NA,0
11209015100,11209,"飯能市","151","大堀山館跡","城跡",35.7869817289705,139.487013053153,0,0,0,0,0,0,1,0,NA,0
11209015100,11209,"飯能市","151","市No.151遺跡","集落跡",35.8666204387036,139.325872668629,0,1,0,0,0,0,1,0,NA,0
11209300500,11209,"飯能市","5","根古屋城","城跡",35.8536539371829,139.190981429595,0,0,0,0,0,0,1,0,NA,0
11212000200,11212,"東松山市","2","高坂館跡","古墳　城跡",36.0062046067417,139.401987134869,0,0,0,1,0,0,1,1,NA,0
11212001400,11212,"東松山市","14","高坂弐番町西遺跡","集落跡",36.0053653137985,139.398497144469,0,0,0,1,1,1,1,0,NA,0
11212005800,11212,"東松山市","58","下寺前遺跡","集落跡",35.9998450166162,139.398867553496,0,0,1,1,1,1,1,1,NA,0
11212013900,11212,"東松山市","139","足利基氏累跡","城跡",36.0060433028717,139.372549850922,0,0,0,0,0,0,1,0,NA,0
11212016300,11212,"東松山市","163","野本氏館跡","その他",36.0193950622281,139.412128717074,0,0,0,0,0,0,1,0,NA,0
11212017300,11212,"東松山市","173","青鳥城跡","城跡",36.0324520832909,139.377312644335,0,0,0,0,0,0,1,0,NA,0
11212024600,11212,"東松山市","246","小代氏館跡","城跡",35.9992438737958,139.412056558657,0,0,0,0,0,0,1,0,NA,0
11212036400,11212,"東松山市","364","十三塚","その他",36.0921570109606,139.383457571151,0,0,0,0,0,0,1,1,NA,0
11212036900,11212,"東松山市","369","銭塚遺跡","集落跡",36.0080497648974,139.407142600219,0,0,0,1,1,1,1,0,NA,0
11212037000,11212,"東松山市","370","城敷遺跡","集落跡",36.0062276797537,139.405639346143,0,0,0,1,0,1,1,0,NA,0
11212037100,11212,"東松山市","371","反町遺跡","集落跡　古墳群",36.0052566006271,139.41201416776,0,0,0,1,0,1,1,0,NA,0
11215006600,11215,"狭山市","66","滝祇園遺跡","集落跡",35.8615453714014,139.41192152398,0,1,0,1,0,1,1,0,NA,0
11215008900,11215,"狭山市","89","堀難井遺跡","その他",35.8375611689786,139.42652724061,0,0,0,0,0,0,1,0,NA,0
11225001300,11225,"入間市","13","坂東山遺跡","集落跡",35.8302601005822,139.376070206936,1,1,0,0,1,1,1,0,NA,0
11225004400,11225,"入間市","44","円照寺裏中世墓跡","墓",35.8389432389995,139.345744593907,0,0,0,0,0,0,1,0,NA,0
11227000900,11227,"朝霞市","9","道合・立出遺跡","集落跡",35.8246695263466,139.585401183165,0,1,1,1,1,1,1,1,NA,0
11227001100,11227,"朝霞市","11","八ケタ・中通遺跡","集落跡 その他",35.8265423758391,139.591240599417,1,1,1,1,1,1,1,1,NA,0
11227001300,11227,"朝霞市","13","人部・峡遺跡","集落跡 古墳",35.8216671050128,139.596592703531,1,1,1,1,1,1,1,1,NA,0
11227001400,11227,"朝霞市","14","中道・中道下遺跡","集落跡",35.8189665480014,139.595963260296,1,1,1,1,1,1,1,1,NA,0
11227002000,11227,"朝霞市","20","泉水山・富士谷遺跡","集落跡",35.8072682724075,139.581026743405,1,1,1,1,1,1,1,1,NA,0
11227003100,11227,"朝霞市","31","上の原第二遺跡","集落跡",35.7931946519537,139.586779938538,0,1,0,0,0,0,1,0,NA,0
11227003800,11227,"朝霞市","38","芹沢遺跡","集落跡",35.8019007435609,139.584200148013,0,1,1,1,0,0,1,0,NA,0
11227004000,11227,"朝霞市","40","宮下遺跡","集落跡",35.8069057703793,139.589973613844,0,1,0,1,0,0,1,0,NA,0
11227004100,11227,"朝霞市","41","古屋敷遺跡","集落跡",35.8088708120198,139.5925938487,0,1,0,1,0,0,1,0,NA,0
11227004200,11227,"朝霞市","42","大屋敷遺跡","集落跡",35.8061174446764,139.59114426272,0,1,0,1,0,0,1,0,NA,0
11227004500,11227,"朝霞市","45","中道・岡台遺跡","集落跡 寺院跡 城跡",35.8108188223397,139.597589153315,0,1,1,1,0,0,1,0,NA,0
11227004600,11227,"朝霞市","46","城戸遺跡","貝塚 城跡",35.8123499933387,139.60278769933,0,1,0,0,0,0,1,0,NA,0
11227005200,11227,"朝霞市","52","天ヶ久保第三遺跡","集落跡",35.8004247856519,139.602016150364,0,1,0,1,0,0,1,0,NA,0
11227005300,11227,"朝霞市","53","宮原・塚越遺跡","集落跡",35.8043370377113,139.602722051652,0,1,0,1,0,1,1,0,NA,0
11227005400,11227,"朝霞市","54","宮台・宮原遺跡","集落跡",35.8069032722896,139.605048873461,1,1,1,1,1,1,1,1,NA,0
11227005500,11227,"朝霞市","55","宮台遺跡","集落跡 古墳",35.8096534392788,139.605494168065,1,1,1,1,1,1,1,1,NA,0
11227005600,11227,"朝霞市","56","根岸通第一遺跡","集落跡 石造遺物",35.807822503706,139.60765733838,0,1,0,0,0,0,1,0,NA,0
11227005700,11227,"朝霞市","57","根岸通第二遺跡","集落跡",35.8067315403972,139.608959589741,0,1,0,1,0,0,1,0,NA,0
11227005800,11227,"朝霞市","58","根岸通第三遺跡","集落跡",35.805030332876,139.608417266882,0,1,1,1,0,1,1,0,NA,0
11227005900,11227,"朝霞市","59","新屋敷遺跡","集落跡",35.8032431742864,139.611124566124,0,1,1,1,0,0,1,0,NA,0
11227006000,11227,"朝霞市","60","稲荷山郷戸遺跡","集落跡 石造遺物",35.8004643068166,139.611145146926,0,1,0,1,0,1,1,0,NA,0
11227006100,11227,"朝霞市","61","南ヶ谷戸遺跡","集落跡",35.7977716021534,139.612969318894,0,1,1,1,0,0,1,0,NA,0
11227006200,11227,"朝霞市","62","新井前遺跡","集落跡",35.8014436936353,139.607799735894,0,1,0,1,0,0,1,0,NA,0
11227006300,11227,"朝霞市","63","馬堀遺跡","集落跡",35.8007598051784,139.604176179445,0,1,0,1,0,1,1,0,NA,0
11227006500,11227,"朝霞市","65","西流山第一遺跡","集落跡",35.7977749449049,139.604822473634,0,1,0,1,0,0,1,0,NA,0
11227006600,11227,"朝霞市","66","西流山第二遺跡","集落跡",35.7957018619784,139.60425060587,0,1,0,0,0,0,1,0,NA,0
11227006700,11227,"朝霞市","67","東流山・水久保遺跡","集落跡",35.7955138052877,139.606773924174,0,1,0,1,0,0,1,0,NA,0
11227006900,11227,"朝霞市","69","原畑・越戸第二遺跡","集落跡",35.793458802105,139.60265707372,0,1,0,1,0,0,1,1,NA,0
11227007000,11227,"朝霞市","70","平沢・原畑遺跡","集落跡",35.7939848164228,139.599147552527,0,1,0,1,0,0,1,1,NA,0
11227007100,11227,"朝霞市","71","越戸遺跡","集落跡",35.7917171781868,139.600281435429,0,1,0,1,0,0,1,0,NA,0
11227007200,11227,"朝霞市","72","萱野道第一遺跡","集落跡",35.7906426285517,139.602412038861,0,1,0,1,0,0,1,0,NA,0
11227007300,11227,"朝霞市","73","萱野道第二遺跡","集落跡",35.7896719038259,139.601199674469,0,0,0,0,0,0,1,0,NA,0
11228000200,11228,"志木市","2","中野遺跡","旧石器 集落跡 墓",35.8334709608062,139.573111521771,1,1,1,1,0,1,1,1,NA,0
11228000300,11228,"志木市","3","城山遺跡","旧石器 貝塚 集落跡 城跡",35.8323266688993,139.569602000577,1,1,1,1,1,1,1,1,NA,0
11228000500,11228,"志木市","5","中道遺跡","旧石器 集落跡 墓",35.8294813309497,139.568915353105,1,1,1,1,1,1,1,1,NA,0
11228000700,11228,"志木市","7","西原大塚遺跡","旧石器 集落跡 墓",35.8244398814343,139.565711007184,1,1,1,1,1,1,1,1,NA,0
11228000800,11228,"志木市","8","新邸遺跡","貝塚 集落跡 墓",35.8283988384278,139.567503915262,0,1,0,1,0,0,1,1,NA,0
11228001000,11228,"志木市","10","田子山遺跡","集落跡 墓",35.8319138365892,139.582762706362,0,1,1,1,1,1,1,1,NA,1
11228001300,11228,"志木市","13","関根兵庫館跡","城跡",35.8516703253938,139.587098191441,0,0,0,0,0,0,1,0,NA,0
11228001400,11228,"志木市","14","宿遺跡","城跡",35.8459036301911,139.578972886484,0,0,0,0,0,0,1,0,NA,0
11229000500,11229,"和光市","5","午王山遺跡","集落跡",35.7958121120693,139.626802660217,0,0,1,0,0,0,1,0,NA,0
11229000800,11229,"和光市","8","松山遺跡","",35.7935806126954,139.612378025399,0,1,0,0,0,0,1,0,NA,0
11229001000,11229,"和光市","10","柿ノ木坂西遺跡","",35.792157259997,139.612988375943,0,0,0,0,0,0,1,0,NA,0
11229001300,11229,"和光市","13","吹上遺跡","集落跡",35.7915005173807,139.633197397118,1,1,1,1,1,1,1,0,NA,0
11229001700,11229,"和光市","17","市場峡・市場上遺跡","集落跡　貝塚",35.7745059325193,139.609066611241,1,1,1,1,1,1,1,0,NA,0
11229001800,11229,"和光市","18","城山南遺跡","集落跡",35.7830729198912,139.62287334641,1,1,1,1,1,1,1,0,NA,0
11229001900,11229,"和光市","19","白子宿上遺跡","集落跡",35.7799400369966,139.620723999311,0,0,1,0,0,0,1,0,NA,0
11229002200,11229,"和光市","22","城山遺跡","集落跡",35.7847439982266,139.624780695297,0,0,1,0,0,1,1,0,NA,0
11229002300,11229,"和光市","23","榎堂遺跡","集落跡　墓",35.7745059325193,139.609066611241,0,0,0,1,0,0,1,0,NA,0
11229002500,11229,"和光市","25","水久保遺跡","集落跡",35.7906471301494,139.616070069374,1,1,0,0,0,0,1,0,NA,0
11229003000,11229,"和光市","30","庚塚遺跡","集落跡",35.787119519089,139.620762147448,0,1,0,0,0,0,1,0,NA,0
11229003200,11229,"和光市","32","妙蓮寺遺跡","集落跡",35.7901829798989,139.618053710934,1,1,1,1,1,1,1,1,NA,0
11230004400,11230,"新座市","44","","その他",35.8140453502231,139.549664320672,0,1,1,0,1,1,1,0,NA,0
11230004600,11230,"新座市","46","","散布地",35.8175783719757,139.554568211196,0,1,1,0,1,1,1,0,NA,0
11230004700,11230,"新座市","47","","散布地",35.8043992536798,139.548144817203,0,1,0,1,0,1,1,0,NA,0
11230005500,11230,"新座市","55","","散布地",35.7973450954727,139.571032998286,0,0,0,0,0,0,1,0,NA,0
11230008300,11230,"新座市","83","","散布地",35.7740674209908,139.571122714612,0,1,0,0,0,1,1,1,NA,0
11230008700,11230,"新座市","87","","散布地",35.773213774937,139.566105059514,0,1,0,0,0,0,1,0,NA,0
11230009500,11230,"新座市","95","","散布地",35.7650114962464,139.560041181163,0,1,0,0,0,1,1,0,NA,0
11230010500,11230,"新座市","105","","寺院跡",35.8149280442099,139.554005255694,0,0,0,0,0,0,1,0,NA,0
11230010600,11230,"新座市","106","","寺院跡",35.815086844158,139.552305477658,0,0,0,0,0,0,1,0,NA,0
11230010700,11230,"新座市","107","","寺院跡",35.8127369005777,139.55087293465,0,0,0,0,0,0,1,0,NA,0
11230010800,11230,"新座市","108","","寺院跡",35.7812436696937,139.571222412965,0,0,0,0,0,0,1,0,NA,0
11235000200,11235,"富士見市","2","中沢遺跡","集落跡",35.8597041928646,139.52320952395,1,1,0,0,1,1,1,1,NA,0
11235000300,11235,"富士見市","3","稲荷久保南遺跡","散布地",35.8632594937259,139.524544668465,0,1,0,1,0,0,1,1,NA,0
11235000600,11235,"富士見市","6","外記塚遺跡","集落跡",35.8610555755898,139.52641216996,1,0,0,0,1,1,1,1,NA,0
11235000900,11235,"富士見市","9","鍛冶海戸遺跡","城跡",35.8662439126374,139.535796327416,0,0,0,0,0,0,1,0,NA,0
11235001000,11235,"富士見市","10","宮廻遺跡","集落跡",35.8663495336385,139.539687318191,0,1,0,0,0,1,1,0,NA,0
11235001200,11235,"富士見市","12","谷田遺跡","墓",35.8592728161611,139.548321079594,0,0,0,0,0,0,1,0,NA,0
11235001500,11235,"富士見市","15","渡戸遺跡","集落跡 その他",35.8582328434211,139.533950177234,0,1,0,0,0,0,1,1,NA,0
11235001600,11235,"富士見市","16","東渡戸遺跡","集落跡",35.8603042515272,139.537879316145,0,1,0,1,0,0,1,1,NA,0
11235001700,11235,"富士見市","17","羽沢遺跡","集落跡 その他",35.8579232316805,139.539296523907,1,1,0,0,0,0,1,1,NA,0
11235001800,11235,"富士見市","18","上沢遺跡","集落跡 その他",35.8522961282482,139.53090418985,1,1,0,0,0,0,1,0,NA,0
11235002000,11235,"富士見市","20","羽沢前遺跡","散布地",35.8547696286607,139.540402785168,0,1,0,1,0,0,1,1,NA,0
11235002100,11235,"富士見市","21","山室遺跡","貝塚 集落跡 その他",35.8565010334597,139.543950454498,1,1,0,0,0,1,1,1,NA,0
11235002500,11235,"富士見市","25","宮脇遺跡","貝塚 集落跡 墓",35.8526888169116,139.544579350598,0,1,0,1,0,1,1,1,NA,0
11235002600,11235,"富士見市","26","黒貝戸遺跡","貝塚 集落跡 その他",35.8522250287598,139.548622928681,1,1,0,1,1,1,1,1,NA,0
11235002700,11235,"富士見市","27","折戸遺跡","集落跡",35.8542038366129,139.549805485561,0,1,0,0,0,0,1,1,NA,0
11235002800,11235,"富士見市","28","宿（多門氏館跡）遺跡","集落跡 城跡 その他",35.8527815748533,139.551712834776,1,1,0,0,0,1,1,1,NA,0
11235002900,11235,"富士見市","29","殿山遺跡","貝塚 集落跡 横穴 城跡",35.850220727783,139.549377897406,0,1,0,0,1,1,1,0,NA,0
11235003100,11235,"富士見市","31","御庵遺跡","貝塚 集落跡 城跡",35.8460464100174,139.545677642077,0,1,0,0,0,1,1,1,NA,0
11235003200,11235,"富士見市","32","新田遺跡","集落跡",35.8442220090797,139.54365585238,0,1,0,0,0,0,1,1,NA,0
11235003500,11235,"富士見市","35","節沢遺跡","集落跡",35.8390728967666,139.543029123595,0,1,0,0,0,0,1,1,NA,0
11235003800,11235,"富士見市","38","松ノ木遺跡","集落跡 その他",35.8371105656365,139.548047167433,1,1,0,0,0,1,1,1,NA,0
11235003900,11235,"富士見市","39","打越遺跡","貝塚 集落跡 城跡",35.8445621544863,139.551361540275,1,1,1,1,1,0,1,0,NA,0
11235004000,11235,"富士見市","40","松山遺跡","貝塚 集落跡 墓",35.8438509397961,139.556015471521,0,1,1,1,0,1,1,1,NA,0
11235004200,11235,"富士見市","42","水子貝塚","貝塚 集落跡",35.8452647227761,139.560919807213,1,1,1,1,0,1,1,1,NA,0
11235004400,11235,"富士見市","44","観音前遺跡","集落跡 墓 その他",35.84374953122,139.568587346971,1,1,1,1,0,1,1,1,NA,0
11235004500,11235,"富士見市","45","神明遺跡","集落跡 散布地",35.8415230719692,139.565535587703,0,1,0,0,0,0,1,1,NA,0
11235004600,11235,"富士見市","46","東台遺跡","貝塚 集落跡",35.8391110111776,139.562674561261,0,1,1,0,0,1,1,1,NA,0
11235004700,11235,"富士見市","47","正網遺跡","集落跡",35.8377558381714,139.5597560782,0,1,1,0,0,1,1,0,NA,0
11235004800,11235,"富士見市","48","正網南遺跡","集落跡",35.8359621731082,139.560023107299,0,1,0,0,0,0,1,0,NA,0
11235004900,11235,"富士見市","49","栗谷ツ遺跡","集落跡 窯跡 その他",35.836147725888,139.55514029509,1,1,1,0,0,1,1,0,NA,0
11235005000,11235,"富士見市","50","別所遺跡","集落跡",35.8348797700583,139.557276525268,0,1,1,1,0,1,1,0,NA,0
11235005100,11235,"富士見市","51","北通遺跡","貝塚 集落跡 古墳 墓",35.8332406718625,139.554148473656,1,1,1,1,1,1,1,0,NA,0
11235005300,11235,"富士見市","53","上内手遺跡","集落跡",35.8685069699787,139.550886477022,0,0,1,1,1,1,1,1,NA,0
11235005500,11235,"富士見市","55","難波田氏館跡","集落跡 寺院跡 城跡",35.8580891270274,139.567633920739,0,0,1,1,0,0,1,1,NA,0
11239004700,11239,"坂戸市","47","蔵ヶ谷戸遺跡","集落跡",35.9733338731516,139.432335845985,0,0,0,1,0,1,1,0,NA,0
11239005300,11239,"坂戸市","53","御門遺跡","集落跡",35.9689542820897,139.424606003405,0,0,0,0,0,1,1,0,NA,0
11239005400,11239,"坂戸市","54","林氏館","城跡",35.9682318337061,139.422923721387,0,0,0,1,1,1,1,0,NA,0
11239006400,11239,"坂戸市","64","番匠・下道遺跡","集落跡 墓",35.9642722665395,139.437779650872,0,1,0,0,1,1,1,1,NA,0
11239007500,11239,"坂戸市","75","大智寺遺跡","集落跡 城跡",35.9669512238747,139.409760105711,0,0,0,0,1,1,1,1,NA,0
11239009300,11239,"坂戸市","93","浅羽城","城跡",35.9477619191567,139.372346805018,0,0,0,0,0,0,1,0,NA,0
11239010500,11239,"坂戸市","105","城山遺跡、多和目城址","集落跡 城跡",35.9247531440695,139.331917947322,0,1,0,0,0,0,1,0,NA,0
11239011800,11239,"坂戸市","118","金井遺跡","集落跡 その他",35.9680338413164,139.371255550624,0,0,0,0,1,1,1,0,NA,0
11239012500,11239,"坂戸市","125","三福寺遺跡、三福寺館","集落跡 城跡",35.9635903167124,139.362765822118,0,0,1,1,1,1,1,1,NA,0
11239012600,11239,"坂戸市","126","堀込城址群","城跡",35.9655001656652,139.365046757531,0,0,0,0,0,0,1,1,NA,0
11239012700,11239,"坂戸市","127","内出遺跡","集落跡",35.9670010225922,139.369214641096,0,0,0,1,1,1,1,0,NA,0
11239013000,11239,"坂戸市","130","善能寺","寺院跡 城跡",35.9626319501881,139.35469226683,0,0,0,0,0,0,1,0,NA,0
11239013500,11239,"坂戸市","135","大塚屋敷","城跡",35.9562833227836,139.370395406941,0,0,0,0,0,0,1,0,NA,0
11239015600,11239,"坂戸市","156","広面A遺跡","古墳 その他",35.969181136043,139.365505363378,0,0,0,0,0,0,1,0,NA,0
11239015700,11239,"坂戸市","157","塚の越遺跡","集落跡 古墳",35.9661115085251,139.361169044253,0,1,1,1,1,1,1,0,NA,0
11241000800,11241,"鶴ヶ島市","8","台遺跡","集落跡",35.9436958943551,139.380132253834,0,0,0,1,0,0,1,1,NA,0
11241001500,11241,"鶴ヶ島市","15","地慶沼遺跡","旧石器",35.9222290833706,139.400613774053,1,1,0,0,0,0,1,0,NA,0
11241001600,11241,"鶴ヶ島市","16","お寺山遺跡","集落跡 墓",35.9269276096197,139.406759249253,0,1,0,0,0,0,1,1,NA,0
11241002000,11241,"鶴ヶ島市","20","広田遺跡","散布地",35.9420440332352,139.425574990888,0,1,0,0,0,0,1,0,NA,0
11241002700,11241,"鶴ヶ島市","27","岸田氏館","城跡",35.9448001113423,139.419483694086,0,0,0,0,0,0,1,0,NA,0
11241003900,11241,"鶴ヶ島市","39","広谷館","城跡",35.9411910167915,139.41596518507,0,0,0,0,0,0,1,0,NA,0
11241004800,11241,"鶴ヶ島市","48","鶴ヶ丘第４８号遺跡","その他",35.9294530235647,139.414969268599,0,0,0,0,0,0,1,0,NA,0
11241005600,11241,"鶴ヶ島市","56","内野氏屋敷","城跡",35.9265930038783,139.405036280154,0,0,0,0,0,0,1,0,NA,0
11241005800,11241,"鶴ヶ島市","58","東遺跡","城跡",35.9297652353622,139.405331615906,0,0,0,0,0,0,1,1,NA,0
11241006900,11241,"鶴ヶ島市","69","三ツ木屋敷","城跡",35.9302182700165,139.394146230708,0,0,0,0,0,0,1,1,NA,0
11241007500,11241,"鶴ヶ島市","75","北権現遺跡","その他",35.9457371971654,139.410981590939,0,1,0,0,1,1,1,1,NA,0
11241008200,11241,"鶴ヶ島市","82","岸田氏屋敷","城跡",35.940489335792,139.412940100381,0,0,0,0,0,0,1,1,NA,0
11241008500,11241,"鶴ヶ島市","85","向山遺跡","集落跡",35.9226599496883,139.39012627147,0,1,0,0,0,0,1,1,NA,0
11241009200,11241,"鶴ヶ島市","92","柳戸遺跡","集落跡",35.9287021625328,139.396839589176,1,1,1,0,0,0,1,1,NA,0
11241009700,11241,"鶴ヶ島市","97","当貫遺跡","その他",35.9365221943142,139.382691796149,0,1,0,0,1,1,1,1,NA,0
11241010200,11241,"鶴ヶ島市","102","高倉砦","城跡",35.9329555225491,139.381115407309,0,0,0,0,0,0,1,0,NA,0
11241010400,11241,"鶴ヶ島市","104","宮週館跡","城跡",35.9504437666815,139.423459035431,0,0,0,0,0,0,1,1,NA,0
11242000100,11242,"日高市","1","野口山塚","経塚",35.8959862103671,139.377660236477,0,0,0,0,0,0,1,0,NA,0
11242000200,11242,"日高市","2","野口山塚","経塚",35.8952213760818,139.378003559231,0,0,0,0,0,0,1,0,NA,0
11242000300,11242,"日高市","3","向六反田塚","経塚",35.8948041922695,139.378209553669,0,0,0,0,0,0,1,0,NA,0
11242000400,11242,"日高市","4","中沢甲塚","経塚",35.8952352819941,139.377265416096,0,0,0,0,0,0,1,0,NA,0
11242000500,11242,"日高市","5","富士塚","経塚",35.8888177885895,139.378947012677,0,0,0,0,0,0,1,0,NA,0
11242000700,11242,"日高市","7","藤塚塚群","経塚",35.8887454216205,139.376836263309,0,0,0,0,0,0,1,0,NA,0
11242000800,11242,"日高市","8","藤塚塚群","経塚",35.8889684975249,139.376269780241,0,0,0,0,0,0,1,0,NA,0
11242000900,11242,"日高市","9","藤塚塚群","経塚",35.8891910125857,139.375823460268,0,0,0,0,0,0,1,0,NA,0
11242001000,11242,"日高市","10","向谷津塚","経塚",35.888768671873,139.375188313697,0,0,0,0,0,0,1,0,NA,0
11242001100,11242,"日高市","11","藤塚塚群","経塚",35.8892329846613,139.375244725775,0,0,0,0,0,0,1,0,NA,0
11242001200,11242,"日高市","12","藤塚塚群","経塚",35.8894937438128,139.374609578549,0,0,0,0,0,0,1,0,NA,0
11242001300,11242,"日高市","13","藤塚塚群","経塚",35.8897232103259,139.37412892617,0,0,0,0,0,0,1,0,NA,0
11242001400,11242,"日高市","14","諏訪山塚群","経塚",35.8941047120014,139.36944476265,0,0,0,0,0,0,1,0,NA,0
11242001500,11242,"日高市","15","諏訪山塚群","経塚",35.8942816372432,139.369145148315,0,0,0,0,0,0,1,0,NA,0
11242001600,11242,"日高市","16","諏訪山塚群","経塚",35.8944763242272,139.368750327279,0,0,0,0,0,0,1,0,NA,0
11242001700,11242,"日高市","17","諏訪山塚群","経塚",35.8937142864669,139.369158707504,0,0,0,0,0,0,1,0,NA,0
11242001800,11242,"日高市","18","諏訪山塚群","経塚",35.8939399640631,139.368824883307,0,0,0,0,0,0,1,0,NA,0
11242001900,11242,"日高市","19","諏訪山塚群","経塚",35.8941902789383,139.368533059162,0,0,0,0,0,0,1,0,NA,0
11242002000,11242,"日高市","20","瀬戸原塚","経塚",35.8935783993875,139.367382927806,0,0,0,0,0,0,1,0,NA,0
11242002200,11242,"日高市","22","稲荷沢塚","経塚",35.8857898176407,139.340071717009,0,0,0,0,0,0,1,0,NA,0
11242002300,11242,"日高市","23","野々宮塚","経塚",35.8928021246241,139.326999834671,0,0,0,0,0,0,1,0,NA,0
11242002400,11242,"日高市","24","野々宮塚","経塚",35.8924405538237,139.327325991222,0,0,0,0,0,0,1,0,NA,0
11242002500,11242,"日高市","25","小竹塚","経塚",35.8921207008904,139.327574900349,0,0,0,0,0,0,1,0,NA,0
11242002600,11242,"日高市","26","大宮群塚","経塚",35.8986012913255,139.322118149635,0,0,0,0,0,0,1,0,NA,0
11242002700,11242,"日高市","27","大宮群塚","経塚",35.8985724159063,139.321735606518,0,0,0,0,0,0,1,0,NA,0
11242002800,11242,"日高市","28","大宮群塚","経塚",35.898560078463,139.321295041232,0,0,0,0,0,0,1,0,NA,0
11242002900,11242,"日高市","29","別所塚","経塚",35.8930530806432,139.317845857073,0,0,0,0,0,0,1,0,NA,0
11242003000,11242,"日高市","30","別所塚","経塚",35.8929108371424,139.317350889594,0,0,0,0,0,0,1,0,NA,0
11242003100,11242,"日高市","31","清流塚","経塚",35.8960613450872,139.308870380609,0,0,0,0,0,0,1,0,NA,0
11242003200,11242,"日高市","32","高麗本郷新井峯塚","経塚",35.8883651004535,139.300029393897,0,0,0,0,0,0,1,0,NA,0
11242003300,11242,"日高市","33","風穴塚","経塚",35.8884763589098,139.299617406985,0,0,0,0,0,0,1,0,NA,0
11242003400,11242,"日高市","34","風穴塚","経塚",35.8885876172099,139.299342748389,0,0,0,0,0,0,1,0,NA,0
11242003500,11242,"日高市","35","きつね塚","経塚",35.8847316932625,139.285557157047,0,0,0,0,0,0,1,0,NA,0
11242003600,11242,"日高市","36","広瀬塚","経塚",35.884155673119,139.283428694492,0,0,0,0,0,0,1,0,NA,0
11242003700,11242,"日高市","37","広瀬塚","経塚",35.8841470723635,139.282576390778,0,0,0,0,0,0,1,0,NA,0
11242003800,11242,"日高市","38","前山塚","経塚",35.880773135699,139.315968059033,0,0,0,0,0,0,1,0,NA,0
11242003900,11242,"日高市","39","前山塚","経塚",35.8806656045096,139.316396897228,0,0,0,0,0,0,1,0,NA,0
11242004000,11242,"日高市","40","前山塚","経塚",35.880345703748,139.316139405163,0,0,0,0,0,0,1,0,NA,0
11242004200,11242,"日高市","42","白木沢塚群","経塚",35.8786242942731,139.315599079935,0,0,0,0,0,0,1,0,NA,0
11242004300,11242,"日高市","43","向山塚群","経塚",35.8834991865883,139.321392558529,0,0,0,0,0,0,1,0,NA,0
11242004400,11242,"日高市","44","向山塚群","経塚",35.8831278291431,139.321595075331,0,0,0,0,0,0,1,0,NA,0
11242004500,11242,"日高市","45","向山塚群","経塚",35.8827888142969,139.321790339296,0,0,0,0,0,0,1,0,NA,0
11242004600,11242,"日高市","46","高根塚群","経塚",35.8844102436465,139.324113484952,0,0,0,0,0,0,1,0,NA,0
11242004700,11242,"日高市","47","高根塚群","経塚",35.8841042664073,139.324405309424,0,0,0,0,0,0,1,0,NA,0
11242004800,11242,"日高市","48","高根塚群","経塚",35.8838400127956,139.32467996802,0,0,0,0,0,0,1,0,NA,0
11242004900,11242,"日高市","49","高根塚群","経塚",35.8834644924302,139.325040456649,0,0,0,0,0,0,1,0,NA,0
11242005000,11242,"日高市","50","高根塚群","経塚",35.8832836858505,139.325332280466,0,0,0,0,0,0,1,0,NA,0
11242005100,11242,"日高市","51","高根塚群","経塚",35.8830333375564,139.325503941843,0,0,0,0,0,0,1,0,NA,0
11242005200,11242,"日高市","52","高根塚群","経塚",35.8828037743037,139.325581096388,0,0,0,0,0,0,1,0,NA,0
11242005300,11242,"日高市","53","おいせ塚","経塚",35.8827481413755,139.326250575366,0,0,0,0,0,0,1,0,NA,0
11242005400,11242,"日高市","54","高根塚群","経塚",35.8824838816473,139.325787090172,0,0,0,0,0,0,1,0,NA,0
11242005500,11242,"日高市","55","高根塚群","経塚",35.8822127443121,139.326104756663,0,0,0,0,0,0,1,0,NA,0
11242005700,11242,"日高市","57","発桐塚","経塚",35.8828027223928,139.327523829548,0,0,0,0,0,0,1,0,NA,0
11242005800,11242,"日高市","58","東谷塚","経塚",35.8842363248525,139.329711236049,0,0,0,0,0,0,1,0,NA,0
11242005900,11242,"日高市","59","東谷塚","経塚",35.8848482771284,139.329573906423,0,0,0,0,0,0,1,0,NA,0
11242007500,11242,"日高市","75","愛宕山遺跡","経塚",35.8864199662071,139.345532365106,0,0,0,0,0,0,1,0,NA,0
11242008300,11242,"日高市","83","滝ノ前遺跡","集落跡",35.9041070003766,139.323028967653,0,0,0,0,0,0,1,0,NA,0
11242008900,11242,"日高市","89","小竹遺跡","集落跡",35.8921815867326,139.328291237427,0,0,0,0,0,0,1,1,NA,0
11242009400,11242,"日高市","94","稲荷道遺跡","集落跡",35.8960070488259,139.329894792972,0,0,0,0,0,0,1,0,NA,0
11242015000,11242,"日高市","150","上ノ条遺跡","集落跡",35.8901490051245,139.362110927479,0,1,0,0,0,0,1,0,NA,0
11242018400,11242,"日高市","184","松葉遺跡","集落跡",35.8966487512077,139.391236482197,0,1,0,0,0,0,1,0,NA,0
11245250900,11245,"ふじみ野市","9","長宮遺跡","集落跡",35.8768425698512,139.529508108105,0,1,0,0,0,0,1,0,NA,0
11245251000,11245,"ふじみ野市","10","松山遺跡","集落跡",35.8734241965474,139.531418450164,0,0,0,0,1,1,1,1,NA,0
11245251300,11245,"ふじみ野市","13","駒林遺跡","墓　その他",35.8677443016452,139.527009645603,0,0,0,0,0,0,1,1,NA,0
11245251500,11245,"ふじみ野市","15","福岡新田遺跡","寺院跡　散布地",35.8696509151434,139.533766578944,0,1,0,0,0,0,1,1,NA,0
11245251900,11245,"ふじみ野市","19","城山遺跡","城跡",35.875121007294,139.54774904542,0,0,0,0,0,0,1,1,NA,0
11245300100,11245,"ふじみ野市","1","西ノ原遺跡","集落跡",35.8552273432606,139.520582776076,1,1,0,0,1,1,1,1,NA,0
11245300600,11245,"ふじみ野市","6","亀久保堀跡","その他",35.8627428460511,139.515209939037,0,0,0,0,0,0,1,0,NA,0
11245300700,11245,"ふじみ野市","7","江川南遺跡","集落跡",35.8632911595658,139.51071267544,1,1,0,0,0,0,1,1,NA,0
11245302200,11245,"ふじみ野市","22","浄禅寺跡遺跡","集落跡　寺院跡",35.8611030485103,139.532300566765,1,0,0,0,0,0,1,1,NA,0
11245302400,11245,"ふじみ野市","24","東台遺跡","集落跡　その他（製鉄遺跡）",35.8501489920263,139.524935977737,1,0,0,0,1,1,1,1,NA,0
11245302700,11245,"ふじみ野市","27","石塔畑","散布地",35.8450853058802,139.521968324778,0,0,0,0,0,0,1,0,NA,0
11245303400,11245,"ふじみ野市","34","本村遺跡","集落跡",35.8523748298456,139.521871470685,1,0,0,0,0,0,1,1,NA,0
11245303700,11245,"ふじみ野市","37","大井氏館跡遺跡・大井戸遺跡","集落跡",35.8503748045079,139.517851792603,1,0,0,0,0,0,1,1,NA,0
11245304000,11245,"ふじみ野市","40","小田久保遺跡","集落跡",35.8488908821424,139.514070907279,1,0,0,0,0,0,1,1,NA,0
11245304100,11245,"ふじみ野市","41","神明後遺跡","集落跡",35.8600657314804,139.528104747932,1,1,0,0,1,1,1,1,NA,0
11324000200,11324,"三芳町","2","古井戸山遺跡","旧石器 集落跡",35.8210567806358,139.547345276595,1,1,1,1,1,1,1,0,NA,0
11326001700,11326,"毛呂山町","17","毛呂城跡","城跡",35.9439304480208,139.308067864839,0,0,0,0,0,0,1,0,NA,0
11326001800,11326,"毛呂山町","18","権田直助生地","その他",35.9422865059072,139.305773879053,0,0,0,0,0,0,1,0,NA,0
11326003900,11326,"毛呂山町","39","崇徳寺跡","寺院跡",35.9567738322494,139.342501791635,0,0,0,0,0,0,1,0,NA,0
11326004100,11326,"毛呂山町","41","竹ノ内遺跡","集落跡 墓",35.9458481728336,139.302020259217,0,1,0,0,0,0,1,0,NA,0
11326004300,11326,"毛呂山町","43","大寺廃寺","墓 寺院跡",35.9179663857837,139.316104273039,0,0,0,0,1,1,1,0,NA,0
11326010600,11326,"毛呂山町","106","鎌倉街道Ａ遺跡","その他",35.9485667110976,139.347337745575,0,0,0,0,0,0,1,0,NA,0
11326010900,11326,"毛呂山町","109","堂山下遺跡","墓",35.9578769843794,139.344110511819,0,0,0,0,0,0,1,0,NA,0
11326011000,11326,"毛呂山町","110","常楽寺跡","寺院跡",35.9554386654147,139.358481288052,0,0,0,0,0,0,1,0,NA,0
11326011100,11326,"毛呂山町","111","鎌倉街道Ｂ遺跡","その他",35.9547922098379,139.344865821485,0,0,0,0,0,0,1,0,NA,0
11326011200,11326,"毛呂山町","112","鎌倉街道Ｃ遺跡","その他",35.9512309011066,139.345103428266,0,0,0,0,0,0,1,0,NA,0
11326011800,11326,"毛呂山町","118","岩沢前遺跡","墓",35.9205040833707,139.307326690568,0,0,0,0,0,0,1,0,NA,0
11326012000,11326,"毛呂山町","120","山根六角塔遺跡","その他",35.9151756908295,139.308343070208,0,0,0,0,0,0,1,1,NA,0
11326012100,11326,"毛呂山町","121","タマキ遺跡","その他",35.959488800112,139.354135535841,0,0,0,0,0,0,1,1,NA,0
11327000500,11327,"越生町","5","児玉雲大天館跡","城跡",35.9729335446867,139.270530390153,0,0,0,0,0,0,1,0,NA,0
11327002800,11327,"越生町","28","黒岩氏館跡","その他",35.9685434048139,139.290305780254,0,0,0,0,0,1,1,0,NA,0
11327003000,11327,"越生町","30","越生氏館跡","その他",35.9615060225349,139.293417485916,0,0,0,0,0,0,1,0,NA,0
11327003200,11327,"越生町","32","太田氏館跡","その他",35.9691810908342,139.267541359095,0,0,0,0,0,0,1,0,NA,0
11327003300,11327,"越生町","33","山芝庵跡","その他",35.9541293692612,139.25190576384,0,0,0,0,0,0,1,0,NA,0
11327003400,11327,"越生町","34","城山城跡","城跡",35.9740488159783,139.23239671741,0,0,0,0,0,0,1,0,NA,0
11341003200,11341,"滑川町","32","鎌倉街道","その他",36.0832580450269,139.368825695997,0,0,0,1,0,0,1,0,NA,0
11341005100,11341,"滑川町","51","谷城遺跡","城跡",36.0711235975894,139.373887129946,0,0,0,0,0,0,1,0,NA,0
11341008000,11341,"滑川町","80","山田遺跡","集落跡 城跡",36.0693966213087,139.36578908653,0,1,0,1,1,1,1,0,NA,0
11341032500,11341,"滑川町","325","堀ノ内III遺跡","城跡",36.0579017950691,139.36500590489,0,0,0,0,0,0,1,0,NA,0
11341036400,11341,"滑川町","364","水房館","その他",36.0563557844732,139.339598809321,0,0,0,0,0,0,1,0,NA,0
11342000100,11342,"嵐山町","1","菅谷館跡","集落跡",36.0358462381805,139.322300429748,0,0,0,0,0,0,1,0,NA,0
11342000200,11342,"嵐山町","2","大倉館跡","集落跡",36.0284961198866,139.329172985863,0,0,0,0,0,1,1,0,NA,0
11342000400,11342,"嵐山町","4","杉山城跡","集落跡",36.0622386929755,139.312325470621,0,0,0,0,0,0,1,0,NA,0
11342000500,11342,"嵐山町","5","旧平沢寺僧坊跡群","経塚 寺院跡",36.0437721575368,139.306873090438,0,0,0,0,0,1,1,0,NA,0
11342000700,11342,"嵐山町","7","越畑城跡","城跡",36.0731887567877,139.303525694242,0,0,0,0,0,0,1,0,NA,0
11342002000,11342,"嵐山町","20","山根遺跡","集落跡",36.0384990777816,139.300330616294,0,1,0,0,1,1,1,0,NA,0
11342003200,11342,"嵐山町","32","山王古墳群","古墳群 墓 その他",36.0361352382224,139.318055417953,0,0,0,1,0,0,1,0,NA,0
11342006500,11342,"嵐山町","65","石橋坊跡","寺院跡",36.0231519086824,139.305763205504,0,0,0,0,0,0,1,1,NA,0
11342006700,11342,"嵐山町","67","平沢寺僧坊跡群","寺院跡",36.0466650416006,139.305567847927,0,0,0,0,0,1,1,0,NA,0
11342008200,11342,"嵐山町","82","行司免遺跡","集落跡 古墳群",36.0295130259359,139.326947655942,0,1,0,1,0,0,1,0,NA,0
11342009000,11342,"嵐山町","90","小栗遺跡","寺院跡",36.0709226270924,139.308430301912,0,0,0,0,0,1,1,0,NA,0
11342009700,11342,"嵐山町","97","深沢遺跡","集落跡",36.0529867029914,139.317573033599,0,1,0,0,0,1,1,0,NA,0
11342010000,11342,"嵐山町","100","宮ノ裏遺跡","寺院跡",36.0282463185176,139.326762554853,0,0,0,0,0,0,1,0,NA,0
11346001700,11346,"川島町","17","美尾屋十郎広徳館","城跡",35.9798690608185,139.504321991517,0,0,0,0,0,0,1,0,NA,0
11346002100,11346,"川島町","21","元宿遺跡","集落跡",35.9869535300366,139.499495927562,0,0,0,1,1,1,1,1,NA,0
11347000200,11347,"吉見町","2","松山城跡","城跡",36.0371315616815,139.421484749627,0,0,0,0,0,0,1,0,NA,0
11347000600,11347,"吉見町","6","根古屋遺跡","集落跡 古墳",36.0386473535178,139.436764889715,0,1,0,1,1,1,1,0,NA,0
11347003500,11347,"吉見町","35","源範頼館跡","その他",36.0666236812991,139.436292116891,0,0,0,0,0,1,1,0,NA,0
11347006800,11347,"吉見町","68","合田遺跡","その他",36.0574393882988,139.430963461212,0,0,0,0,1,1,1,0,NA,0
11347006900,11347,"吉見町","69","七軒遺跡","集落跡",36.0585381550479,139.418351592923,0,0,0,0,1,1,1,0,NA,0
11347007000,11347,"吉見町","70","芝田遺跡","集落跡",36.0283274298664,139.434700223706,0,0,0,0,1,1,1,0,NA,0
11347007100,11347,"吉見町","71","志久遺跡","集落跡",36.0441887895189,139.427533537721,0,0,0,0,1,1,1,0,NA,0
11347007500,11347,"吉見町","75","権現遺跡","集落跡 その他",36.0414316173529,139.422477932881,0,0,0,0,0,1,1,0,NA,0
11347008000,11347,"吉見町","80","中通遺跡","集落跡",36.0544890342771,139.440201971361,0,0,0,1,1,1,1,0,NA,0
11347009000,11347,"吉見町","90","定光坊遺跡","集落跡",36.0693314737777,139.437529061006,0,0,0,1,1,1,1,0,NA,0
11347009300,11347,"吉見町","93","赤城遺跡","集落跡",36.0471346147098,139.467433308779,0,1,0,1,1,1,1,0,NA,0
11347009400,11347,"吉見町","94","西谷町遺跡","集落跡",36.039689614839,139.424079257782,0,0,0,0,0,1,1,0,NA,0
11347009600,11347,"吉見町","96","竹ノ花遺跡","集落跡",36.0515552088935,139.44624891584,0,0,0,0,0,1,1,0,NA,0
11347009900,11347,"吉見町","99","本田通遺跡","集落跡",36.0461069280021,139.44681937416,0,0,0,0,0,1,1,0,NA,0
11347010000,11347,"吉見町","100","谷口遺跡","集落跡",36.0478438113335,139.433230710836,0,0,0,0,0,1,1,0,NA,0
11347010100,11347,"吉見町","101","諏訪遺跡","集落跡 その他",36.0477605356356,139.433376623072,0,0,0,1,1,1,1,0,NA,0
11347010300,11347,"吉見町","103","谷中遺跡","集落跡",36.0467867625826,139.444620038333,0,0,0,0,0,1,1,0,NA,0
11347010400,11347,"吉見町","104","下銀谷遺跡","集落跡",36.0526273247201,139.447926910646,0,0,0,0,0,1,1,0,NA,0
11347010700,11347,"吉見町","107","外宮遺跡","集落跡",36.0698173437527,139.432207015991,0,0,0,1,1,1,1,0,NA,0
11347010800,11347,"吉見町","108","天神前Ｃ遺跡","集落跡 その他",36.0392728287287,139.44924107666,0,0,0,1,1,1,1,0,NA,0
11347010900,11347,"吉見町","109","七ノ谷遺跡","集落跡",36.0373065383231,139.446094315713,0,1,1,1,0,0,1,1,NA,0
11347011200,11347,"吉見町","112","羽黒遺跡","集落跡 その他",36.0451489701789,139.450731181781,0,1,0,1,0,0,1,0,NA,0
11347011300,11347,"吉見町","113","大串遺跡","集落跡 経塚 その他",36.0251634727763,139.458829358411,0,0,0,1,1,1,1,0,NA,0
11347011400,11347,"吉見町","114","川端遺跡","集落跡",36.0674409461584,139.443379587159,0,0,0,1,1,1,1,0,NA,0
11347011500,11347,"吉見町","115","久保田古墳群","古墳群 古墳 経塚",36.0577090457104,139.427149513761,0,0,0,1,0,0,1,0,NA,0
11347011900,11347,"吉見町","119","中曽根遺跡","集落跡",36.074897638073,139.442403980033,0,0,0,0,1,1,1,1,NA,0
11348004600,11348,"鳩山町","46","石田遺跡","集落跡 窯跡",35.9880144542367,139.339333077206,0,0,0,0,1,1,1,1,NA,0
11348004800,11348,"鳩山町","48","竹之城遺跡","古墳 城跡 散布地",35.9824035490547,139.337930590658,0,0,0,0,1,1,1,0,NA,0
11348005700,11348,"鳩山町","57","赤沼中遺跡","集落跡 その他",35.9780590363122,139.339254199161,0,0,0,0,1,1,1,0,NA,0
11348007600,11348,"鳩山町","76","小路谷遺跡","集落跡",35.9696234795406,139.343005397554,0,1,0,0,1,1,1,1,NA,0
11348007700,11348,"鳩山町","77","天神台遺跡","集落跡 寺院跡 散布地",35.9688737888215,139.344310101062,0,1,0,0,1,1,1,1,NA,0
11348007800,11348,"鳩山町","78","天神台東遺跡","集落跡",35.9690345155665,139.346438628206,0,1,1,0,1,1,1,1,NA,0
11348008200,11348,"鳩山町","82","赤沼高在家","集落跡 散布地",35.9722430489369,139.349299483447,0,0,1,0,1,1,1,0,NA,0
11348017500,11348,"鳩山町","175","城添遺跡","窯跡 墓 石造遺物",35.9869796166725,139.313529106841,0,0,0,0,1,1,1,0,NA,0
11348020800,11348,"鳩山町","208","四反田遺跡","墓 石造遺物",35.9713502753209,139.34087169977,0,0,0,0,0,0,1,0,NA,0
11348021200,11348,"鳩山町","212","松木山下C遺跡","集落跡",35.9838535620347,139.324503823718,0,0,0,0,0,0,1,0,NA,0
11348021400,11348,"鳩山町","214","宿遺跡","集落跡",35.9681875024937,139.342804652733,0,0,0,0,0,0,1,1,NA,0
11348021600,11348,"鳩山町","216","榎堂遺跡","その他",35.9703853512456,139.335714103627,0,0,0,0,0,0,1,0,NA,0
11348021800,11348,"鳩山町","218","宿南遺跡","集落跡",35.9677429182729,139.34222100248,0,1,0,1,1,1,1,1,NA,0
11348022400,11348,"鳩山町","224","奥田埋蔵銭出土地","その他",36.0045287059271,139.333246053423,0,0,0,0,0,0,1,0,NA,0
11349410800,11349,"ときがわ町","41-008","栗ヶ谷戸No.1遺跡","",36.0228482248733,139.270905023154,0,1,0,1,1,1,1,0,NA,0
11349411000,11349,"ときがわ町","41-010","栗ヶ谷戸No.3遺跡","",36.0230347063641,139.268778503381,0,1,0,1,1,1,1,0,NA,0
11349411100,11349,"ときがわ町","41-011","玉川陣屋跡","",36.0124856440286,139.293719380392,0,1,0,0,0,1,1,1,NA,0
11349411500,11349,"ときがわ町","41-015","地家遺跡","",36.0139852660924,139.298937886514,0,1,0,0,0,0,1,0,NA,0
11349412200,11349,"ときがわ町","41-022","小倉城跡","",36.0324886532775,139.29685585784,0,0,0,0,0,0,1,0,NA,0
11349412300,11349,"ときがわ町","41-023","堀の内遺跡","",36.0144958454551,139.296355377565,0,1,0,0,0,0,1,0,NA,0
11349412700,11349,"ときがわ町","41-027","坪ノ内遺跡","",36.0232616426531,139.303641411123,0,1,0,0,0,1,1,0,NA,0
11349413000,11349,"ときがわ町","41-030","小倉遺跡","",36.0115796260719,139.30694954471,0,1,0,0,0,1,1,0,NA,0
11349413300,11349,"ときがわ町","41-033","春日神社前遺跡","",36.0151516169397,139.299075216139,0,1,0,0,0,0,1,0,NA,0
11349413900,11349,"ときがわ町","41-039","薬師堂遺跡","",35.999366952764,139.302427202678,0,0,0,0,0,1,1,0,NA,0
11349414100,11349,"ときがわ町","41-041","向原遺跡","",36.0034220881878,139.299543289712,0,0,0,0,0,0,1,0,NA,0
11349414200,11349,"ときがわ町","41-042","一ト市遺跡","",36.0028627146219,139.302179570929,0,1,0,0,0,1,1,0,NA,0
11349414600,11349,"ときがわ町","41-046","物見山遺跡","",36.020097773767,139.282513224618,0,0,0,0,0,0,1,0,NA,0
11349414800,11349,"ときがわ町","41-048","五明畑遺跡","",36.0271719219423,139.27917259897,0,0,0,0,0,0,1,1,NA,0
11349414900,11349,"ときがわ町","41-049","山王山遺跡","",36.0202843835411,139.264512226893,0,1,0,0,0,1,1,0,NA,0
11349416000,11349,"ときがわ町","41-060","破岩遺跡","",36.0097296832803,139.308376210345,0,1,0,0,1,1,1,0,NA,0
11349416400,11349,"ときがわ町","41-064","小北遺跡","",36.0240175651658,139.284473155229,0,0,0,0,0,0,1,0,NA,0
11349416800,11349,"ときがわ町","41-068","栗ヶ谷戸No.4遺跡","",36.0143495250533,139.291988932102,0,0,0,0,0,0,1,0,NA,0
11349417700,11349,"ときがわ町","41-077","大福寺東遺跡","",36.0007758453748,139.298503802868,0,1,0,0,0,0,1,0,NA,0
11349417800,11349,"ときがわ町","41-078","堀ノ館跡","",36.0318618598567,139.298902492612,0,1,0,0,0,0,1,0,NA,0
11349420200,11349,"ときがわ町","42-002","八幡遺跡","",36.000122,139.262665,0,1,0,0,0,0,1,0,NA,0
11349421900,11349,"ときがわ町","42-019","旧慈光寺跡","",36.0006988657571,139.22762420865,0,0,0,0,0,1,1,1,NA,0
11349422300,11349,"ときがわ町","42-023","多武峰瓦塔遺跡","",35.9906253617072,139.23584904512,0,0,0,0,0,1,1,0,NA,0
11349422700,11349,"ときがわ町","42-027","橋倉城","",35.9764651631998,139.221946915356,0,0,0,0,0,0,1,0,NA,0
11361000300,11361,"横瀬町","3","寺坂遺跡","集落跡 その他",35.9897912573499,139.1072875273,0,0,0,0,0,0,1,0,NA,0
11361001000,11361,"横瀬町","10","古御嶽城跡","城跡",35.9644200322998,139.111645276361,0,0,0,0,0,0,1,0,NA,0
11361001200,11361,"横瀬町","12","武甲山石灰岩特殊植物群落","その他",35.9564622280894,139.098153891621,0,1,0,0,0,0,1,0,NA,0
11361001500,11361,"横瀬町","15","武甲山山頂遺跡","祭祀",35.9513642704682,139.097725668968,0,0,0,0,0,0,1,1,NA,0
11361001700,11361,"横瀬町","17","伝万福寺跡","寺院跡",35.9965984981222,139.095317224915,0,0,0,0,0,0,1,0,NA,0
11361004400,11361,"横瀬町","44","長淵城址","城跡",35.958282008064,139.161868540805,0,0,0,0,0,0,1,0,NA,0
11362000400,11362,"皆野町","4","若林館","城跡",36.1149633245126,139.07033805011,0,0,0,0,0,0,1,1,NA,0
11362000600,11362,"皆野町","6","金沢城跡","城跡",36.1111327534502,139.044393652798,0,0,0,0,0,0,1,0,NA,0
11362001000,11362,"皆野町","10","設楽氏館","その他",36.1018328317263,139.085583063429,0,0,0,0,0,0,1,0,NA,0
11362001900,11362,"皆野町","19","高松城","城跡",36.0866881051898,139.073215068362,0,0,0,0,0,0,1,0,NA,0
11362002100,11362,"皆野町","21","根岸山砦跡","城跡",36.0851888729444,139.107432057712,0,0,0,0,0,0,1,0,NA,0
11362003200,11362,"皆野町","32","皆野館","城跡",36.0806973567294,139.117412688923,0,0,0,0,0,0,1,0,NA,0
11362003300,11362,"皆野町","33","宮寺院推定地","寺院跡",36.083488737658,139.051165397121,0,0,0,0,0,0,1,0,NA,0
11362004200,11362,"皆野町","42","柳井戸遺跡","集落跡　散布地",36.0796896756868,139.11382604615,0,0,0,0,0,0,1,0,NA,0
11362005100,11362,"皆野町","51","龍が谷城跡","城跡",36.0732648968415,139.124380350914,0,0,0,0,0,0,1,0,NA,0
11362005900,11362,"皆野町","59","小池氏館跡","城跡　その他",36.0622359386041,139.098556579005,0,0,0,0,0,0,1,0,NA,0
11362007300,11362,"皆野町","73","妙音寺跡","墓　寺院跡",36.0756428198978,139.119923626469,0,0,0,0,0,0,1,0,NA,0
11362007900,11362,"皆野町","79","天神砦","城跡",36.0841268919227,139.07684594147,0,0,0,0,0,0,1,0,NA,0
11362008000,11362,"皆野町","80","旗塚","城跡",36.0805696647498,139.073881445839,0,0,0,0,0,0,1,0,NA,0
11362009600,11362,"皆野町","96","摩尼山延命寺跡","寺院跡",36.0775082910037,139.112362661139,0,0,0,0,0,0,1,0,NA,0
11362011500,11362,"皆野町","115","八幡山福王寺跡","寺院跡",36.0632431903663,139.099972346383,0,0,0,0,0,0,1,1,NA,0
11362011900,11362,"皆野町","119","宝珠寺跡","寺院跡",36.0692098843323,139.090084649368,0,0,0,0,0,0,1,0,NA,0
11362013100,11362,"皆野町","131","薬師免遺跡","墓",36.0673929633824,139.139671376911,0,0,0,0,0,0,1,0,NA,0
11362013900,11362,"皆野町","139","森王山大泉院跡","寺院跡",36.039907583088,139.135366675834,0,0,0,0,0,0,1,0,NA,0
11362014400,11362,"皆野町","144","光福寺跡","寺院跡",36.0859251499247,139.032680796409,0,0,0,0,0,0,1,1,NA,0
11362014600,11362,"皆野町","146","良泉寺跡","寺院跡",36.0907711558708,139.047023188549,0,0,0,0,0,0,1,1,NA,0
11362014700,11362,"皆野町","147","養命寺跡","寺院跡",36.0915866524633,139.055052503841,0,0,0,0,0,0,1,0,NA,0
11362015000,11362,"皆野町","150","薬王寺開基墓","墓",36.0664508719888,139.073241051245,0,0,0,0,0,0,1,0,NA,0
11362016200,11362,"皆野町","162","根古屋Ⅱ遺跡","散布地",36.085254854057,139.077716463255,0,0,0,1,0,0,1,0,NA,0
11362016400,11362,"皆野町","164","宮地墓地","墓",36.0830351979507,139.081596010112,0,0,0,0,0,0,1,0,NA,0
11362016500,11362,"皆野町","165","正法寺観音堂跡","寺院跡",36.0986797612683,139.078945429823,0,0,0,0,0,0,1,0,NA,0
11362016600,11362,"皆野町","166","伝西光寺跡","寺院跡",36.1032290879446,139.080799373218,0,0,0,0,0,0,1,0,NA,0
11362016900,11362,"皆野町","169","祥雲寺跡","寺院跡",36.1182225684322,139.062183595974,0,0,0,0,0,0,1,0,NA,0
11362017000,11362,"皆野町","170","大龍寺跡","寺院跡",36.0861245596152,139.063765343761,0,0,0,0,0,0,1,0,NA,0
11362017300,11362,"皆野町","173","ぎぎゅう堂跡","寺院跡",36.1042831623243,139.078464778753,0,0,0,0,0,0,1,0,NA,0
11363502900,11363,"長瀞町","29","天神山城","城跡",36.1199091516794,139.117017649938,0,0,0,0,0,0,1,0,NA,0
11363504200,11363,"長瀞町","42","中山城跡","城跡",36.1393808255711,139.126427825574,0,0,0,0,0,0,1,0,NA,0
11365401100,11365,"小鹿野町","11","小鹿野氏館跡","城跡",36.0185072919934,139.010078281238,0,0,0,0,0,0,1,0,NA,0
11365401300,11365,"小鹿野町","13","長留屋敷跡","城跡",35.9872095833378,139.035031532334,0,0,0,0,0,0,1,1,NA,0
11365401400,11365,"小鹿野町","14","日尾城跡","城跡",36.068958,138.939041,0,0,0,0,0,0,1,0,NA,0
11365401500,11365,"小鹿野町","15","奈倉館跡","城跡",36.0225105672444,139.044123397991,0,0,0,0,0,0,1,0,NA,0
11365401600,11365,"小鹿野町","16","鷲窟磨崖仏","",36.068958,138.939041,0,0,0,0,0,1,1,0,NA,0
11365403800,11365,"小鹿野町","38","鷹谷砦跡","城跡",36.0332585123468,138.921715428502,0,0,0,0,0,0,1,0,NA,0
11365404300,11365,"小鹿野町","43","日尾城根古屋伝承地","集落跡",36.068958,138.939041,0,0,0,0,0,0,1,1,NA,0
11365404400,11365,"小鹿野町","44","日尾城小口郭","",36.068958,138.939041,0,0,0,0,0,0,1,0,NA,0
11365404800,11365,"小鹿野町","48","","散布地",36.0217082075029,139.04196329979,0,0,0,0,0,0,1,1,NA,0
11365405700,11365,"小鹿野町","57","","散布地",36.0186385070794,139.037212781214,0,0,0,0,1,1,1,0,NA,0
11365406300,11365,"小鹿野町","63","小鹿原道下遺跡","古墳群",36.0112044927867,139.036404511744,0,1,0,0,1,1,1,1,NA,0
11365408000,11365,"小鹿野町","80","","散布地",36.0075908787778,139.022744926874,0,1,0,0,0,0,1,0,NA,0
11365409000,11365,"小鹿野町","90","","散布地",36.0148156801844,139.016174707898,0,1,0,0,1,1,1,0,NA,0
11365410000,11365,"小鹿野町","100","","散布地",36.0144020504789,139.043059099287,0,0,0,0,0,0,1,0,NA,0
11365410200,11365,"小鹿野町","102","","散布地",36.0085006371848,139.040012109846,0,0,0,0,1,1,1,0,NA,0
11365410400,11365,"小鹿野町","104","","散布地",36.0053755440646,139.03540918422,0,0,0,0,0,0,1,0,NA,0
11365500500,11365,"小鹿野町","5","薄氏館跡","城跡",36.0071486194972,138.974506206839,0,0,0,0,0,0,1,0,NA,0
11365500700,11365,"小鹿野町","7","塩沢城跡","城跡",35.9971767364811,138.934753352057,0,0,0,0,0,0,1,0,NA,0
11369000900,11369,"東秩父村","9","大河原氏館跡","その他",36.0512221757897,139.204854539369,0,0,0,0,0,1,1,0,NA,0
11369001500,11369,"東秩父村","15","鍛冶屋遺跡","その他",36.057024500584,139.178835663742,0,0,0,0,0,0,1,0,NA,0
