uid,t,ProxyLon,ProxyLat,error
1539-1430,中区NO.15,139.662453135,35.413087095,"uid=1539-1430 の詳細属性を確認できません。 item_count=0, attribute_count=0"
2415-1430,中区NO.29,139.65423071,35.434514355,"uid=2415-1430 の詳細属性を確認できません。 item_count=0, attribute_count=0"
2100-1430,保土ヶ谷区NO.66,139.56985546,35.44193923,"uid=2100-1430 の詳細属性を確認できません。 item_count=0, attribute_count=0"
2386-1430,南区NO.26,139.595560247353,35.4265179358254,"uid=2386-1430 の詳細属性を確認できません。 item_count=0, attribute_count=0"
2388-1430,南区NO.36,139.595192025,35.41572865,"uid=2388-1430 の詳細属性を確認できません。 item_count=0, attribute_count=0"
2389-1430,南区NO.44,139.613932025,35.42366815,"uid=2389-1430 の詳細属性を確認できません。 item_count=12, attribute_count=12"
2030-1430,南区NO.7,139.6078557,35.434292545,"uid=2030-1430 の詳細属性を確認できません。 item_count=0, attribute_count=0"
847-1430,戸塚区NO.110,139.54367881,35.389713855,"uid=847-1430 の詳細属性を確認できません。 item_count=0, attribute_count=0"
849-1430,戸塚区NO.121,139.559139085,35.40092516,"uid=849-1430 の詳細属性を確認できません。 item_count=0, attribute_count=0"
850-1430,戸塚区NO.121,139.558046865,35.400498375,"uid=850-1430 の詳細属性を確認できません。 item_count=0, attribute_count=0"
851-1430,戸塚区NO.121,139.558179405,35.40070995,"uid=851-1430 の詳細属性を確認できません。 item_count=0, attribute_count=0"
852-1430,戸塚区NO.121,139.557716335,35.40014241,"uid=852-1430 の詳細属性を確認できません。 item_count=0, attribute_count=0"
867-1430,戸塚区NO.122,139.559828005,35.39679924,"uid=867-1430 の詳細属性を確認できません。 item_count=0, attribute_count=0"
868-1430,戸塚区NO.132,139.55175181,35.39400514,"uid=868-1430 の詳細属性を確認できません。 item_count=0, attribute_count=0"
864-1430,戸塚区NO.134,139.55328068,35.389704605,"uid=864-1430 の詳細属性を確認できません。 item_count=0, attribute_count=0"
879-1430,戸塚区NO.164,139.509929545,35.374024815,"uid=879-1430 の詳細属性を確認できません。 item_count=12, attribute_count=12"
882-1430,戸塚区NO.166,139.51811631,35.37522816,"uid=882-1430 の詳細属性を確認できません。 item_count=0, attribute_count=0"
2292-1430,戸塚区NO.168,139.51937694,35.374845685,"uid=2292-1430 の詳細属性を確認できません。 item_count=0, attribute_count=0"
873-1430,戸塚区NO.171,139.513770935,35.367560985,"uid=873-1430 の詳細属性を確認できません。 item_count=0, attribute_count=0"
874-1430,戸塚区NO.172,139.514404745,35.36733053,"uid=874-1430 の詳細属性を確認できません。 item_count=0, attribute_count=0"
768-1430,戸塚区NO.178,139.555274175,35.386246155,"uid=768-1430 の詳細属性を確認できません。 item_count=0, attribute_count=0"
767-1430,戸塚区NO.179,139.555567395,35.383352015,"uid=767-1430 の詳細属性を確認できません。 item_count=0, attribute_count=0"
799-1430,戸塚区NO.37,139.5567038,35.429095725,"uid=799-1430 の詳細属性を確認できません。 item_count=0, attribute_count=0"
813-1430,戸塚区NO.53,139.555336955,35.41467782,"uid=813-1430 の詳細属性を確認できません。 item_count=0, attribute_count=0"
815-1430,戸塚区NO.57,139.548352775,35.417904285,"uid=815-1430 の詳細属性を確認できません。 item_count=0, attribute_count=0"
780-1430,戸塚区NO.6,139.55643039,35.43489541,"uid=780-1430 の詳細属性を確認できません。 item_count=0, attribute_count=0"
781-1430,戸塚区NO.7,139.55895971,35.436495445,"uid=781-1430 の詳細属性を確認できません。 item_count=0, attribute_count=0"
824-1430,戸塚区NO.82,139.53552518,35.402275475,"uid=824-1430 の詳細属性を確認できません。 item_count=0, attribute_count=0"
823-1430,戸塚区NO.86,139.526904375,35.39794449,"uid=823-1430 の詳細属性を確認できません。 item_count=0, attribute_count=0"
828-1430,戸塚区NO.89,139.54552616,35.405504005,"uid=828-1430 の詳細属性を確認できません。 item_count=0, attribute_count=0"
845-1430,戸塚区NO.91,139.54667789,35.402611095,"uid=845-1430 の詳細属性を確認できません。 item_count=0, attribute_count=0"
618-1430,旭区NO.101,139.513928,35.46394797,"uid=618-1430 の詳細属性を確認できません。 item_count=0, attribute_count=0"
645-1430,旭区NO.141,139.51126055,35.450517765,"uid=645-1430 の詳細属性を確認できません。 item_count=0, attribute_count=0"
644-1430,旭区NO.157,139.5637823,35.460687195,"uid=644-1430 の詳細属性を確認できません。 item_count=0, attribute_count=0"
542-1430,旭区NO.16,139.499861395,35.490573025,"uid=542-1430 の詳細属性を確認できません。 item_count=0, attribute_count=0"
556-1430,旭区NO.35,139.527298595,35.499655955,"uid=556-1430 の詳細属性を確認できません。 item_count=0, attribute_count=0"
2238-1430,旭区NO.95,139.534093525,35.476072695,"uid=2238-1430 の詳細属性を確認できません。 item_count=0, attribute_count=0"
2265-1430,栄区NO.104,139.562304505,35.346479185,"uid=2265-1430 の詳細属性を確認できません。 item_count=0, attribute_count=0"
2249-1430,栄区NO.15,139.54476234,35.36429772,"uid=2249-1430 の詳細属性を確認できません。 item_count=0, attribute_count=0"
2250-1430,栄区NO.15,139.54465002,35.36422024,"uid=2250-1430 の詳細属性を確認できません。 item_count=0, attribute_count=0"
2248-1430,栄区NO.17,139.537442705,35.364779075,"uid=2248-1430 の詳細属性を確認できません。 item_count=0, attribute_count=0"
685-1430,栄区NO.2,139.53530773,35.370921265,"uid=685-1430 の詳細属性を確認できません。 item_count=0, attribute_count=0"
696-1430,栄区NO.25,139.555430225,35.366018695,"uid=696-1430 の詳細属性を確認できません。 item_count=0, attribute_count=0"
2420-1430,栄区NO.28,139.563240265,35.36672618,"uid=2420-1430 の詳細属性を確認できません。 item_count=0, attribute_count=0"
2255-1430,栄区NO.31,139.560423575,35.365813675,"uid=2255-1430 の詳細属性を確認できません。 item_count=0, attribute_count=0"
2257-1430,栄区NO.32,139.5590987,35.364945135,"uid=2257-1430 の詳細属性を確認できません。 item_count=0, attribute_count=0"
2256-1430,栄区NO.33,139.56000472,35.364688,"uid=2256-1430 の詳細属性を確認できません。 item_count=0, attribute_count=0"
2252-1430,栄区NO.35,139.569214265,35.368923345,"uid=2252-1430 の詳細属性を確認できません。 item_count=0, attribute_count=0"
2253-1430,栄区NO.36,139.569411345,35.36830572,"uid=2253-1430 の詳細属性を確認できません。 item_count=0, attribute_count=0"
2258-1430,栄区NO.37,139.569453455,35.36680249,"uid=2258-1430 の詳細属性を確認できません。 item_count=0, attribute_count=0"
2259-1430,栄区NO.41,139.571697935,35.36660901,"uid=2259-1430 の詳細属性を確認できません。 item_count=0, attribute_count=0"
2260-1430,栄区NO.47,139.53908632,35.36240646,"uid=2260-1430 の詳細属性を確認できません。 item_count=0, attribute_count=0"
2261-1430,栄区NO.48,139.54088986,35.361226485,"uid=2261-1430 の詳細属性を確認できません。 item_count=0, attribute_count=0"
701-1430,栄区NO.49,139.525113765,35.35955877,"uid=701-1430 の詳細属性を確認できません。 item_count=0, attribute_count=0"
703-1430,栄区NO.51,139.527862395,35.357546095,"uid=703-1430 の詳細属性を確認できません。 item_count=0, attribute_count=0"
2262-1430,栄区NO.59,139.557903995,35.35780091,"uid=2262-1430 の詳細属性を確認できません。 item_count=0, attribute_count=0"
710-1430,栄区NO.61,139.558475905,35.35828415,"uid=710-1430 の詳細属性を確認できません。 item_count=0, attribute_count=0"
718-1430,栄区NO.67,139.552267055,35.353432265,"uid=718-1430 の詳細属性を確認できません。 item_count=0, attribute_count=0"
2247-1430,栄区NO.7,139.53416511,35.36589331,"uid=2247-1430 の詳細属性を確認できません。 item_count=0, attribute_count=0"
2264-1430,栄区NO.76,139.56509124,35.348363405,"uid=2264-1430 の詳細属性を確認できません。 item_count=0, attribute_count=0"
2267-1430,栄区NO.92,139.58243242,35.356777475,"uid=2267-1430 の詳細属性を確認できません。 item_count=0, attribute_count=0"
730-1430,栄区NO.99,139.588483745,35.36100406,"uid=730-1430 の詳細属性を確認できません。 item_count=0, attribute_count=0"
2356-1430,泉区NO.15,139.53092053,35.437240185,"uid=2356-1430 の詳細属性を確認できません。 item_count=0, attribute_count=0"
1485-1430,泉区NO.24,139.50712641,35.427883235,"uid=1485-1430 の詳細属性を確認できません。 item_count=0, attribute_count=0"
1506-1430,泉区NO.41,139.528124545,35.42717903,"uid=1506-1430 の詳細属性を確認できません。 item_count=0, attribute_count=0"
1499-1430,泉区NO.42,139.527890635,35.427422065,"uid=1499-1430 の詳細属性を確認できません。 item_count=0, attribute_count=0"
1500-1430,泉区NO.43,139.528475075,35.425677645,"uid=1500-1430 の詳細属性を確認できません。 item_count=0, attribute_count=0"
430-1430,泉区NO.44,139.52754031,35.42478508,"uid=430-1430 の詳細属性を確認できません。 item_count=0, attribute_count=0"
1495-1430,泉区NO.45,139.517439575,35.422517785,"uid=1495-1430 の詳細属性を確認できません。 item_count=0, attribute_count=0"
1490-1430,泉区NO.50,139.51275148,35.421661355,"uid=1490-1430 の詳細属性を確認できません。 item_count=0, attribute_count=0"
1026-1430,港北区NO.107,139.60477835,35.531055995,"uid=1026-1430 の詳細属性を確認できません。 item_count=0, attribute_count=0"
1044-1430,港北区NO.121,139.607558145,35.52372345,"uid=1044-1430 の詳細属性を確認できません。 item_count=0, attribute_count=0"
2311-1430,港北区NO.122,139.611214135,35.525578555,"uid=2311-1430 の詳細属性を確認できません。 item_count=0, attribute_count=0"
2312-1430,港北区NO.123,139.610944625,35.52492117,"uid=2312-1430 の詳細属性を確認できません。 item_count=0, attribute_count=0"
2313-1430,港北区NO.124,139.609366175,35.522725085,"uid=2313-1430 の詳細属性を確認できません。 item_count=0, attribute_count=0"
2318-1430,港北区NO.128,139.645266655,35.54386756,"uid=2318-1430 の詳細属性を確認できません。 item_count=0, attribute_count=0"
2314-1430,港北区NO.129,139.624203675,35.53887243,"uid=2314-1430 の詳細属性を確認できません。 item_count=0, attribute_count=0"
1052-1430,港北区NO.131,139.6252638,35.54032658,"uid=1052-1430 の詳細属性を確認できません。 item_count=0, attribute_count=0"
2315-1430,港北区NO.134,139.625914005,35.538784425,"uid=2315-1430 の詳細属性を確認できません。 item_count=0, attribute_count=0"
1060-1430,港北区NO.135,139.634735045,35.53803477,"uid=1060-1430 の詳細属性を確認できません。 item_count=0, attribute_count=0"
1058-1430,港北区NO.137,139.63872379,35.535977155,"uid=1058-1430 の詳細属性を確認できません。 item_count=0, attribute_count=0"
2317-1430,港北区NO.145,139.62757694,35.523202555,"uid=2317-1430 の詳細属性を確認できません。 item_count=0, attribute_count=0"
2320-1430,港北区NO.153,139.613098455,35.52122368,"uid=2320-1430 の詳細属性を確認できません。 item_count=0, attribute_count=0"
1100-1430,港北区NO.171,139.600516975,35.50253864,"uid=1100-1430 の詳細属性を確認できません。 item_count=0, attribute_count=0"
2237-1430,港北区NO.178,139.59117195,35.49989635,"uid=2237-1430 の詳細属性を確認できません。 item_count=0, attribute_count=0"
1117-1430,港北区NO.197,139.63819754,35.51006228,"uid=1117-1430 の詳細属性を確認できません。 item_count=0, attribute_count=0"
2306-1430,港北区NO.22,139.633242265,35.54540685,"uid=2306-1430 の詳細属性を確認できません。 item_count=0, attribute_count=0"
973-1430,港北区NO.247,139.65277271,35.547603295,"uid=973-1430 の詳細属性を確認できません。 item_count=0, attribute_count=0"
976-1430,港北区NO.248,139.653653805,35.54521747,"uid=976-1430 の詳細属性を確認できません。 item_count=0, attribute_count=0"
2305-1430,港北区NO.32,139.641524795,35.548007245,"uid=2305-1430 の詳細属性を確認できません。 item_count=0, attribute_count=0"
2302-1430,港北区NO.33,139.650489,35.556204265,"uid=2302-1430 の詳細属性を確認できません。 item_count=0, attribute_count=0"
979-1430,港北区NO.40,139.644381085,35.54688466,"uid=979-1430 の詳細属性を確認できません。 item_count=0, attribute_count=0"
981-1430,港北区NO.41,139.64478608,35.544981555,"uid=981-1430 の詳細属性を確認できません。 item_count=0, attribute_count=0"
966-1430,港北区NO.43,139.66026333,35.5513119,"uid=966-1430 の詳細属性を確認できません。 item_count=0, attribute_count=0"
969-1430,港北区NO.47,139.65489485,35.549328345,"uid=969-1430 の詳細属性を確認できません。 item_count=0, attribute_count=0"
975-1430,港北区NO.51,139.65382119,35.545347815,"uid=975-1430 の詳細属性を確認できません。 item_count=12, attribute_count=12"
2304-1430,港北区NO.52,139.655814575,35.545676585,"uid=2304-1430 の詳細属性を確認できません。 item_count=0, attribute_count=0"
994-1430,港北区NO.55,139.611737235,35.54318137,"uid=994-1430 の詳細属性を確認できません。 item_count=0, attribute_count=0"
2309-1430,港北区NO.73,139.620725435,35.5381732,"uid=2309-1430 の詳細属性を確認できません。 item_count=0, attribute_count=0"
2310-1430,港北区NO.74,139.622486805,35.538567985,"uid=2310-1430 の詳細属性を確認できません。 item_count=0, attribute_count=0"
2308-1430,港北区NO.79,139.617637345,35.537702555,"uid=2308-1430 の詳細属性を確認できません。 item_count=0, attribute_count=0"
2307-1430,港北区NO.94,139.61346279,35.5292107,"uid=2307-1430 の詳細属性を確認できません。 item_count=12, attribute_count=12"
2299-1430,港南区NO.102,139.568303295,35.370608305,"uid=2299-1430 の詳細属性を確認できません。 item_count=0, attribute_count=0"
2298-1430,港南区NO.106,139.57619157,35.36601462,"uid=2298-1430 の詳細属性を確認できません。 item_count=0, attribute_count=0"
2301-1430,港南区NO.126,139.58627914,35.370820855,"uid=2301-1430 の詳細属性を確認できません。 item_count=0, attribute_count=0"
908-1430,港南区NO.24,139.56099716,35.39967134,"uid=908-1430 の詳細属性を確認できません。 item_count=0, attribute_count=0"
917-1430,港南区NO.48,139.592622075,35.40775116,"uid=917-1430 の詳細属性を確認できません。 item_count=0, attribute_count=0"
939-1430,港南区NO.71,139.5571435,35.3817258,"uid=939-1430 の詳細属性を確認できません。 item_count=0, attribute_count=0"
2300-1430,港南区NO.89,139.58366459,35.38626325,"uid=2300-1430 の詳細属性を確認できません。 item_count=0, attribute_count=0"
2294-1430,港南区NO.90,139.585224055,35.384078555,"uid=2294-1430 の詳細属性を確認できません。 item_count=0, attribute_count=0"
2296-1430,港南区NO.93,139.579166115,35.380092465,"uid=2296-1430 の詳細属性を確認できません。 item_count=0, attribute_count=0"
2322-1430,瀬谷区NO.10,139.48249025,35.477571975,"uid=2322-1430 の詳細属性を確認できません。 item_count=0, attribute_count=0"
1224-1430,瀬谷区NO.15,139.484105435,35.47294245,"uid=1224-1430 の詳細属性を確認できません。 item_count=0, attribute_count=0"
2324-1430,瀬谷区NO.17,139.488934715,35.47051451,"uid=2324-1430 の詳細属性を確認できません。 item_count=0, attribute_count=0"
2323-1430,瀬谷区NO.25,139.48753998,35.4564174,"uid=2323-1430 の詳細属性を確認できません。 item_count=0, attribute_count=0"
655-1430,磯子区NO.1,139.61443085,35.417450445,"uid=655-1430 の詳細属性を確認できません。 item_count=0, attribute_count=0"
2240-1430,磯子区NO.16,139.624374305,35.41537085,"uid=2240-1430 の詳細属性を確認できません。 item_count=0, attribute_count=0"
2241-1430,磯子区NO.20,139.624354865,35.409758605,"uid=2241-1430 の詳細属性を確認できません。 item_count=0, attribute_count=0"
662-1430,磯子区NO.21,139.62094409,35.409629155,"uid=662-1430 の詳細属性を確認できません。 item_count=0, attribute_count=0"
2244-1430,磯子区NO.32,139.615516805,35.3938727,"uid=2244-1430 の詳細属性を確認できません。 item_count=0, attribute_count=0"
2239-1430,磯子区NO.40,139.6225708,35.410540575,"uid=2239-1430 の詳細属性を確認できません。 item_count=0, attribute_count=0"
2246-1430,磯子区NO.59,139.60621643,35.35527999,"uid=2246-1430 の詳細属性を確認できません。 item_count=0, attribute_count=0"
2321-1430,神奈川区NO.1,139.58162294,35.500077135,"uid=2321-1430 の詳細属性を確認できません。 item_count=12, attribute_count=12"
1208-1430,神奈川区NO.57,139.65589495,35.488490745,"uid=1208-1430 の詳細属性を確認できません。 item_count=0, attribute_count=0"
1166-1430,神奈川区NO.6,139.584600505,35.478263965,"uid=1166-1430 の詳細属性を確認できません。 item_count=0, attribute_count=0"
2417-1430,神奈川区NO.73,139.639007755,35.46829957,"uid=2417-1430 の詳細属性を確認できません。 item_count=0, attribute_count=0"
1193-1430,神奈川区NO.9,139.59117195,35.49989635,"uid=1193-1430 の詳細属性を確認できません。 item_count=0, attribute_count=0"
2393-1430,緑区NO.106,139.54057102,35.502181575,"uid=2393-1430 の詳細属性を確認できません。 item_count=0, attribute_count=0"
2395-1430,緑区NO.109,139.55087949,35.50352891,"uid=2395-1430 の詳細属性を確認できません。 item_count=0, attribute_count=0"
2396-1430,緑区NO.114,139.56804879,35.50462557,"uid=2396-1430 の詳細属性を確認できません。 item_count=0, attribute_count=0"
2397-1430,緑区NO.116,139.57208944,35.505949635,"uid=2397-1430 の詳細属性を確認できません。 item_count=0, attribute_count=0"
2398-1430,緑区NO.117,139.574739715,35.504073955,"uid=2398-1430 の詳細属性を確認できません。 item_count=0, attribute_count=0"
2217-1430,緑区NO.121,139.57424402,35.501834085,"uid=2217-1430 の詳細属性を確認できません。 item_count=0, attribute_count=0"
2232-1430,緑区NO.132,139.572008355,35.49609456,"uid=2232-1430 の詳細属性を確認できません。 item_count=0, attribute_count=0"
2230-1430,緑区NO.139,139.56900013,35.498697315,"uid=2230-1430 の詳細属性を確認できません。 item_count=0, attribute_count=0"
2194-1430,緑区NO.143,139.527298595,35.499655955,"uid=2194-1430 の詳細属性を確認できません。 item_count=0, attribute_count=0"
2138-1430,緑区NO.18,139.530962455,35.52686161,"uid=2138-1430 の詳細属性を確認できません。 item_count=0, attribute_count=0"
2143-1430,緑区NO.28,139.5406685,35.529448975,"uid=2143-1430 の詳細属性を確認できません。 item_count=0, attribute_count=0"
2390-1430,緑区NO.39,139.492707865,35.517941115,"uid=2390-1430 の詳細属性を確認できません。 item_count=0, attribute_count=0"
2391-1430,緑区NO.84,139.525524455,35.508391395,"uid=2391-1430 の詳細属性を確認できません。 item_count=0, attribute_count=0"
2325-1430,西区NO.1,139.61019467,35.464551275,"uid=2325-1430 の詳細属性を確認できません。 item_count=0, attribute_count=0"
2327-1430,西区NO.3,139.613509635,35.463910955,"uid=2327-1430 の詳細属性を確認できません。 item_count=0, attribute_count=0"
2328-1430,西区NO.4,139.61437638,35.46415098,"uid=2328-1430 の詳細属性を確認できません。 item_count=0, attribute_count=0"
1713-1430,都筑区NO.118,139.588968445,35.54760906,"uid=1713-1430 の詳細属性を確認できません。 item_count=0, attribute_count=0"
1720-1430,都筑区NO.121,139.594177055,35.54609496,"uid=1720-1430 の詳細属性を確認できません。 item_count=0, attribute_count=0"
2372-1430,都筑区NO.124,139.58606022,35.547550535,"uid=2372-1430 の詳細属性を確認できません。 item_count=0, attribute_count=0"
1701-1430,都筑区NO.125,139.596725155,35.55361448,"uid=1701-1430 の詳細属性を確認できません。 item_count=0, attribute_count=0"
1703-1430,都筑区NO.125,139.596640205,35.553652045,"uid=1703-1430 の詳細属性を確認できません。 item_count=0, attribute_count=0"
1702-1430,都筑区NO.126,139.597300545,35.55394563,"uid=1702-1430 の詳細属性を確認できません。 item_count=0, attribute_count=0"
2373-1430,都筑区NO.132,139.60516361,35.55489428,"uid=2373-1430 の詳細属性を確認できません。 item_count=0, attribute_count=0"
1758-1430,都筑区NO.147,139.560959615,35.540865325,"uid=1758-1430 の詳細属性を確認できません。 item_count=0, attribute_count=0"
2375-1430,都筑区NO.170,139.576775855,35.539285045,"uid=2375-1430 の詳細属性を確認できません。 item_count=0, attribute_count=0"
2374-1430,都筑区NO.194,139.554065035,35.531416215,"uid=2374-1430 の詳細属性を確認できません。 item_count=0, attribute_count=0"
1875-1430,都筑区NO.224,139.571859315,35.53575918,"uid=1875-1430 の詳細属性を確認できません。 item_count=0, attribute_count=0"
1915-1430,都筑区NO.317,139.60401514,35.538054575,"uid=1915-1430 の詳細属性を確認できません。 item_count=0, attribute_count=0"
1914-1430,都筑区NO.318,139.601723635,35.538514165,"uid=1914-1430 の詳細属性を確認できません。 item_count=0, attribute_count=0"
1952-1430,都筑区NO.374,139.598886835,35.528252665,"uid=1952-1430 の詳細属性を確認できません。 item_count=0, attribute_count=0"
1953-1430,都筑区NO.374,139.5987584,35.5275495,"uid=1953-1430 の詳細属性を確認できません。 item_count=0, attribute_count=0"
1954-1430,都筑区NO.374,139.598814065,35.52786831,"uid=1954-1430 の詳細属性を確認できません。 item_count=0, attribute_count=0"
1955-1430,都筑区NO.374,139.5985927,35.52722793,"uid=1955-1430 の詳細属性を確認できません。 item_count=0, attribute_count=0"
2376-1430,都筑区NO.390,139.55878421,35.5164885,"uid=2376-1430 の詳細属性を確認できません。 item_count=12, attribute_count=12"
2001-1430,都筑区NO.395,139.5583833,35.512649575,"uid=2001-1430 の詳細属性を確認できません。 item_count=12, attribute_count=12"
2377-1430,都筑区NO.403,139.56718729,35.516498215,"uid=2377-1430 の詳細属性を確認できません。 item_count=0, attribute_count=0"
2378-1430,都筑区NO.410,139.58435333,35.516468775,"uid=2378-1430 の詳細属性を確認できません。 item_count=0, attribute_count=0"
2381-1430,都筑区NO.421,139.589851,35.52096327,"uid=2381-1430 の詳細属性を確認できません。 item_count=0, attribute_count=0"
2382-1430,都筑区NO.423,139.592757585,35.521164035,"uid=2382-1430 の詳細属性を確認できません。 item_count=0, attribute_count=0"
2383-1430,都筑区NO.423,139.59364556,35.521194685,"uid=2383-1430 の詳細属性を確認できません。 item_count=0, attribute_count=0"
2384-1430,都筑区NO.424,139.59601027,35.521446945,"uid=2384-1430 の詳細属性を確認できません。 item_count=0, attribute_count=0"
2023-1430,都筑区NO.429,139.6045057,35.52012227,"uid=2023-1430 の詳細属性を確認できません。 item_count=0, attribute_count=0"
1657-1430,都筑区NO.56,139.58199469,35.54973322,"uid=1657-1430 の詳細属性を確認できません。 item_count=0, attribute_count=0"
1660-1430,都筑区NO.56,139.581778665,35.54972177,"uid=1660-1430 の詳細属性を確認できません。 item_count=0, attribute_count=0"
1658-1430,都筑区NO.59,139.582401105,35.549114445,"uid=1658-1430 の詳細属性を確認できません。 item_count=0, attribute_count=0"
1662-1430,都筑区NO.61,139.58489682,35.547023335,"uid=1662-1430 の詳細属性を確認できません。 item_count=0, attribute_count=0"
2271-1430,金沢区NO.13,139.610755875,35.34257104,"uid=2271-1430 の詳細属性を確認できません。 item_count=0, attribute_count=0"
2272-1430,金沢区NO.14,139.61442833,35.3440283,"uid=2272-1430 の詳細属性を確認できません。 item_count=0, attribute_count=0"
2273-1430,金沢区NO.15,139.61759606,35.34371798,"uid=2273-1430 の詳細属性を確認できません。 item_count=0, attribute_count=0"
738-1430,金沢区NO.17,139.622136775,35.34667538,"uid=738-1430 の詳細属性を確認できません。 item_count=0, attribute_count=0"
2274-1430,金沢区NO.18,139.62306169,35.34341043,"uid=2274-1430 の詳細属性を確認できません。 item_count=0, attribute_count=0"
2285-1430,金沢区NO.34,139.610241345,35.33663702,"uid=2285-1430 の詳細属性を確認できません。 item_count=0, attribute_count=0"
2286-1430,金沢区NO.35,139.611380955,35.337701745,"uid=2286-1430 の詳細属性を確認できません。 item_count=0, attribute_count=0"
2287-1430,金沢区NO.36,139.608642135,35.33900546,"uid=2287-1430 の詳細属性を確認できません。 item_count=0, attribute_count=0"
2288-1430,金沢区NO.36,139.61006762,35.33917769,"uid=2288-1430 の詳細属性を確認できません。 item_count=0, attribute_count=0"
2289-1430,金沢区NO.36,139.61090258,35.339532075,"uid=2289-1430 の詳細属性を確認できません。 item_count=0, attribute_count=0"
2283-1430,金沢区NO.38,139.60447942,35.33269473,"uid=2283-1430 の詳細属性を確認できません。 item_count=0, attribute_count=0"
2275-1430,金沢区NO.42,139.596220445,35.32385663,"uid=2275-1430 の詳細属性を確認できません。 item_count=0, attribute_count=0"
2276-1430,金沢区NO.42,139.59785929,35.32378406,"uid=2276-1430 の詳細属性を確認できません。 item_count=12, attribute_count=12"
2277-1430,金沢区NO.42,139.59925465,35.324454135,"uid=2277-1430 の詳細属性を確認できません。 item_count=12, attribute_count=12"
2280-1430,金沢区NO.43,139.60606772,35.32716462,"uid=2280-1430 の詳細属性を確認できません。 item_count=0, attribute_count=0"
2278-1430,金沢区NO.44,139.60308754,35.32636256,"uid=2278-1430 の詳細属性を確認できません。 item_count=0, attribute_count=0"
2281-1430,金沢区NO.46,139.612853965,35.325824445,"uid=2281-1430 の詳細属性を確認できません。 item_count=0, attribute_count=0"
2282-1430,金沢区NO.47,139.615587295,35.325404875,"uid=2282-1430 の詳細属性を確認できません。 item_count=0, attribute_count=0"
2400-1430,金沢区NO.54,139.631930495,35.34072811,"uid=2400-1430 の詳細属性を確認できません。 item_count=0, attribute_count=0"
111-1430,金沢区NO.55,139.633268395,35.341028385,"uid=111-1430 の詳細属性を確認できません。 item_count=0, attribute_count=0"
756-1430,金沢区NO.60,139.639239315,35.324188595,"uid=756-1430 の詳細属性を確認できません。 item_count=0, attribute_count=0"
762-1430,金沢区NO.63,139.628270295,35.316704115,"uid=762-1430 の詳細属性を確認できません。 item_count=0, attribute_count=0"
2284-1430,金沢区NO.64,139.61755039,35.320446855,"uid=2284-1430 の詳細属性を確認できません。 item_count=0, attribute_count=0"
2270-1430,金沢区NO.9,139.60841428,35.345556435,"uid=2270-1430 の詳細属性を確認できません。 item_count=0, attribute_count=0"
2279-1430,金沢区NO.C-5,139.60509083,35.326628895,"uid=2279-1430 の詳細属性を確認できません。 item_count=0, attribute_count=0"
2341-1430,青葉区NO.107,139.52171441,35.56522475,"uid=2341-1430 の詳細属性を確認できません。 item_count=0, attribute_count=0"
2342-1430,青葉区NO.124,139.52732617,35.56108413,"uid=2342-1430 の詳細属性を確認できません。 item_count=0, attribute_count=0"
1364-1430,青葉区NO.134,139.544693755,35.55787877,"uid=1364-1430 の詳細属性を確認できません。 item_count=0, attribute_count=0"
1360-1430,青葉区NO.135,139.544782345,35.558390715,"uid=1360-1430 の詳細属性を確認できません。 item_count=0, attribute_count=0"
2348-1430,青葉区NO.141,139.543173,35.558381405,"uid=2348-1430 の詳細属性を確認できません。 item_count=0, attribute_count=0"
1358-1430,青葉区NO.143,139.542604355,35.558798555,"uid=1358-1430 の詳細属性を確認できません。 item_count=0, attribute_count=0"
1359-1430,青葉区NO.144,139.54266533,35.558465095,"uid=1359-1430 の詳細属性を確認できません。 item_count=0, attribute_count=0"
2344-1430,青葉区NO.152,139.54472375,35.555593735,"uid=2344-1430 の詳細属性を確認できません。 item_count=0, attribute_count=0"
2345-1430,青葉区NO.157,139.543143725,35.554031225,"uid=2345-1430 の詳細属性を確認できません。 item_count=0, attribute_count=0"
2339-1430,青葉区NO.198,139.532078935,35.546611925,"uid=2339-1430 の詳細属性を確認できません。 item_count=0, attribute_count=0"
1336-1430,青葉区NO.210,139.54389982,35.545996815,"uid=1336-1430 の詳細属性を確認できません。 item_count=0, attribute_count=0"
1337-1430,青葉区NO.211,139.543935025,35.545420615,"uid=1337-1430 の詳細属性を確認できません。 item_count=0, attribute_count=0"
2330-1430,青葉区NO.22,139.54012467,35.57421786,"uid=2330-1430 の詳細属性を確認できません。 item_count=0, attribute_count=0"
1401-1430,青葉区NO.232,139.56457418,35.562161755,"uid=1401-1430 の詳細属性を確認できません。 item_count=0, attribute_count=0"
1400-1430,青葉区NO.233,139.56388702,35.56181102,"uid=1400-1430 の詳細属性を確認できません。 item_count=0, attribute_count=0"
1398-1430,青葉区NO.237,139.562908835,35.560507445,"uid=1398-1430 の詳細属性を確認できません。 item_count=0, attribute_count=0"
1411-1430,青葉区NO.244,139.557867335,35.5613205,"uid=1411-1430 の詳細属性を確認できません。 item_count=0, attribute_count=0"
1414-1430,青葉区NO.245,139.556903645,35.560470915,"uid=1414-1430 の詳細属性を確認できません。 item_count=0, attribute_count=0"
1412-1430,青葉区NO.246,139.556964055,35.56043079,"uid=1412-1430 の詳細属性を確認できません。 item_count=0, attribute_count=0"
2350-1430,青葉区NO.247,139.556943495,35.560096,"uid=2350-1430 の詳細属性を確認できません。 item_count=0, attribute_count=0"
2351-1430,青葉区NO.247,139.556896095,35.559862715,"uid=2351-1430 の詳細属性を確認できません。 item_count=0, attribute_count=0"
1260-1430,青葉区NO.27,139.509947415,35.568163025,"uid=1260-1430 の詳細属性を確認できません。 item_count=0, attribute_count=0"
1261-1430,青葉区NO.27,139.51015517,35.56791003,"uid=1261-1430 の詳細属性を確認できません。 item_count=0, attribute_count=0"
1262-1430,青葉区NO.27,139.51037506,35.56763346,"uid=1262-1430 の詳細属性を確認できません。 item_count=0, attribute_count=0"
1263-1430,青葉区NO.27,139.51013074,35.56787535,"uid=1263-1430 の詳細属性を確認できません。 item_count=0, attribute_count=0"
2329-1430,青葉区NO.27,139.51003911,35.567573715,"uid=2329-1430 の詳細属性を確認できません。 item_count=0, attribute_count=0"
2349-1430,青葉区NO.273,139.56492774,35.55090898,"uid=2349-1430 の詳細属性を確認できません。 item_count=0, attribute_count=0"
2352-1430,青葉区NO.295,139.49992254,35.54259084,"uid=2352-1430 の詳細属性を確認できません。 item_count=0, attribute_count=0"
1430-1430,青葉区NO.302,139.485438035,35.539300485,"uid=1430-1430 の詳細属性を確認できません。 item_count=0, attribute_count=0"
1457-1430,青葉区NO.342,139.545193995,35.543950365,"uid=1457-1430 の詳細属性を確認できません。 item_count=0, attribute_count=0"
2354-1430,青葉区NO.351,139.55035789,35.53539635,"uid=2354-1430 の詳細属性を確認できません。 item_count=0, attribute_count=0"
2332-1430,青葉区NO.44,139.54847796,35.576377445,"uid=2332-1430 の詳細属性を確認できません。 item_count=0, attribute_count=0"
2333-1430,青葉区NO.46,139.5476013,35.576140185,"uid=2333-1430 の詳細属性を確認できません。 item_count=0, attribute_count=0"
2334-1430,青葉区NO.49,139.550867375,35.57391775,"uid=2334-1430 の詳細属性を確認できません。 item_count=0, attribute_count=0"
2337-1430,青葉区NO.92,139.492934835,35.55125319,"uid=2337-1430 の詳細属性を確認できません。 item_count=0, attribute_count=0"
2338-1430,青葉区NO.95,139.48608606,35.544643235,"uid=2338-1430 の詳細属性を確認できません。 item_count=0, attribute_count=0"
1610-1430,鶴見区NO.105,139.660872845,35.49298709,"uid=1610-1430 の詳細属性を確認できません。 item_count=0, attribute_count=0"
1611-1430,鶴見区NO.106,139.660872845,35.49298709,"uid=1611-1430 の詳細属性を確認できません。 item_count=0, attribute_count=0"
1612-1430,鶴見区NO.114,139.673776575,35.497646145,"uid=1612-1430 の詳細属性を確認できません。 item_count=0, attribute_count=0"
2366-1430,鶴見区NO.12,139.657964795,35.52674056,"uid=2366-1430 の詳細属性を確認できません。 item_count=0, attribute_count=0"
1556-1430,鶴見区NO.18,139.66309109,35.528010465,"uid=1556-1430 の詳細属性を確認できません。 item_count=0, attribute_count=0"
2368-1430,鶴見区NO.32,139.65081844,35.51838757,"uid=2368-1430 の詳細属性を確認できません。 item_count=0, attribute_count=0"
1566-1430,鶴見区NO.47,139.64902891,35.51563945,"uid=1566-1430 の詳細属性を確認できません。 item_count=0, attribute_count=0"
1571-1430,鶴見区NO.48,139.643334385,35.513391555,"uid=1571-1430 の詳細属性を確認できません。 item_count=0, attribute_count=0"
2365-1430,鶴見区NO.6,139.660787555,35.53263226,"uid=2365-1430 の詳細属性を確認できません。 item_count=0, attribute_count=0"
2369-1430,鶴見区NO.64,139.656336375,35.50293378,"uid=2369-1430 の詳細属性を確認できません。 item_count=0, attribute_count=0"
1584-1430,鶴見区NO.67,139.658710445,35.500120195,"uid=1584-1430 の詳細属性を確認できません。 item_count=0, attribute_count=0"
2364-1430,鶴見区NO.7,139.659777065,35.53103664,"uid=2364-1430 の詳細属性を確認できません。 item_count=0, attribute_count=0"
2371-1430,鶴見区NO.73,139.67128114,35.519044145,"uid=2371-1430 の詳細属性を確認できません。 item_count=0, attribute_count=0"
1604-1430,鶴見区NO.87,139.673794345,35.50721176,"uid=1604-1430 の詳細属性を確認できません。 item_count=0, attribute_count=0"
1605-1430,鶴見区NO.88,139.673794345,35.50721176,"uid=1605-1430 の詳細属性を確認できません。 item_count=0, attribute_count=0"
