place_id,SiteType,Chronology,Pa,Jo,Ya,Ko,Na,He,Me,site_type_tokens,special_site_type_exclusion_reason
13101001400,単独出土地,[中世],0,0,0,0,0,0,1,単独出土地,me_single_phase_exclusive_mound_burial_or_isolated_site_type
13101007300,その他の墓,[中世][近世],0,0,0,0,0,0,1,その他の墓,me_single_phase_exclusive_mound_burial_or_isolated_site_type
13103000800,古墳,[古墳時代],0,0,0,1,0,0,0,古墳,ko_single_phase_exclusive_mortuary_site_type
13103002400,古墳,[古墳時代],0,0,0,1,0,0,0,古墳,ko_single_phase_exclusive_mortuary_site_type
13103002500,古墳,[古墳時代],0,0,0,1,0,0,0,古墳,ko_single_phase_exclusive_mortuary_site_type
13103002501,古墳,[古墳時代],0,0,0,1,0,0,0,古墳,ko_single_phase_exclusive_mortuary_site_type
13103002502,古墳,[古墳時代],0,0,0,1,0,0,0,古墳,ko_single_phase_exclusive_mortuary_site_type
13103002503,古墳,[古墳時代],0,0,0,1,0,0,0,古墳,ko_single_phase_exclusive_mortuary_site_type
13103002504,古墳,[古墳時代],0,0,0,1,0,0,0,古墳,ko_single_phase_exclusive_mortuary_site_type
13103002505,古墳,[古墳時代],0,0,0,1,0,0,0,古墳,ko_single_phase_exclusive_mortuary_site_type
13103002506,古墳,[古墳時代],0,0,0,1,0,0,0,古墳,ko_single_phase_exclusive_mortuary_site_type
13103002507,古墳,[古墳時代],0,0,0,1,0,0,0,古墳,ko_single_phase_exclusive_mortuary_site_type
13103002508,古墳,[古墳時代],0,0,0,1,0,0,0,古墳,ko_single_phase_exclusive_mortuary_site_type
13103002509,古墳,[古墳時代],0,0,0,1,0,0,0,古墳,ko_single_phase_exclusive_mortuary_site_type
13103002600,古墳,[古墳時代],0,0,0,1,0,0,0,古墳,ko_single_phase_exclusive_mortuary_site_type
13103002800,横穴墓,[古墳時代],0,0,0,1,0,0,0,横穴墓,ko_single_phase_exclusive_mortuary_site_type
13103003600,古墳,[古墳時代],0,0,0,1,0,0,0,古墳,ko_single_phase_exclusive_mortuary_site_type
13103004900,古墳,[古墳時代],0,0,0,1,0,0,0,古墳,ko_single_phase_exclusive_mortuary_site_type
13103005400,古墳,[古墳時代],0,0,0,1,0,0,0,古墳,ko_single_phase_exclusive_mortuary_site_type
13103005700,古墳,[古墳時代],0,0,0,1,0,0,0,古墳,ko_single_phase_exclusive_mortuary_site_type
13103018300,その他の墓,中世、近世,0,0,0,0,0,0,1,その他の墓,me_single_phase_exclusive_mound_burial_or_isolated_site_type
13105000200,古墳,[古墳時代？],0,0,0,1,0,0,0,古墳,ko_single_phase_exclusive_mortuary_site_type
13105001300,古墳,[古墳時代？],0,0,0,1,0,0,0,古墳,ko_single_phase_exclusive_mortuary_site_type
13105001500,古墳,[古墳時代],0,0,0,1,0,0,0,古墳,ko_single_phase_exclusive_mortuary_site_type
13105002000,古墳,[古墳時代],0,0,0,1,0,0,0,古墳,ko_single_phase_exclusive_mortuary_site_type
13105002300,古墳,[古墳時代],0,0,0,1,0,0,0,古墳,ko_single_phase_exclusive_mortuary_site_type
13105003700,古墳,[古墳時代],0,0,0,1,0,0,0,古墳,ko_single_phase_exclusive_mortuary_site_type
13106000300,古墳,[古墳時代],0,0,0,1,0,0,0,古墳,ko_single_phase_exclusive_mortuary_site_type
13106000500,古墳,[古墳時代],0,0,0,1,0,0,0,古墳,ko_single_phase_exclusive_mortuary_site_type
13106000900,古墳,[古墳時代],0,0,0,1,0,0,0,古墳,ko_single_phase_exclusive_mortuary_site_type
13106001300,古墳,[古墳時代],0,0,0,1,0,0,0,古墳,ko_single_phase_exclusive_mortuary_site_type
13106001400,古墳,[古墳時代],0,0,0,1,0,0,0,古墳,ko_single_phase_exclusive_mortuary_site_type
13109001800,古墳,[古墳時代],0,0,0,1,0,0,0,古墳,ko_single_phase_exclusive_mortuary_site_type
13109001900,古墳,[古墳時代],0,0,0,1,0,0,0,古墳,ko_single_phase_exclusive_mortuary_site_type
13109002000,古墳,[古墳時代],0,0,0,1,0,0,0,古墳,ko_single_phase_exclusive_mortuary_site_type
13110001800,古墳,[古墳時代],0,0,0,1,0,0,0,古墳,ko_single_phase_exclusive_mortuary_site_type
13110002500,古墳,[古墳時代],0,0,0,1,0,0,0,古墳,ko_single_phase_exclusive_mortuary_site_type
13111000800,古墳,[古墳時代],0,0,0,1,0,0,0,古墳,ko_single_phase_exclusive_mortuary_site_type
13111000900,古墳,[古墳時代],0,0,0,1,0,0,0,古墳,ko_single_phase_exclusive_mortuary_site_type
13111001000,古墳,[古墳時代],0,0,0,1,0,0,0,古墳,ko_single_phase_exclusive_mortuary_site_type
13111001100,古墳,[古墳時代],0,0,0,1,0,0,0,古墳,ko_single_phase_exclusive_mortuary_site_type
13111001200,古墳,[古墳時代],0,0,0,1,0,0,0,古墳,ko_single_phase_exclusive_mortuary_site_type
13111001300,古墳,[古墳時代],0,0,0,1,0,0,0,古墳,ko_single_phase_exclusive_mortuary_site_type
13111001400,古墳,[古墳時代],0,0,0,1,0,0,0,古墳,ko_single_phase_exclusive_mortuary_site_type
13111001500,古墳,[古墳時代],0,0,0,1,0,0,0,古墳,ko_single_phase_exclusive_mortuary_site_type
13111001600,古墳,[古墳時代],0,0,0,1,0,0,0,古墳,ko_single_phase_exclusive_mortuary_site_type
13111001700,古墳,[古墳時代],0,0,0,1,0,0,0,古墳,ko_single_phase_exclusive_mortuary_site_type
13111001800,古墳,[古墳時代],0,0,0,1,0,0,0,古墳,ko_single_phase_exclusive_mortuary_site_type
13111001900,古墳,[古墳時代],0,0,0,1,0,0,0,古墳,ko_single_phase_exclusive_mortuary_site_type
13111002000,古墳,[古墳時代],0,0,0,1,0,0,0,古墳,ko_single_phase_exclusive_mortuary_site_type
13111002100,古墳,[古墳時代],0,0,0,1,0,0,0,古墳,ko_single_phase_exclusive_mortuary_site_type
13111002200,古墳,[古墳時代],0,0,0,1,0,0,0,古墳,ko_single_phase_exclusive_mortuary_site_type
13111002300,古墳,[古墳時代],0,0,0,1,0,0,0,古墳,ko_single_phase_exclusive_mortuary_site_type
13111002400,古墳,[古墳時代],0,0,0,1,0,0,0,古墳,ko_single_phase_exclusive_mortuary_site_type
13111002500,古墳,[古墳時代],0,0,0,1,0,0,0,古墳,ko_single_phase_exclusive_mortuary_site_type
13111002600,古墳,[古墳時代],0,0,0,1,0,0,0,古墳,ko_single_phase_exclusive_mortuary_site_type
13111002800,古墳,[古墳時代],0,0,0,1,0,0,0,古墳,ko_single_phase_exclusive_mortuary_site_type
13111003000,古墳,[古墳時代],0,0,0,1,0,0,0,古墳,ko_single_phase_exclusive_mortuary_site_type
13111003300,墳墓,[中世],0,0,0,0,0,0,1,墳墓,me_single_phase_exclusive_mound_burial_or_isolated_site_type
13111003500,古墳,[古墳時代],0,0,0,1,0,0,0,古墳,ko_single_phase_exclusive_mortuary_site_type
13111003600,古墳,[古墳時代],0,0,0,1,0,0,0,古墳,ko_single_phase_exclusive_mortuary_site_type
13111003800,古墳,[古墳時代],0,0,0,1,0,0,0,古墳,ko_single_phase_exclusive_mortuary_site_type
13111005000,古墳,[古墳時代],0,0,0,1,0,0,0,古墳,ko_single_phase_exclusive_mortuary_site_type
13111005100,古墳,[古墳時代],0,0,0,1,0,0,0,古墳,ko_single_phase_exclusive_mortuary_site_type
13111005200,古墳,[古墳時代],0,0,0,1,0,0,0,古墳,ko_single_phase_exclusive_mortuary_site_type
13111005300,古墳,[古墳時代],0,0,0,1,0,0,0,古墳,ko_single_phase_exclusive_mortuary_site_type
13111005400,古墳,[古墳時代],0,0,0,1,0,0,0,古墳,ko_single_phase_exclusive_mortuary_site_type
13111005500,古墳,[古墳時代],0,0,0,1,0,0,0,古墳,ko_single_phase_exclusive_mortuary_site_type
13111005600,古墳,[古墳時代],0,0,0,1,0,0,0,古墳,ko_single_phase_exclusive_mortuary_site_type
13111008300,古墳,[古墳時代],0,0,0,1,0,0,0,古墳,ko_single_phase_exclusive_mortuary_site_type
13111008600,古墳,[古墳時代],0,0,0,1,0,0,0,古墳,ko_single_phase_exclusive_mortuary_site_type
13111009002,古墳,[古墳時代],0,0,0,1,0,0,0,古墳,ko_single_phase_exclusive_mortuary_site_type
13111009003,古墳,[古墳時代],0,0,0,1,0,0,0,古墳,ko_single_phase_exclusive_mortuary_site_type
13111009400,古墳,[古墳時代],0,0,0,1,0,0,0,古墳,ko_single_phase_exclusive_mortuary_site_type
13111009700,古墳,[古墳時代],0,0,0,1,0,0,0,古墳,ko_single_phase_exclusive_mortuary_site_type
13111009800,古墳,[古墳時代],0,0,0,1,0,0,0,古墳,ko_single_phase_exclusive_mortuary_site_type
13111010100,古墳,[古墳時代],0,0,0,1,0,0,0,古墳,ko_single_phase_exclusive_mortuary_site_type
13111010700,塚,[中世],0,0,0,0,0,0,1,塚,me_single_phase_exclusive_mound_burial_or_isolated_site_type
13111011200,古墳,[古墳時代],0,0,0,1,0,0,0,古墳,ko_single_phase_exclusive_mortuary_site_type
13111011700,墳墓,[中世],0,0,0,0,0,0,1,墳墓,me_single_phase_exclusive_mound_burial_or_isolated_site_type
13111014200,横穴墓,[古墳時代],0,0,0,1,0,0,0,横穴墓,ko_single_phase_exclusive_mortuary_site_type
13111014500,古墳,[古墳時代],0,0,0,1,0,0,0,古墳,ko_single_phase_exclusive_mortuary_site_type
13111014800,墳墓,[中世],0,0,0,0,0,0,1,墳墓,me_single_phase_exclusive_mound_burial_or_isolated_site_type
13111015100,古墳,[古墳時代],0,0,0,1,0,0,0,古墳,ko_single_phase_exclusive_mortuary_site_type
13111015500,古墳,[古墳時代],0,0,0,1,0,0,0,古墳,ko_single_phase_exclusive_mortuary_site_type
13111015600,古墳,[古墳時代],0,0,0,1,0,0,0,古墳,ko_single_phase_exclusive_mortuary_site_type
13111015700,古墳,[古墳時代],0,0,0,1,0,0,0,古墳,ko_single_phase_exclusive_mortuary_site_type
13111015800,古墳,[古墳時代],0,0,0,1,0,0,0,古墳,ko_single_phase_exclusive_mortuary_site_type
13111015900,古墳,[古墳時代],0,0,0,1,0,0,0,古墳,ko_single_phase_exclusive_mortuary_site_type
13111016000,古墳,[古墳時代],0,0,0,1,0,0,0,古墳,ko_single_phase_exclusive_mortuary_site_type
13111017000,塚,[中世],0,0,0,0,0,0,1,塚,me_single_phase_exclusive_mound_burial_or_isolated_site_type
13111017100,横穴墓,[古墳時代],0,0,0,1,0,0,0,横穴墓,ko_single_phase_exclusive_mortuary_site_type
13111018200,墳墓,[中世],0,0,0,0,0,0,1,墳墓,me_single_phase_exclusive_mound_burial_or_isolated_site_type
13111018700,墳墓,[中世],0,0,0,0,0,0,1,墳墓,me_single_phase_exclusive_mound_burial_or_isolated_site_type
13111019100,墳墓,[中世],0,0,0,0,0,0,1,墳墓,me_single_phase_exclusive_mound_burial_or_isolated_site_type
13111020000,古墳,[古墳時代],0,0,0,1,0,0,0,古墳,ko_single_phase_exclusive_mortuary_site_type
13111020500,古墳,[古墳時代],0,0,0,1,0,0,0,古墳,ko_single_phase_exclusive_mortuary_site_type
13111020700,古墳,[古墳時代],0,0,0,1,0,0,0,古墳,ko_single_phase_exclusive_mortuary_site_type
13111020900,古墳,[古墳時代],0,0,0,1,0,0,0,古墳,ko_single_phase_exclusive_mortuary_site_type
13111022200,墳墓,[中世],0,0,0,0,0,0,1,墳墓,me_single_phase_exclusive_mound_burial_or_isolated_site_type
13111023400,古墳,[古墳時代],0,0,0,1,0,0,0,古墳,ko_single_phase_exclusive_mortuary_site_type
13112000800,横穴墓,[古墳時代],0,0,0,1,0,0,0,横穴墓,ko_single_phase_exclusive_mortuary_site_type
13112001002,古墳,[古墳時代],0,0,0,1,0,0,0,古墳,ko_single_phase_exclusive_mortuary_site_type
13112001003,古墳,[古墳時代],0,0,0,1,0,0,0,古墳,ko_single_phase_exclusive_mortuary_site_type
13112001004,古墳,[古墳時代],0,0,0,1,0,0,0,古墳,ko_single_phase_exclusive_mortuary_site_type
13112001005,古墳,[古墳時代],0,0,0,1,0,0,0,古墳,ko_single_phase_exclusive_mortuary_site_type
13112001006,古墳,[古墳時代],0,0,0,1,0,0,0,古墳,ko_single_phase_exclusive_mortuary_site_type
13112001007,古墳,[古墳時代],0,0,0,1,0,0,0,古墳,ko_single_phase_exclusive_mortuary_site_type
13112001008,古墳,[古墳時代],0,0,0,1,0,0,0,古墳,ko_single_phase_exclusive_mortuary_site_type
13112001009,古墳,[古墳時代],0,0,0,1,0,0,0,古墳,ko_single_phase_exclusive_mortuary_site_type
13112002000,横穴墓,[古墳時代],0,0,0,1,0,0,0,横穴墓,ko_single_phase_exclusive_mortuary_site_type
13112002100,横穴墓,[古墳時代],0,0,0,1,0,0,0,横穴墓,ko_single_phase_exclusive_mortuary_site_type
13112002400,古墳,[古墳時代],0,0,0,1,0,0,0,古墳,ko_single_phase_exclusive_mortuary_site_type
13112002500,古墳,[古墳時代],0,0,0,1,0,0,0,古墳,ko_single_phase_exclusive_mortuary_site_type
13112002600,古墳,古墳時代,0,0,0,1,0,0,0,古墳,ko_single_phase_exclusive_mortuary_site_type
13112002801,古墳,古墳時代,0,0,0,1,0,0,0,古墳,ko_single_phase_exclusive_mortuary_site_type
13112002802,古墳,古墳時代,0,0,0,1,0,0,0,古墳,ko_single_phase_exclusive_mortuary_site_type
13112002803,古墳,古墳時代,0,0,0,1,0,0,0,古墳,ko_single_phase_exclusive_mortuary_site_type
13112002804,古墳,古墳時代,0,0,0,1,0,0,0,古墳,ko_single_phase_exclusive_mortuary_site_type
13112002805,古墳,古墳時代,0,0,0,1,0,0,0,古墳,ko_single_phase_exclusive_mortuary_site_type
13112002806,古墳,古墳時代,0,0,0,1,0,0,0,古墳,ko_single_phase_exclusive_mortuary_site_type
13112002807,古墳,古墳時代,0,0,0,1,0,0,0,古墳,ko_single_phase_exclusive_mortuary_site_type
13112002808,古墳,古墳時代,0,0,0,1,0,0,0,古墳,ko_single_phase_exclusive_mortuary_site_type
13112003100,横穴墓,[古墳時代],0,0,0,1,0,0,0,横穴墓,ko_single_phase_exclusive_mortuary_site_type
13112003301,古墳,[古墳時代],0,0,0,1,0,0,0,古墳,ko_single_phase_exclusive_mortuary_site_type
13112003302,古墳,[古墳時代],0,0,0,1,0,0,0,古墳,ko_single_phase_exclusive_mortuary_site_type
13112003303,古墳,[古墳時代],0,0,0,1,0,0,0,古墳,ko_single_phase_exclusive_mortuary_site_type
13112003901,古墳,[古墳時代],0,0,0,1,0,0,0,古墳,ko_single_phase_exclusive_mortuary_site_type
13112003902,古墳,[古墳時代],0,0,0,1,0,0,0,古墳,ko_single_phase_exclusive_mortuary_site_type
13112003903,古墳,[古墳時代],0,0,0,1,0,0,0,古墳,ko_single_phase_exclusive_mortuary_site_type
13112003904,古墳,[古墳時代],0,0,0,1,0,0,0,古墳,ko_single_phase_exclusive_mortuary_site_type
13112003905,古墳,[古墳時代],0,0,0,1,0,0,0,古墳,ko_single_phase_exclusive_mortuary_site_type
13112003906,古墳,[古墳時代],0,0,0,1,0,0,0,古墳,ko_single_phase_exclusive_mortuary_site_type
13112003907,古墳,[古墳時代],0,0,0,1,0,0,0,古墳,ko_single_phase_exclusive_mortuary_site_type
13112003908,古墳,[古墳時代],0,0,0,1,0,0,0,古墳,ko_single_phase_exclusive_mortuary_site_type
13112003909,古墳,[古墳時代],0,0,0,1,0,0,0,古墳,ko_single_phase_exclusive_mortuary_site_type
13112005000,横穴墓,[古墳時代],0,0,0,1,0,0,0,横穴墓,ko_single_phase_exclusive_mortuary_site_type
13112005100,横穴墓,[古墳時代],0,0,0,1,0,0,0,横穴墓,ko_single_phase_exclusive_mortuary_site_type
13112007800,横穴墓,[古墳時代],0,0,0,1,0,0,0,横穴墓,ko_single_phase_exclusive_mortuary_site_type
13112010800,古墳,[古墳時代],0,0,0,1,0,0,0,古墳,ko_single_phase_exclusive_mortuary_site_type
13112010900,横穴墓,[古墳時代],0,0,0,1,0,0,0,横穴墓,ko_single_phase_exclusive_mortuary_site_type
13112011000,横穴墓,[古墳時代],0,0,0,1,0,0,0,横穴墓,ko_single_phase_exclusive_mortuary_site_type
13112011100,塚,[中世][近世],0,0,0,0,0,0,1,塚,me_single_phase_exclusive_mound_burial_or_isolated_site_type
13112011300,横穴墓,[古墳時代],0,0,0,1,0,0,0,横穴墓,ko_single_phase_exclusive_mortuary_site_type
13112011400,横穴墓,[古墳時代],0,0,0,1,0,0,0,横穴墓,ko_single_phase_exclusive_mortuary_site_type
13112011500,古墳,[古墳時代],0,0,0,1,0,0,0,古墳,ko_single_phase_exclusive_mortuary_site_type
13112011800,横穴墓,[古墳時代],0,0,0,1,0,0,0,横穴墓,ko_single_phase_exclusive_mortuary_site_type
13112011900,古墳,[古墳時代],0,0,0,1,0,0,0,古墳,ko_single_phase_exclusive_mortuary_site_type
13112012000,横穴墓,[古墳時代],0,0,0,1,0,0,0,横穴墓,ko_single_phase_exclusive_mortuary_site_type
13112012700,古墳,[古墳時代],0,0,0,1,0,0,0,古墳,ko_single_phase_exclusive_mortuary_site_type
13112012800,古墳,[古墳時代],0,0,0,1,0,0,0,古墳,ko_single_phase_exclusive_mortuary_site_type
13112012900,古墳,[古墳時代],0,0,0,1,0,0,0,古墳,ko_single_phase_exclusive_mortuary_site_type
13112013000,横穴墓群,[古墳時代],0,0,0,1,0,0,0,横穴墓群,ko_single_phase_exclusive_mortuary_site_type
13112013200,古墳,[古墳時代],0,0,0,1,0,0,0,古墳,ko_single_phase_exclusive_mortuary_site_type
13112013300,古墳,[古墳時代],0,0,0,1,0,0,0,古墳,ko_single_phase_exclusive_mortuary_site_type
13112013400,古墳,[古墳時代],0,0,0,1,0,0,0,古墳,ko_single_phase_exclusive_mortuary_site_type
13112013500,古墳,[古墳時代],0,0,0,1,0,0,0,古墳,ko_single_phase_exclusive_mortuary_site_type
13112013600,古墳,[古墳時代],0,0,0,1,0,0,0,古墳,ko_single_phase_exclusive_mortuary_site_type
13112013700,古墳,[古墳時代],0,0,0,1,0,0,0,古墳,ko_single_phase_exclusive_mortuary_site_type
13112013900,古墳,[古墳時代],0,0,0,1,0,0,0,古墳,ko_single_phase_exclusive_mortuary_site_type
13112014000,古墳,[古墳時代],0,0,0,1,0,0,0,古墳,ko_single_phase_exclusive_mortuary_site_type
13112014100,古墳,[古墳時代],0,0,0,1,0,0,0,古墳,ko_single_phase_exclusive_mortuary_site_type
13112014700,古墳,[古墳時代],0,0,0,1,0,0,0,古墳,ko_single_phase_exclusive_mortuary_site_type
13112018500,塚,[中世][近世],0,0,0,0,0,0,1,塚,me_single_phase_exclusive_mound_burial_or_isolated_site_type
13112018900,横穴墓,[古墳時代],0,0,0,1,0,0,0,横穴墓,ko_single_phase_exclusive_mortuary_site_type
13112020700,塚,[中世],0,0,0,0,0,0,1,塚,me_single_phase_exclusive_mound_burial_or_isolated_site_type
13112020900,塚,[中世][近世],0,0,0,0,0,0,1,塚,me_single_phase_exclusive_mound_burial_or_isolated_site_type
13112022000,古墳,[古墳],0,0,0,1,0,0,0,古墳,ko_single_phase_exclusive_mortuary_site_type
13112022200,横穴墓,[古墳時代],0,0,0,1,0,0,0,横穴墓,ko_single_phase_exclusive_mortuary_site_type
13112023700,単独出土地,[中世],0,0,0,0,0,0,1,単独出土地,me_single_phase_exclusive_mound_burial_or_isolated_site_type
13112023900,塚,[中世][近世],0,0,0,0,0,0,1,塚,me_single_phase_exclusive_mound_burial_or_isolated_site_type
13112024300,塚,[中世],0,0,0,0,0,0,1,塚,me_single_phase_exclusive_mound_burial_or_isolated_site_type
13112025100,古墳,[古墳時代],0,0,0,1,0,0,0,古墳,ko_single_phase_exclusive_mortuary_site_type
13112026201,古墳,[古墳時代],0,0,0,1,0,0,0,古墳,ko_single_phase_exclusive_mortuary_site_type
13112026202,古墳,[古墳時代],0,0,0,1,0,0,0,古墳,ko_single_phase_exclusive_mortuary_site_type
13112026203,古墳,[古墳時代],0,0,0,1,0,0,0,古墳,ko_single_phase_exclusive_mortuary_site_type
13112026204,古墳,[古墳時代],0,0,0,1,0,0,0,古墳,ko_single_phase_exclusive_mortuary_site_type
13112026205,古墳,[古墳時代],0,0,0,1,0,0,0,古墳,ko_single_phase_exclusive_mortuary_site_type
13112026206,古墳,[古墳時代],0,0,0,1,0,0,0,古墳,ko_single_phase_exclusive_mortuary_site_type
13112026207,古墳,[古墳時代],0,0,0,1,0,0,0,古墳,ko_single_phase_exclusive_mortuary_site_type
13112026209,古墳,[古墳時代],0,0,0,1,0,0,0,古墳,ko_single_phase_exclusive_mortuary_site_type
13112026211,古墳,[古墳時代],0,0,0,1,0,0,0,古墳,ko_single_phase_exclusive_mortuary_site_type
13112026212,古墳,[古墳時代],0,0,0,1,0,0,0,古墳,ko_single_phase_exclusive_mortuary_site_type
13112026213,古墳,[古墳時代],0,0,0,1,0,0,0,古墳,ko_single_phase_exclusive_mortuary_site_type
13112026214,古墳,[古墳時代],0,0,0,1,0,0,0,古墳,ko_single_phase_exclusive_mortuary_site_type
13112026215,古墳,[古墳時代],0,0,0,1,0,0,0,古墳,ko_single_phase_exclusive_mortuary_site_type
13112026601,古墳,[古墳時代],0,0,0,1,0,0,0,古墳,ko_single_phase_exclusive_mortuary_site_type
13112026800,横穴墓,[古墳時代],0,0,0,1,0,0,0,横穴墓,ko_single_phase_exclusive_mortuary_site_type
13112027200,古墳,[古墳時代],0,0,0,1,0,0,0,古墳,ko_single_phase_exclusive_mortuary_site_type
13112027300,古墳,[古墳時代],0,0,0,1,0,0,0,古墳,ko_single_phase_exclusive_mortuary_site_type
13112028600,横穴墓,[古墳時代],0,0,0,1,0,0,0,横穴墓,ko_single_phase_exclusive_mortuary_site_type
13112030300,古墳,[古墳時代],0,0,0,1,0,0,0,古墳,ko_single_phase_exclusive_mortuary_site_type
13112030700,古墳,[古墳時代],0,0,0,1,0,0,0,古墳,ko_single_phase_exclusive_mortuary_site_type
13112030800,古墳,[古墳時代],0,0,0,1,0,0,0,古墳,ko_single_phase_exclusive_mortuary_site_type
13112030900,古墳,[古墳時代],0,0,0,1,0,0,0,古墳,ko_single_phase_exclusive_mortuary_site_type
13112031000,古墳,[古墳時代],0,0,0,1,0,0,0,古墳,ko_single_phase_exclusive_mortuary_site_type
13112031100,古墳,[古墳時代],0,0,0,1,0,0,0,古墳,ko_single_phase_exclusive_mortuary_site_type
13112031300,横穴墓,[古墳時代],0,0,0,1,0,0,0,横穴墓,ko_single_phase_exclusive_mortuary_site_type
13112031500,古墳,[古墳時代],0,0,0,1,0,0,0,古墳,ko_single_phase_exclusive_mortuary_site_type
13112031600,古墳,[古墳時代],0,0,0,1,0,0,0,古墳,ko_single_phase_exclusive_mortuary_site_type
13112031700,古墳,[古墳時代],0,0,0,1,0,0,0,古墳,ko_single_phase_exclusive_mortuary_site_type
13112031800,古墳,[古墳時代],0,0,0,1,0,0,0,古墳,ko_single_phase_exclusive_mortuary_site_type
13112032300,古墳,[古墳時代],0,0,0,1,0,0,0,古墳,ko_single_phase_exclusive_mortuary_site_type
13112032400,古墳,[古墳時代],0,0,0,1,0,0,0,古墳,ko_single_phase_exclusive_mortuary_site_type
13112032700,古墳,[古墳時代],0,0,0,1,0,0,0,古墳,ko_single_phase_exclusive_mortuary_site_type
13112033000,古墳,[古墳時代],0,0,0,1,0,0,0,古墳,ko_single_phase_exclusive_mortuary_site_type
13112033100,古墳,[古墳時代],0,0,0,1,0,0,0,古墳,ko_single_phase_exclusive_mortuary_site_type
13112033200,横穴墓,古墳,0,0,0,1,0,0,0,横穴墓,ko_single_phase_exclusive_mortuary_site_type
13112033400,古墳,[古墳時代],0,0,0,1,0,0,0,古墳,ko_single_phase_exclusive_mortuary_site_type
13112033500,古墳,[古墳],0,0,0,1,0,0,0,古墳,ko_single_phase_exclusive_mortuary_site_type
13112033600,古墳,[古墳],0,0,0,1,0,0,0,古墳,ko_single_phase_exclusive_mortuary_site_type
13112033700,古墳,[古墳],0,0,0,1,0,0,0,古墳,ko_single_phase_exclusive_mortuary_site_type
13113000400,古墳,[古墳時代],0,0,0,1,0,0,0,古墳,ko_single_phase_exclusive_mortuary_site_type
13113000900,古墳,[古墳時代],0,0,0,1,0,0,0,古墳,ko_single_phase_exclusive_mortuary_site_type
13113001400,古墳,[古墳時代],0,0,0,1,0,0,0,古墳,ko_single_phase_exclusive_mortuary_site_type
13113001700,古墳,[古墳時代],0,0,0,1,0,0,0,古墳,ko_single_phase_exclusive_mortuary_site_type
13113002200,古墳,[古墳時代],0,0,0,1,0,0,0,古墳,ko_single_phase_exclusive_mortuary_site_type
13113002300,古墳,[古墳時代],0,0,0,1,0,0,0,古墳,ko_single_phase_exclusive_mortuary_site_type
13113002900,古墳,[古墳時代],0,0,0,1,0,0,0,古墳,ko_single_phase_exclusive_mortuary_site_type
13113005000,古墳,[古墳時代],0,0,0,1,0,0,0,古墳,ko_single_phase_exclusive_mortuary_site_type
13113005100,古墳,[古墳時代],0,0,0,1,0,0,0,古墳,ko_single_phase_exclusive_mortuary_site_type
13113005500,古墳,[古墳時代],0,0,0,1,0,0,0,古墳,ko_single_phase_exclusive_mortuary_site_type
13113005600,古墳,[古墳時代],0,0,0,1,0,0,0,古墳,ko_single_phase_exclusive_mortuary_site_type
13113006200,古墳,[古墳時代],0,0,0,1,0,0,0,古墳,ko_single_phase_exclusive_mortuary_site_type
13113007800,古墳,[古墳時代],0,0,0,1,0,0,0,古墳,ko_single_phase_exclusive_mortuary_site_type
13113008100,古墳,[古墳時代],0,0,0,1,0,0,0,古墳,ko_single_phase_exclusive_mortuary_site_type
13113009500,古墳,[古墳時代],0,0,0,1,0,0,0,古墳,ko_single_phase_exclusive_mortuary_site_type
13114006600,古墳,[古墳時代],0,0,0,1,0,0,0,古墳,ko_single_phase_exclusive_mortuary_site_type
13114010200,古墳,[古墳時代],0,0,0,1,0,0,0,古墳,ko_single_phase_exclusive_mortuary_site_type
13116000900,古墳,[古墳時代],0,0,0,1,0,0,0,古墳,ko_single_phase_exclusive_mortuary_site_type
13117000600,古墳,[古墳時代],0,0,0,1,0,0,0,古墳,ko_single_phase_exclusive_mortuary_site_type
13117001000,古墳,[古墳時代],0,0,0,1,0,0,0,古墳,ko_single_phase_exclusive_mortuary_site_type
13117001100,古墳,[古墳時代],0,0,0,1,0,0,0,古墳,ko_single_phase_exclusive_mortuary_site_type
13117001400,古墳,[古墳時代],0,0,0,1,0,0,0,古墳,ko_single_phase_exclusive_mortuary_site_type
13117002000,古墳,[古墳時代],0,0,0,1,0,0,0,古墳,ko_single_phase_exclusive_mortuary_site_type
13117002200,古墳,[古墳時代],0,0,0,1,0,0,0,古墳,ko_single_phase_exclusive_mortuary_site_type
13117002400,古墳,[古墳時代],0,0,0,1,0,0,0,古墳,ko_single_phase_exclusive_mortuary_site_type
13117002600,古墳,[古墳時代],0,0,0,1,0,0,0,古墳,ko_single_phase_exclusive_mortuary_site_type
13117002800,古墳,[古墳時代],0,0,0,1,0,0,0,古墳,ko_single_phase_exclusive_mortuary_site_type
13117004102,古墳,[古墳時代],0,0,0,1,0,0,0,古墳,ko_single_phase_exclusive_mortuary_site_type
13117004103,古墳,[古墳時代],0,0,0,1,0,0,0,古墳,ko_single_phase_exclusive_mortuary_site_type
13117004104,古墳,[古墳時代],0,0,0,1,0,0,0,古墳,ko_single_phase_exclusive_mortuary_site_type
13117004105,古墳,[古墳時代],0,0,0,1,0,0,0,古墳,ko_single_phase_exclusive_mortuary_site_type
13117004500,古墳群,[古墳時代],0,0,0,1,0,0,0,古墳群,ko_single_phase_exclusive_mortuary_site_type
13117004600,古墳群,[古墳時代],0,0,0,1,0,0,0,古墳群,ko_single_phase_exclusive_mortuary_site_type
13119014100,古墳,［古墳時代］,0,0,0,1,0,0,0,古墳,ko_single_phase_exclusive_mortuary_site_type
13119015100,古墳,[古墳時代],0,0,0,1,0,0,0,古墳,ko_single_phase_exclusive_mortuary_site_type
13119015800,古墳,[古墳時代],0,0,0,1,0,0,0,古墳,ko_single_phase_exclusive_mortuary_site_type
13119016300,墳墓,[古墳時代],0,0,0,1,0,0,0,墳墓,ko_single_phase_exclusive_mortuary_site_type
13121000400,古墳,[古墳時代],0,0,0,1,0,0,0,古墳,ko_single_phase_exclusive_mortuary_site_type
13121000500,古墳,[古墳時代],0,0,0,1,0,0,0,古墳,ko_single_phase_exclusive_mortuary_site_type
13121001000,古墳,古墳,0,0,0,1,0,0,0,古墳,ko_single_phase_exclusive_mortuary_site_type
13121001001,古墳,[古墳時代],0,0,0,1,0,0,0,古墳,ko_single_phase_exclusive_mortuary_site_type
13121001002,古墳,[古墳時代],0,0,0,1,0,0,0,古墳,ko_single_phase_exclusive_mortuary_site_type
13121001003,古墳,[古墳時代],0,0,0,1,0,0,0,古墳,ko_single_phase_exclusive_mortuary_site_type
13121001100,古墳,[古墳時代],0,0,0,1,0,0,0,古墳,ko_single_phase_exclusive_mortuary_site_type
13121001200,古墳,[古墳時代],0,0,0,1,0,0,0,古墳,ko_single_phase_exclusive_mortuary_site_type
13121001400,経塚,[中世],0,0,0,0,0,0,1,経塚,me_single_phase_exclusive_mound_burial_or_isolated_site_type
13121002100,古墳,[古墳時代],0,0,0,1,0,0,0,古墳,ko_single_phase_exclusive_mortuary_site_type
13121002200,古墳,[古墳時代],0,0,0,1,0,0,0,古墳,ko_single_phase_exclusive_mortuary_site_type
13121002400,古墳,[古墳時代],0,0,0,1,0,0,0,古墳,ko_single_phase_exclusive_mortuary_site_type
13121002700,単独出土地,[中世],0,0,0,0,0,0,1,単独出土地,me_single_phase_exclusive_mound_burial_or_isolated_site_type
13122000600,古墳,[古墳時代],0,0,0,1,0,0,0,古墳,ko_single_phase_exclusive_mortuary_site_type
13122001200,古墳,[古墳時代],0,0,0,1,0,0,0,古墳,ko_single_phase_exclusive_mortuary_site_type
13122001300,古墳,[古墳時代],0,0,0,1,0,0,0,古墳,ko_single_phase_exclusive_mortuary_site_type
13201003000,墳墓,[古墳時代],0,0,0,1,0,0,0,墳墓,ko_single_phase_exclusive_mortuary_site_type
13201008100,墳墓,[古墳時代],0,0,0,1,0,0,0,墳墓,ko_single_phase_exclusive_mortuary_site_type
13201008900,古墳,[古墳時代],0,0,0,1,0,0,0,古墳,ko_single_phase_exclusive_mortuary_site_type
13201010400,古墳,[古墳時代],0,0,0,1,0,0,0,古墳,ko_single_phase_exclusive_mortuary_site_type
13201031300,塚,[中世][近世],0,0,0,0,0,0,1,塚,me_single_phase_exclusive_mound_burial_or_isolated_site_type
13201031400,塚,[中世][近世],0,0,0,0,0,0,1,塚,me_single_phase_exclusive_mound_burial_or_isolated_site_type
13201031500,塚,[中世][近世],0,0,0,0,0,0,1,塚,me_single_phase_exclusive_mound_burial_or_isolated_site_type
13201031600,塚,[中世][近世],0,0,0,0,0,0,1,塚,me_single_phase_exclusive_mound_burial_or_isolated_site_type
13201038800,塚,[中世][近世],0,0,0,0,0,0,1,塚,me_single_phase_exclusive_mound_burial_or_isolated_site_type
13201041400,墳墓,[古墳時代],0,0,0,1,0,0,0,墳墓,ko_single_phase_exclusive_mortuary_site_type
13201045900,墳墓,[古墳時代],0,0,0,1,0,0,0,墳墓,ko_single_phase_exclusive_mortuary_site_type
13201046200,墳墓,[古墳時代],0,0,0,1,0,0,0,墳墓,ko_single_phase_exclusive_mortuary_site_type
13201046300,墳墓,[古墳時代],0,0,0,1,0,0,0,墳墓,ko_single_phase_exclusive_mortuary_site_type
13201054000,墓地,[中世],0,0,0,0,0,0,1,墓地,me_single_phase_exclusive_mound_burial_or_isolated_site_type
13201078200,墓地,[中世][近世],0,0,0,0,0,0,1,墓地,me_single_phase_exclusive_mound_burial_or_isolated_site_type
13201078400,墓地,[中世][近世],0,0,0,0,0,0,1,墓地,me_single_phase_exclusive_mound_burial_or_isolated_site_type
13201078600,墓地,[中世],0,0,0,0,0,0,1,墓地,me_single_phase_exclusive_mound_burial_or_isolated_site_type
13201078800,墓地,[中世],0,0,0,0,0,0,1,墓地,me_single_phase_exclusive_mound_burial_or_isolated_site_type
13201078900,墓地,[中世],0,0,0,0,0,0,1,墓地,me_single_phase_exclusive_mound_burial_or_isolated_site_type
13201079400,墓地,[中世],0,0,0,0,0,0,1,墓地,me_single_phase_exclusive_mound_burial_or_isolated_site_type
13201079500,墓地,[中世],0,0,0,0,0,0,1,墓地,me_single_phase_exclusive_mound_burial_or_isolated_site_type
13201079600,墓地,[中世],0,0,0,0,0,0,1,墓地,me_single_phase_exclusive_mound_burial_or_isolated_site_type
13201079700,墓地,[中世],0,0,0,0,0,0,1,墓地,me_single_phase_exclusive_mound_burial_or_isolated_site_type
13201079800,墓地,[中世][近世],0,0,0,0,0,0,1,墓地,me_single_phase_exclusive_mound_burial_or_isolated_site_type
13201080200,墓地,[中世],0,0,0,0,0,0,1,墓地,me_single_phase_exclusive_mound_burial_or_isolated_site_type
13201095700,横穴墓,[古墳時代],0,0,0,1,0,0,0,横穴墓,ko_single_phase_exclusive_mortuary_site_type
13201101300,墳墓,[古墳時代],0,0,0,1,0,0,0,墳墓,ko_single_phase_exclusive_mortuary_site_type
13201101700,その他の墓,[中世],0,0,0,0,0,0,1,その他の墓,me_single_phase_exclusive_mound_burial_or_isolated_site_type
13201102500,古墳,[古墳時代],0,0,0,1,0,0,0,古墳,ko_single_phase_exclusive_mortuary_site_type
13201102600,古墳,[古墳時代],0,0,0,1,0,0,0,古墳,ko_single_phase_exclusive_mortuary_site_type
13202001200,古墳,[古墳時代],0,0,0,1,0,0,0,古墳,ko_single_phase_exclusive_mortuary_site_type
13202001300,古墳,[古墳時代],0,0,0,1,0,0,0,古墳,ko_single_phase_exclusive_mortuary_site_type
13202001600,古墳,[古墳時代],0,0,0,1,0,0,0,古墳,ko_single_phase_exclusive_mortuary_site_type
13205003200,塚,[中世],0,0,0,0,0,0,1,塚,me_single_phase_exclusive_mound_burial_or_isolated_site_type
13205010700,塚,[中世],0,0,0,0,0,0,1,塚,me_single_phase_exclusive_mound_burial_or_isolated_site_type
13205011900,塚,[中世],0,0,0,0,0,0,1,塚,me_single_phase_exclusive_mound_burial_or_isolated_site_type
13205012000,墓地,[中世],0,0,0,0,0,0,1,墓地,me_single_phase_exclusive_mound_burial_or_isolated_site_type
13205012500,塚,[中世],0,0,0,0,0,0,1,塚,me_single_phase_exclusive_mound_burial_or_isolated_site_type
13205017500,その他の墓,[中世],0,0,0,0,0,0,1,その他の墓,me_single_phase_exclusive_mound_burial_or_isolated_site_type
13206000401,古墳,[古墳時代],0,0,0,1,0,0,0,古墳,ko_single_phase_exclusive_mortuary_site_type
13206000402,古墳,[古墳時代],0,0,0,1,0,0,0,古墳,ko_single_phase_exclusive_mortuary_site_type
13206000403,古墳,[古墳時代],0,0,0,1,0,0,0,古墳,ko_single_phase_exclusive_mortuary_site_type
13206000404,古墳,[古墳時代],0,0,0,1,0,0,0,古墳,ko_single_phase_exclusive_mortuary_site_type
13206000405,古墳,[古墳時代],0,0,0,1,0,0,0,古墳,ko_single_phase_exclusive_mortuary_site_type
13206000406,古墳,[古墳時代],0,0,0,1,0,0,0,古墳,ko_single_phase_exclusive_mortuary_site_type
13206000407,古墳,[古墳時代],0,0,0,1,0,0,0,古墳,ko_single_phase_exclusive_mortuary_site_type
13206000408,古墳,[古墳時代],0,0,0,1,0,0,0,古墳,ko_single_phase_exclusive_mortuary_site_type
13206000409,古墳,[古墳時代],0,0,0,1,0,0,0,古墳,ko_single_phase_exclusive_mortuary_site_type
13206000410,古墳,[古墳時代],0,0,0,1,0,0,0,古墳,ko_single_phase_exclusive_mortuary_site_type
13206000411,古墳,[古墳時代],0,0,0,1,0,0,0,古墳,ko_single_phase_exclusive_mortuary_site_type
13206000412,古墳,[古墳時代],0,0,0,1,0,0,0,古墳,ko_single_phase_exclusive_mortuary_site_type
13206000413,古墳,[古墳時代],0,0,0,1,0,0,0,古墳,ko_single_phase_exclusive_mortuary_site_type
13206000414,古墳,[古墳時代],0,0,0,1,0,0,0,古墳,ko_single_phase_exclusive_mortuary_site_type
13206000415,古墳,[古墳時代],0,0,0,1,0,0,0,古墳,ko_single_phase_exclusive_mortuary_site_type
13206000416,古墳,[古墳時代],0,0,0,1,0,0,0,古墳,ko_single_phase_exclusive_mortuary_site_type
13206000417,古墳,[古墳時代],0,0,0,1,0,0,0,古墳,ko_single_phase_exclusive_mortuary_site_type
13206000419,古墳,[古墳時代],0,0,0,1,0,0,0,古墳,ko_single_phase_exclusive_mortuary_site_type
13206000420,古墳,[古墳時代],0,0,0,1,0,0,0,古墳,ko_single_phase_exclusive_mortuary_site_type
13206000422,古墳,[古墳時代],0,0,0,1,0,0,0,古墳,ko_single_phase_exclusive_mortuary_site_type
13206000423,古墳,[古墳時代],0,0,0,1,0,0,0,古墳,ko_single_phase_exclusive_mortuary_site_type
13206000424,古墳,[古墳時代],0,0,0,1,0,0,0,古墳,ko_single_phase_exclusive_mortuary_site_type
13206000425,古墳,[古墳時代],0,0,0,1,0,0,0,古墳,ko_single_phase_exclusive_mortuary_site_type
13206000426,古墳,[古墳時代],0,0,0,1,0,0,0,古墳,ko_single_phase_exclusive_mortuary_site_type
13206000427,古墳,[古墳時代],0,0,0,1,0,0,0,古墳,ko_single_phase_exclusive_mortuary_site_type
13206000428,古墳,[古墳時代],0,0,0,1,0,0,0,古墳,ko_single_phase_exclusive_mortuary_site_type
13206000429,古墳,[古墳時代],0,0,0,1,0,0,0,古墳,ko_single_phase_exclusive_mortuary_site_type
13206000461,古墳,[古墳時代],0,0,0,1,0,0,0,古墳,ko_single_phase_exclusive_mortuary_site_type
13206000462,古墳?,[古墳時代?],0,0,0,1,0,0,0,古墳?,ko_single_phase_exclusive_mortuary_site_type
13206000463,古墳?,[古墳時代?],0,0,0,1,0,0,0,古墳?,ko_single_phase_exclusive_mortuary_site_type
13206000464,古墳?,[古墳時代?],0,0,0,1,0,0,0,古墳?,ko_single_phase_exclusive_mortuary_site_type
13206000465,古墳?,[古墳時代?],0,0,0,1,0,0,0,古墳?,ko_single_phase_exclusive_mortuary_site_type
13206000421,古墳,[古墳時代],0,0,0,1,0,0,0,古墳,ko_single_phase_exclusive_mortuary_site_type
13206001000,塚,中世,0,0,0,0,0,0,1,塚,me_single_phase_exclusive_mound_burial_or_isolated_site_type
13206001100,塚,[中世],0,0,0,0,0,0,1,塚,me_single_phase_exclusive_mound_burial_or_isolated_site_type
13206002301,古墳,[古墳],0,0,0,1,0,0,0,古墳,ko_single_phase_exclusive_mortuary_site_type
13206002302,古墳,[古墳],0,0,0,1,0,0,0,古墳,ko_single_phase_exclusive_mortuary_site_type
13206002303,古墳,[古墳],0,0,0,1,0,0,0,古墳,ko_single_phase_exclusive_mortuary_site_type
13206002304,古墳,[古墳],0,0,0,1,0,0,0,古墳,ko_single_phase_exclusive_mortuary_site_type
13206002305,古墳,[古墳],0,0,0,1,0,0,0,古墳,ko_single_phase_exclusive_mortuary_site_type
13206002306,古墳,[古墳],0,0,0,1,0,0,0,古墳,ko_single_phase_exclusive_mortuary_site_type
13206002307,古墳,[古墳],0,0,0,1,0,0,0,古墳,ko_single_phase_exclusive_mortuary_site_type
13206002308,古墳,[古墳],0,0,0,1,0,0,0,古墳,ko_single_phase_exclusive_mortuary_site_type
13206002309,古墳,[古墳],0,0,0,1,0,0,0,古墳,ko_single_phase_exclusive_mortuary_site_type
13206002310,古墳,[古墳],0,0,0,1,0,0,0,古墳,ko_single_phase_exclusive_mortuary_site_type
13206002311,古墳,[古墳],0,0,0,1,0,0,0,古墳,ko_single_phase_exclusive_mortuary_site_type
13206002312,古墳,[古墳],0,0,0,1,0,0,0,古墳,ko_single_phase_exclusive_mortuary_site_type
13206002313,古墳,[古墳],0,0,0,1,0,0,0,古墳,ko_single_phase_exclusive_mortuary_site_type
13206002314,古墳,[古墳],0,0,0,1,0,0,0,古墳,ko_single_phase_exclusive_mortuary_site_type
13206002315,古墳,[古墳],0,0,0,1,0,0,0,古墳,ko_single_phase_exclusive_mortuary_site_type
13206002316,古墳,[古墳],0,0,0,1,0,0,0,古墳,ko_single_phase_exclusive_mortuary_site_type
13206003000,横穴墓,[古墳時代],0,0,0,1,0,0,0,横穴墓,ko_single_phase_exclusive_mortuary_site_type
13206003600,古墳,[古墳時代],0,0,0,1,0,0,0,古墳,ko_single_phase_exclusive_mortuary_site_type
13206003701,古墳,[古墳時代],0,0,0,1,0,0,0,古墳,ko_single_phase_exclusive_mortuary_site_type
13206003703,古墳,[古墳],0,0,0,1,0,0,0,古墳,ko_single_phase_exclusive_mortuary_site_type
13206003704,古墳,[古墳],0,0,0,1,0,0,0,古墳,ko_single_phase_exclusive_mortuary_site_type
13206003706,古墳,[古墳],0,0,0,1,0,0,0,古墳,ko_single_phase_exclusive_mortuary_site_type
13206003707,古墳,[古墳],0,0,0,1,0,0,0,古墳,ko_single_phase_exclusive_mortuary_site_type
13206003708,古墳,[古墳],0,0,0,1,0,0,0,古墳,ko_single_phase_exclusive_mortuary_site_type
13206003709,古墳,[古墳],0,0,0,1,0,0,0,古墳,ko_single_phase_exclusive_mortuary_site_type
13206003710,古墳,[古墳],0,0,0,1,0,0,0,古墳,ko_single_phase_exclusive_mortuary_site_type
13206003711,古墳,[古墳],0,0,0,1,0,0,0,古墳,ko_single_phase_exclusive_mortuary_site_type
13206003712,古墳,[古墳],0,0,0,1,0,0,0,古墳,ko_single_phase_exclusive_mortuary_site_type
13206003713,古墳,[古墳],0,0,0,1,0,0,0,古墳,ko_single_phase_exclusive_mortuary_site_type
13206003714,古墳,[古墳],0,0,0,1,0,0,0,古墳,ko_single_phase_exclusive_mortuary_site_type
13206003715,古墳,[古墳],0,0,0,1,0,0,0,古墳,ko_single_phase_exclusive_mortuary_site_type
13206003716,古墳,[古墳],0,0,0,1,0,0,0,古墳,ko_single_phase_exclusive_mortuary_site_type
13206003717,古墳,[古墳],0,0,0,1,0,0,0,古墳,ko_single_phase_exclusive_mortuary_site_type
13206003718,古墳,[古墳],0,0,0,1,0,0,0,古墳,ko_single_phase_exclusive_mortuary_site_type
13206003719,古墳,[古墳],0,0,0,1,0,0,0,古墳,ko_single_phase_exclusive_mortuary_site_type
13206003720,古墳,[古墳],0,0,0,1,0,0,0,古墳,ko_single_phase_exclusive_mortuary_site_type
13206003721,古墳,[古墳],0,0,0,1,0,0,0,古墳,ko_single_phase_exclusive_mortuary_site_type
13207002100,古墳,[古墳時代],0,0,0,1,0,0,0,古墳,ko_single_phase_exclusive_mortuary_site_type
13207004300,古墳,[古墳時代],0,0,0,1,0,0,0,古墳,ko_single_phase_exclusive_mortuary_site_type
13208005101,古墳,[古墳時代],0,0,0,1,0,0,0,古墳,ko_single_phase_exclusive_mortuary_site_type
13208005102,古墳,[古墳時代],0,0,0,1,0,0,0,古墳,ko_single_phase_exclusive_mortuary_site_type
13208005103,古墳,[古墳時代],0,0,0,1,0,0,0,古墳,ko_single_phase_exclusive_mortuary_site_type
13208005104,古墳,[古墳時代],0,0,0,1,0,0,0,古墳,ko_single_phase_exclusive_mortuary_site_type
13208005105,古墳,[古墳時代],0,0,0,1,0,0,0,古墳,ko_single_phase_exclusive_mortuary_site_type
13208005106,古墳,[古墳時代],0,0,0,1,0,0,0,古墳,ko_single_phase_exclusive_mortuary_site_type
13208005107,古墳,[古墳時代],0,0,0,1,0,0,0,古墳,ko_single_phase_exclusive_mortuary_site_type
13208005108,古墳,[古墳時代],0,0,0,1,0,0,0,古墳,ko_single_phase_exclusive_mortuary_site_type
13208005109,古墳,[古墳時代],0,0,0,1,0,0,0,古墳,ko_single_phase_exclusive_mortuary_site_type
13208005100,古墳,[古墳時代],0,0,0,1,0,0,0,古墳,ko_single_phase_exclusive_mortuary_site_type
13208005111,古墳,[古墳時代],0,0,0,1,0,0,0,古墳,ko_single_phase_exclusive_mortuary_site_type
13208005112,古墳,[古墳時代],0,0,0,1,0,0,0,古墳,ko_single_phase_exclusive_mortuary_site_type
13208005113,古墳,[古墳時代],0,0,0,1,0,0,0,古墳,ko_single_phase_exclusive_mortuary_site_type
13208005114,古墳,[古墳時代],0,0,0,1,0,0,0,古墳,ko_single_phase_exclusive_mortuary_site_type
13208005201,古墳,[古墳時代],0,0,0,1,0,0,0,古墳,ko_single_phase_exclusive_mortuary_site_type
13208005202,古墳,[古墳時代],0,0,0,1,0,0,0,古墳,ko_single_phase_exclusive_mortuary_site_type
13208005301,古墳,[古墳時代],0,0,0,1,0,0,0,古墳,ko_single_phase_exclusive_mortuary_site_type
13208005302,古墳,[古墳時代],0,0,0,1,0,0,0,古墳,ko_single_phase_exclusive_mortuary_site_type
13208005303,古墳,[古墳時代],0,0,0,1,0,0,0,古墳,ko_single_phase_exclusive_mortuary_site_type
13208005304,古墳,[古墳時代],0,0,0,1,0,0,0,古墳,ko_single_phase_exclusive_mortuary_site_type
13208005305,古墳,[古墳時代],0,0,0,1,0,0,0,古墳,ko_single_phase_exclusive_mortuary_site_type
13208005306,古墳,[古墳時代],0,0,0,1,0,0,0,古墳,ko_single_phase_exclusive_mortuary_site_type
13208005401,古墳,[古墳時代],0,0,0,1,0,0,0,古墳,ko_single_phase_exclusive_mortuary_site_type
13208005402,古墳,[古墳時代],0,0,0,1,0,0,0,古墳,ko_single_phase_exclusive_mortuary_site_type
13208005403,古墳,[古墳時代],0,0,0,1,0,0,0,古墳,ko_single_phase_exclusive_mortuary_site_type
13208005404,古墳,[古墳時代],0,0,0,1,0,0,0,古墳,ko_single_phase_exclusive_mortuary_site_type
13208005405,古墳,[古墳時代],0,0,0,1,0,0,0,古墳,ko_single_phase_exclusive_mortuary_site_type
13208005406,古墳,[古墳時代],0,0,0,1,0,0,0,古墳,ko_single_phase_exclusive_mortuary_site_type
13208005407,古墳,[古墳時代],0,0,0,1,0,0,0,古墳,ko_single_phase_exclusive_mortuary_site_type
13208005408,古墳,[古墳時代],0,0,0,1,0,0,0,古墳,ko_single_phase_exclusive_mortuary_site_type
13208005409,古墳,[古墳時代],0,0,0,1,0,0,0,古墳,ko_single_phase_exclusive_mortuary_site_type
13208005500,古墳,[古墳時代],0,0,0,1,0,0,0,古墳,ko_single_phase_exclusive_mortuary_site_type
13208005600,古墳,[古墳時代],0,0,0,1,0,0,0,古墳,ko_single_phase_exclusive_mortuary_site_type
13208005700,横穴墓,[古墳時代],0,0,0,1,0,0,0,横穴墓,ko_single_phase_exclusive_mortuary_site_type
13208005800,横穴墓群,[古墳時代],0,0,0,1,0,0,0,横穴墓群,ko_single_phase_exclusive_mortuary_site_type
13209021400,古墳,[古墳時代],0,0,0,1,0,0,0,古墳,ko_single_phase_exclusive_mortuary_site_type
13209039300,横穴墓,[古墳時代],0,0,0,1,0,0,0,横穴墓,ko_single_phase_exclusive_mortuary_site_type
13209044200,横穴墓,[古墳時代],0,0,0,1,0,0,0,横穴墓,ko_single_phase_exclusive_mortuary_site_type
13209044700,古墳,[古墳時代],0,0,0,1,0,0,0,古墳,ko_single_phase_exclusive_mortuary_site_type
13209044900,横穴墓,[古墳時代],0,0,0,1,0,0,0,横穴墓,ko_single_phase_exclusive_mortuary_site_type
13209060900,横穴墓,[古墳時代],0,0,0,1,0,0,0,横穴墓,ko_single_phase_exclusive_mortuary_site_type
13209068700,横穴墓,[古墳時代],0,0,0,1,0,0,0,横穴墓,ko_single_phase_exclusive_mortuary_site_type
13209069000,古墳,[古墳時代],0,0,0,1,0,0,0,古墳,ko_single_phase_exclusive_mortuary_site_type
13209069100,古墳,[古墳時代],0,0,0,1,0,0,0,古墳,ko_single_phase_exclusive_mortuary_site_type
13209070700,塚,[中世][近世],0,0,0,0,0,0,1,塚,me_single_phase_exclusive_mound_burial_or_isolated_site_type
13209086800,塚,[中世],0,0,0,0,0,0,1,塚,me_single_phase_exclusive_mound_burial_or_isolated_site_type
13209092000,横穴墓,[古墳時代],0,0,0,1,0,0,0,横穴墓,ko_single_phase_exclusive_mortuary_site_type
13209093800,横穴墓,[古墳時代],0,0,0,1,0,0,0,横穴墓,ko_single_phase_exclusive_mortuary_site_type
13209095500,横穴墓,[古墳時代],0,0,0,1,0,0,0,横穴墓,ko_single_phase_exclusive_mortuary_site_type
13209100900,横穴墓,[古墳時代],0,0,0,1,0,0,0,横穴墓,ko_single_phase_exclusive_mortuary_site_type
13209101100,横穴墓,[古墳時代],0,0,0,1,0,0,0,横穴墓,ko_single_phase_exclusive_mortuary_site_type
13209101200,横穴墓,[古墳時代],0,0,0,1,0,0,0,横穴墓,ko_single_phase_exclusive_mortuary_site_type
13210000302,横穴墓,[古墳時代],0,0,0,1,0,0,0,横穴墓,ko_single_phase_exclusive_mortuary_site_type
13212000900,古墳,[古墳時代],0,0,0,1,0,0,0,古墳,ko_single_phase_exclusive_mortuary_site_type
13212001900,古墳,[古墳時代],0,0,0,1,0,0,0,古墳,ko_single_phase_exclusive_mortuary_site_type
13212002300,古墳,[古墳時代],0,0,0,1,0,0,0,古墳,ko_single_phase_exclusive_mortuary_site_type
13212002400,横穴墓,[古墳時代?],0,0,0,1,0,0,0,横穴墓,ko_single_phase_exclusive_mortuary_site_type
13212004300,古墳,[古墳時代],0,0,0,1,0,0,0,古墳,ko_single_phase_exclusive_mortuary_site_type
13212004400,塚,[中世],0,0,0,0,0,0,1,塚,me_single_phase_exclusive_mound_burial_or_isolated_site_type
13212004800,古墳,[古墳時代],0,0,0,1,0,0,0,古墳,ko_single_phase_exclusive_mortuary_site_type
13215001000,古墳,[古墳時代],0,0,0,1,0,0,0,古墳,ko_single_phase_exclusive_mortuary_site_type
13215001001,古墳・その他の墓,[古墳時代][近世],0,0,0,1,0,0,0,古墳;その他の墓,ko_single_phase_exclusive_mortuary_site_type
13215001002,古墳,[古墳時代],0,0,0,1,0,0,0,古墳,ko_single_phase_exclusive_mortuary_site_type
13215001003,古墳,[古墳時代],0,0,0,1,0,0,0,古墳,ko_single_phase_exclusive_mortuary_site_type
13215001004,古墳,[古墳時代],0,0,0,1,0,0,0,古墳,ko_single_phase_exclusive_mortuary_site_type
13215001005,古墳,[古墳時代],0,0,0,1,0,0,0,古墳,ko_single_phase_exclusive_mortuary_site_type
13215001006,古墳,[古墳時代],0,0,0,1,0,0,0,古墳,ko_single_phase_exclusive_mortuary_site_type
13215001007,古墳,[古墳時代],0,0,0,1,0,0,0,古墳,ko_single_phase_exclusive_mortuary_site_type
13215001008,古墳,[古墳時代],0,0,0,1,0,0,0,古墳,ko_single_phase_exclusive_mortuary_site_type
13215001009,古墳,[古墳時代],0,0,0,1,0,0,0,古墳,ko_single_phase_exclusive_mortuary_site_type
13215001010,古墳,[古墳時代],0,0,0,1,0,0,0,古墳,ko_single_phase_exclusive_mortuary_site_type
13215001011,古墳,[古墳時代],0,0,0,1,0,0,0,古墳,ko_single_phase_exclusive_mortuary_site_type
13215001012,古墳,[古墳時代],0,0,0,1,0,0,0,古墳,ko_single_phase_exclusive_mortuary_site_type
13215001013,古墳,[古墳時代],0,0,0,1,0,0,0,古墳,ko_single_phase_exclusive_mortuary_site_type
13215001100,古墳,[古墳時代],0,0,0,1,0,0,0,古墳,ko_single_phase_exclusive_mortuary_site_type
13215001400,古墳,[古墳時代],0,0,0,1,0,0,0,古墳,ko_single_phase_exclusive_mortuary_site_type
13215002300,古墳群,[古墳時代],0,0,0,1,0,0,0,古墳群,ko_single_phase_exclusive_mortuary_site_type
13215002301,古墳,[古墳時代],0,0,0,1,0,0,0,古墳,ko_single_phase_exclusive_mortuary_site_type
13215002302,古墳,[古墳時代],0,0,0,1,0,0,0,古墳,ko_single_phase_exclusive_mortuary_site_type
13215002303,古墳,[古墳時代],0,0,0,1,0,0,0,古墳,ko_single_phase_exclusive_mortuary_site_type
13215002304,古墳,[古墳時代],0,0,0,1,0,0,0,古墳,ko_single_phase_exclusive_mortuary_site_type
13215002305,古墳,[古墳時代],0,0,0,1,0,0,0,古墳,ko_single_phase_exclusive_mortuary_site_type
13215002306,古墳,[古墳時代],0,0,0,1,0,0,0,古墳,ko_single_phase_exclusive_mortuary_site_type
13215002307,古墳,[古墳時代],0,0,0,1,0,0,0,古墳,ko_single_phase_exclusive_mortuary_site_type
13215002308,古墳,[古墳時代],0,0,0,1,0,0,0,古墳,ko_single_phase_exclusive_mortuary_site_type
13215002309,古墳,[古墳時代],0,0,0,1,0,0,0,古墳,ko_single_phase_exclusive_mortuary_site_type
13215002310,古墳,[古墳時代],0,0,0,1,0,0,0,古墳,ko_single_phase_exclusive_mortuary_site_type
13215002311,古墳,[古墳時代],0,0,0,1,0,0,0,古墳,ko_single_phase_exclusive_mortuary_site_type
13215002312,古墳,[古墳時代],0,0,0,1,0,0,0,古墳,ko_single_phase_exclusive_mortuary_site_type
13215002800,古墳,[古墳時代],0,0,0,1,0,0,0,古墳,ko_single_phase_exclusive_mortuary_site_type
13219002400,古墳,[古墳時代],0,0,0,1,0,0,0,古墳,ko_single_phase_exclusive_mortuary_site_type
13219002500,古墳,[古墳時代],0,0,0,1,0,0,0,古墳,ko_single_phase_exclusive_mortuary_site_type
13219003000,古墳,[古墳時代],0,0,0,1,0,0,0,古墳,ko_single_phase_exclusive_mortuary_site_type
13219003300,古墳,[古墳時代],0,0,0,1,0,0,0,古墳,ko_single_phase_exclusive_mortuary_site_type
13219003400,古墳,[古墳時代],0,0,0,1,0,0,0,古墳,ko_single_phase_exclusive_mortuary_site_type
13219003500,古墳,[古墳時代],0,0,0,1,0,0,0,古墳,ko_single_phase_exclusive_mortuary_site_type
13219003702,古墳,[古墳時代],0,0,0,1,0,0,0,古墳,ko_single_phase_exclusive_mortuary_site_type
13219003800,古墳,[古墳時代],0,0,0,1,0,0,0,古墳,ko_single_phase_exclusive_mortuary_site_type
13219003900,古墳,[古墳時代],0,0,0,1,0,0,0,古墳,ko_single_phase_exclusive_mortuary_site_type
13219004100,古墳,[古墳時代],0,0,0,1,0,0,0,古墳,ko_single_phase_exclusive_mortuary_site_type
13219004202,古墳,[古墳時代],0,0,0,1,0,0,0,古墳,ko_single_phase_exclusive_mortuary_site_type
13219004203,古墳,[古墳時代],0,0,0,1,0,0,0,古墳,ko_single_phase_exclusive_mortuary_site_type
13219004204,古墳,[古墳時代],0,0,0,1,0,0,0,古墳,ko_single_phase_exclusive_mortuary_site_type
13219004800,古墳,[古墳時代],0,0,0,1,0,0,0,古墳,ko_single_phase_exclusive_mortuary_site_type
13219005200,古墳,[古墳時代],0,0,0,1,0,0,0,古墳,ko_single_phase_exclusive_mortuary_site_type
13219005300,古墳,[古墳時代],0,0,0,1,0,0,0,古墳,ko_single_phase_exclusive_mortuary_site_type
13219005500,古墳,[古墳時代],0,0,0,1,0,0,0,古墳,ko_single_phase_exclusive_mortuary_site_type
13219005700,古墳,[古墳時代],0,0,0,1,0,0,0,古墳,ko_single_phase_exclusive_mortuary_site_type
13219005800,古墳,[古墳時代],0,0,0,1,0,0,0,古墳,ko_single_phase_exclusive_mortuary_site_type
13219006600,古墳,[古墳時代],0,0,0,1,0,0,0,古墳,ko_single_phase_exclusive_mortuary_site_type
13219006700,古墳,[古墳時代],0,0,0,1,0,0,0,古墳,ko_single_phase_exclusive_mortuary_site_type
13221006400,塚,[中世],0,0,0,0,0,0,1,塚,me_single_phase_exclusive_mound_burial_or_isolated_site_type
13224000201,横穴墓,[古墳時代],0,0,0,1,0,0,0,横穴墓,ko_single_phase_exclusive_mortuary_site_type
13224000202,横穴墓,[古墳時代],0,0,0,1,0,0,0,横穴墓,ko_single_phase_exclusive_mortuary_site_type
13224000400,古墳,[古墳時代],0,0,0,1,0,0,0,古墳,ko_single_phase_exclusive_mortuary_site_type
13224000500,古墳,[古墳時代],0,0,0,1,0,0,0,古墳,ko_single_phase_exclusive_mortuary_site_type
13224000600,古墳,[古墳時代],0,0,0,1,0,0,0,古墳,ko_single_phase_exclusive_mortuary_site_type
13224011200,塚,[中世][近世],0,0,0,0,0,0,1,塚,me_single_phase_exclusive_mound_burial_or_isolated_site_type
13224011700,塚,[中世][近世],0,0,0,0,0,0,1,塚,me_single_phase_exclusive_mound_burial_or_isolated_site_type
13224019300,墓地,[中世],0,0,0,0,0,0,1,墓地,me_single_phase_exclusive_mound_burial_or_isolated_site_type
13224019400,墓地,[中世],0,0,0,0,0,0,1,墓地,me_single_phase_exclusive_mound_burial_or_isolated_site_type
13224019500,墓地,[中世],0,0,0,0,0,0,1,墓地,me_single_phase_exclusive_mound_burial_or_isolated_site_type
13224019600,墓地,[中世][近世],0,0,0,0,0,0,1,墓地,me_single_phase_exclusive_mound_burial_or_isolated_site_type
13224019700,墓地,[中世],0,0,0,0,0,0,1,墓地,me_single_phase_exclusive_mound_burial_or_isolated_site_type
13224019900,墓地,[中世],0,0,0,0,0,0,1,墓地,me_single_phase_exclusive_mound_burial_or_isolated_site_type
13224020800,古墳,[古墳時代],0,0,0,1,0,0,0,古墳,ko_single_phase_exclusive_mortuary_site_type
13224020801,古墳,[古墳時代],0,0,0,1,0,0,0,古墳,ko_single_phase_exclusive_mortuary_site_type
13224020802,古墳,[古墳時代],0,0,0,1,0,0,0,古墳,ko_single_phase_exclusive_mortuary_site_type
13224020803,古墳,[古墳時代],0,0,0,1,0,0,0,古墳,ko_single_phase_exclusive_mortuary_site_type
13224020804,古墳,[古墳時代],0,0,0,1,0,0,0,古墳,ko_single_phase_exclusive_mortuary_site_type
13224020805,古墳,[古墳時代],0,0,0,1,0,0,0,古墳,ko_single_phase_exclusive_mortuary_site_type
13224020806,古墳,[古墳時代],0,0,0,1,0,0,0,古墳,ko_single_phase_exclusive_mortuary_site_type
13224020807,古墳,[古墳時代],0,0,0,1,0,0,0,古墳,ko_single_phase_exclusive_mortuary_site_type
13224020808,古墳,[古墳時代],0,0,0,1,0,0,0,古墳,ko_single_phase_exclusive_mortuary_site_type
13224020809,古墳,[古墳時代],0,0,0,1,0,0,0,古墳,ko_single_phase_exclusive_mortuary_site_type
13224024900,墓地,[中世],0,0,0,0,0,0,1,墓地,me_single_phase_exclusive_mound_burial_or_isolated_site_type
13224029400,塚,[中世][近世],0,0,0,0,0,0,1,塚,me_single_phase_exclusive_mound_burial_or_isolated_site_type
13225003100,横穴墓,[古墳時代],0,0,0,1,0,0,0,横穴墓,ko_single_phase_exclusive_mortuary_site_type
13225007600,塚,[中世],0,0,0,0,0,0,1,塚,me_single_phase_exclusive_mound_burial_or_isolated_site_type
13225007700,塚,[中世],0,0,0,0,0,0,1,塚,me_single_phase_exclusive_mound_burial_or_isolated_site_type
13225008000,横穴墓群,[古墳時代],0,0,0,1,0,0,0,横穴墓群,ko_single_phase_exclusive_mortuary_site_type
13225008400,経塚,[中世],0,0,0,0,0,0,1,経塚,me_single_phase_exclusive_mound_burial_or_isolated_site_type
13225009400,墓地,[中世],0,0,0,0,0,0,1,墓地,me_single_phase_exclusive_mound_burial_or_isolated_site_type
13225009500,墓地,[中世],0,0,0,0,0,0,1,墓地,me_single_phase_exclusive_mound_burial_or_isolated_site_type
13225010800,墓地,[中世],0,0,0,0,0,0,1,墓地,me_single_phase_exclusive_mound_burial_or_isolated_site_type
13228002200,古墳,[古墳時代],0,0,0,1,0,0,0,古墳,ko_single_phase_exclusive_mortuary_site_type
13228004701,古墳,[古墳時代],0,0,0,1,0,0,0,古墳,ko_single_phase_exclusive_mortuary_site_type
13228004702,古墳,[古墳時代],0,0,0,1,0,0,0,古墳,ko_single_phase_exclusive_mortuary_site_type
13228004703,古墳,[古墳時代],0,0,0,1,0,0,0,古墳,ko_single_phase_exclusive_mortuary_site_type
13228004704,古墳,[古墳時代],0,0,0,1,0,0,0,古墳,ko_single_phase_exclusive_mortuary_site_type
13228005000,古墳,[古墳時代？],0,0,0,1,0,0,0,古墳,ko_single_phase_exclusive_mortuary_site_type
13228005900,古墳,[古墳時代],0,0,0,1,0,0,0,古墳,ko_single_phase_exclusive_mortuary_site_type
13228005901,古墳,[古墳時代？],0,0,0,1,0,0,0,古墳,ko_single_phase_exclusive_mortuary_site_type
13228005903,古墳,[古墳時代？],0,0,0,1,0,0,0,古墳,ko_single_phase_exclusive_mortuary_site_type
13228005904,古墳,[古墳時代？],0,0,0,1,0,0,0,古墳,ko_single_phase_exclusive_mortuary_site_type
13228005905,古墳,[古墳時代？],0,0,0,1,0,0,0,古墳,ko_single_phase_exclusive_mortuary_site_type
13228005906,古墳,[古墳時代？],0,0,0,1,0,0,0,古墳,ko_single_phase_exclusive_mortuary_site_type
13228005907,古墳,[古墳時代？],0,0,0,1,0,0,0,古墳,ko_single_phase_exclusive_mortuary_site_type
13228005908,古墳,[古墳時代？],0,0,0,1,0,0,0,古墳,ko_single_phase_exclusive_mortuary_site_type
13228005909,古墳,[古墳時代],0,0,0,1,0,0,0,古墳,ko_single_phase_exclusive_mortuary_site_type
13228005910,古墳,[古墳時代],0,0,0,1,0,0,0,古墳,ko_single_phase_exclusive_mortuary_site_type
13228005911,古墳,[古墳時代],0,0,0,1,0,0,0,古墳,ko_single_phase_exclusive_mortuary_site_type
13228006601,古墳,[古墳時代？],0,0,0,1,0,0,0,古墳,ko_single_phase_exclusive_mortuary_site_type
13228006602,古墳,[古墳時代？],0,0,0,1,0,0,0,古墳,ko_single_phase_exclusive_mortuary_site_type
13228006603,古墳,[古墳時代？],0,0,0,1,0,0,0,古墳,ko_single_phase_exclusive_mortuary_site_type
13228006700,古墳,[古墳時代],0,0,0,1,0,0,0,古墳,ko_single_phase_exclusive_mortuary_site_type
13228006701,古墳,[古墳時代],0,0,0,1,0,0,0,古墳,ko_single_phase_exclusive_mortuary_site_type
13228006702,古墳,[古墳時代],0,0,0,1,0,0,0,古墳,ko_single_phase_exclusive_mortuary_site_type
13228006703,古墳,[古墳時代],0,0,0,1,0,0,0,古墳,ko_single_phase_exclusive_mortuary_site_type
13228006704,古墳,[古墳時代],0,0,0,1,0,0,0,古墳,ko_single_phase_exclusive_mortuary_site_type
13228006705,古墳,[古墳時代],0,0,0,1,0,0,0,古墳,ko_single_phase_exclusive_mortuary_site_type
13228006706,古墳,[古墳時代],0,0,0,1,0,0,0,古墳,ko_single_phase_exclusive_mortuary_site_type
13228006707,古墳,[古墳時代],0,0,0,1,0,0,0,古墳,ko_single_phase_exclusive_mortuary_site_type
13228006708,古墳,[古墳時代],0,0,0,1,0,0,0,古墳,ko_single_phase_exclusive_mortuary_site_type
13228006709,古墳,[古墳時代],0,0,0,1,0,0,0,古墳,ko_single_phase_exclusive_mortuary_site_type
13228006710,古墳,[古墳時代],0,0,0,1,0,0,0,古墳,ko_single_phase_exclusive_mortuary_site_type
13228006711,古墳,[古墳時代],0,0,0,1,0,0,0,古墳,ko_single_phase_exclusive_mortuary_site_type
13228006712,古墳,[古墳時代],0,0,0,1,0,0,0,古墳,ko_single_phase_exclusive_mortuary_site_type
13228006713,古墳,[古墳時代],0,0,0,1,0,0,0,古墳,ko_single_phase_exclusive_mortuary_site_type
13228006714,古墳,[古墳時代],0,0,0,1,0,0,0,古墳,ko_single_phase_exclusive_mortuary_site_type
13228006715,古墳,[古墳時代],0,0,0,1,0,0,0,古墳,ko_single_phase_exclusive_mortuary_site_type
13228006716,古墳,[古墳時代],0,0,0,1,0,0,0,古墳,ko_single_phase_exclusive_mortuary_site_type
13228006717,古墳,[古墳時代],0,0,0,1,0,0,0,古墳,ko_single_phase_exclusive_mortuary_site_type
13228006718,古墳,[古墳時代],0,0,0,1,0,0,0,古墳,ko_single_phase_exclusive_mortuary_site_type
13228006719,古墳,[古墳時代],0,0,0,1,0,0,0,古墳,ko_single_phase_exclusive_mortuary_site_type
13228006720,古墳,[古墳時代],0,0,0,1,0,0,0,古墳,ko_single_phase_exclusive_mortuary_site_type
13228006721,古墳,[古墳時代],0,0,0,1,0,0,0,古墳,ko_single_phase_exclusive_mortuary_site_type
13228006722,古墳,[古墳時代],0,0,0,1,0,0,0,古墳,ko_single_phase_exclusive_mortuary_site_type
13228006723,古墳,[古墳時代],0,0,0,1,0,0,0,古墳,ko_single_phase_exclusive_mortuary_site_type
13228006724,古墳,[古墳時代],0,0,0,1,0,0,0,古墳,ko_single_phase_exclusive_mortuary_site_type
13228006725,古墳,[古墳時代],0,0,0,1,0,0,0,古墳,ko_single_phase_exclusive_mortuary_site_type
13228006727,古墳,[古墳時代],0,0,0,1,0,0,0,古墳,ko_single_phase_exclusive_mortuary_site_type
13228006728,古墳,[古墳時代],0,0,0,1,0,0,0,古墳,ko_single_phase_exclusive_mortuary_site_type
13228006729,古墳,[古墳時代],0,0,0,1,0,0,0,古墳,ko_single_phase_exclusive_mortuary_site_type
13228006730,古墳,[古墳時代],0,0,0,1,0,0,0,古墳,ko_single_phase_exclusive_mortuary_site_type
13228006731,古墳,[古墳時代],0,0,0,1,0,0,0,古墳,ko_single_phase_exclusive_mortuary_site_type
13228006732,古墳,[古墳時代],0,0,0,1,0,0,0,古墳,ko_single_phase_exclusive_mortuary_site_type
13228006733,古墳,[古墳時代],0,0,0,1,0,0,0,古墳,ko_single_phase_exclusive_mortuary_site_type
13228006734,古墳,[古墳時代],0,0,0,1,0,0,0,古墳,ko_single_phase_exclusive_mortuary_site_type
13228006735,古墳,[古墳時代],0,0,0,1,0,0,0,古墳,ko_single_phase_exclusive_mortuary_site_type
13228006737,古墳,[古墳時代],0,0,0,1,0,0,0,古墳,ko_single_phase_exclusive_mortuary_site_type
13228006738,古墳,[古墳時代],0,0,0,1,0,0,0,古墳,ko_single_phase_exclusive_mortuary_site_type
13228006739,古墳,[古墳時代],0,0,0,1,0,0,0,古墳,ko_single_phase_exclusive_mortuary_site_type
13228006740,古墳,[古墳時代],0,0,0,1,0,0,0,古墳,ko_single_phase_exclusive_mortuary_site_type
13228006741,古墳,[古墳時代],0,0,0,1,0,0,0,古墳,ko_single_phase_exclusive_mortuary_site_type
13228006742,古墳,[古墳時代],0,0,0,1,0,0,0,古墳,ko_single_phase_exclusive_mortuary_site_type
13228006743,古墳,[古墳時代],0,0,0,1,0,0,0,古墳,ko_single_phase_exclusive_mortuary_site_type
13228006744,古墳,[古墳時代],0,0,0,1,0,0,0,古墳,ko_single_phase_exclusive_mortuary_site_type
13228006745,古墳,[古墳時代],0,0,0,1,0,0,0,古墳,ko_single_phase_exclusive_mortuary_site_type
13228006746,古墳,[古墳時代],0,0,0,1,0,0,0,古墳,ko_single_phase_exclusive_mortuary_site_type
13228006747,古墳,[古墳時代],0,0,0,1,0,0,0,古墳,ko_single_phase_exclusive_mortuary_site_type
13228006905,古墳,[古墳時代？],0,0,0,1,0,0,0,古墳,ko_single_phase_exclusive_mortuary_site_type
13228007100,古墳,[古墳時代？],0,0,0,1,0,0,0,古墳,ko_single_phase_exclusive_mortuary_site_type
13228010401,古墳,[古墳時代],0,0,0,1,0,0,0,古墳,ko_single_phase_exclusive_mortuary_site_type
13228010402,古墳,[古墳時代],0,0,0,1,0,0,0,古墳,ko_single_phase_exclusive_mortuary_site_type
13228010403,古墳,[古墳時代],0,0,0,1,0,0,0,古墳,ko_single_phase_exclusive_mortuary_site_type
13228010500,古墳,[古墳時代],0,0,0,1,0,0,0,古墳,ko_single_phase_exclusive_mortuary_site_type
13305001900,古墳,[古墳時代],0,0,0,1,0,0,0,古墳,ko_single_phase_exclusive_mortuary_site_type
13308001201,塚,[中世],0,0,0,0,0,0,1,塚,me_single_phase_exclusive_mound_burial_or_isolated_site_type
