gsi_landform_class,observed_count,expected_count,selection_ratio,log2_selection_ratio,pearson_residual,monte_carlo_p,monte_carlo_p_bh,expected_status,selection_signal,activity_domain,phase_code,phase_order,n_observed_domain,coverage_threshold
氾濫平野・海岸平野,33,101.25215921952405,0.32591897550009724,-1.6028264086708583,-6.782881792499944,5e-4,0.00175,eligible,underrepresented,general_activity,Pa,1,659,0.95
台地・段丘,371,289.4845724403635,1.2815881581269049,0.3573860617506547,4.791010238503481,5e-4,0.00175,eligible,overrepresented,general_activity,Pa,1,659,0.95
旧水部,0,14.398896542661225,0,-4.897133579173361,-3.794587796146141,5e-4,0.00175,eligible,underrepresented,general_activity,Pa,1,659,0.95
凹地・浅い谷,19,39.50963845655823,0.48089531421278237,-1.03687346798563,-3.2629203831232374,5e-4,0.00175,eligible,underrepresented,general_activity,Pa,1,659,0.95
山地斜面等,211,180.65626250704128,1.1679639392062373,0.22342298324166593,2.25757694875664,0.001,0.0028,eligible,overrepresented,general_activity,Pa,1,659,0.95
砂州・砂丘,0,3.1470828501066053,0,-2.8667429734827135,-1.7740019306941595,0.0795,0.18550000000000003,low_expected_descriptive_only,no_clear_signal,general_activity,Pa,1,659,0.95
旧河道,1,3.981016275286159,0.25119214061191425,-1.5788634657228413,-1.4940577016628485,0.1915,0.383,low_expected_descriptive_only,no_clear_signal,general_activity,Pa,1,659,0.95
自然堤防,0,1.3095989209541201,0,-1.8556699741758906,-1.1443770886181357,0.3895,0.5453,low_expected_descriptive_only,no_clear_signal,general_activity,Pa,1,659,0.95
崖・段丘崖,9,6.185315919053854,1.4550590653382016,0.5069317759995758,1.1317453366803278,0.301,0.5267499999999999,eligible,no_clear_signal,general_activity,Pa,1,659,0.95
後背低地・湿地,1,2.5412590416356173,0.3935057322437996,-1.019706203568229,-0.9668323401083648,0.3865,0.5453,low_expected_descriptive_only,no_clear_signal,general_activity,Pa,1,659,0.95
水部,7,9.49488639403187,0.7372389420477888,-0.41429957319246963,-0.8096659733287495,0.5105,0.6497272727272727,eligible,no_clear_signal,general_activity,Pa,1,659,0.95
扇状地,0,0.2675659682391226,0,-0.6183626529394985,-0.5172677916119682,1,1,low_expected_descriptive_only,no_clear_signal,general_activity,Pa,1,659,0.95
河川敷・浜,0,0.030787579265483752,0,-0.08620651632234423,-0.17546389732786558,1,1,low_expected_descriptive_only,no_clear_signal,general_activity,Pa,1,659,0.95
山麓堆積地形,7,6.74095788527907,1.0384280867985582,0.05071003574041732,0.09977220489183328,1,1,eligible,no_clear_signal,general_activity,Pa,1,659,0.95
氾濫平野・海岸平野,290,620.1336306606956,0.46764114323396966,-1.0952037115688047,-13.257057071558034,5e-4,0.001,eligible,underrepresented,general_activity,Jo,2,3390,0.95
旧水部,0,87.12401249867168,0,-7.453254375279702,-9.33402445350727,5e-4,0.001,eligible,underrepresented,general_activity,Jo,2,3390,0.95
山地斜面等,1621,1310.0711641653752,1.23733736329714,0.3071333294932965,8.590403370624639,5e-4,0.001,eligible,overrepresented,general_activity,Jo,2,3390,0.95
台地・段丘,1304,1057.6944399406252,1.2328702418755282,0.3018922016142023,7.573455971108174,5e-4,0.001,eligible,overrepresented,general_activity,Jo,2,3390,0.95
凹地・浅い谷,50,117.16010959818774,0.42676641539069887,-1.2202699922308136,-6.204710337132806,5e-4,0.001,eligible,underrepresented,general_activity,Jo,2,3390,0.95
旧河道,2,23.100421124316497,0.0865785082114678,-3.2388126031694218,-4.390168349931404,5e-4,0.001,eligible,underrepresented,general_activity,Jo,2,3390,0.95
水部,25,55.45073182041484,0.4508506773358031,-1.1336597543012452,-4.089254058359534,5e-4,0.001,eligible,underrepresented,general_activity,Jo,2,3390,0.95
自然堤防,3,8.4167948888183,0.3564302135941908,-1.349170309506378,-1.8671061913026994,0.0615,0.09722222222222222,eligible,no_clear_signal,general_activity,Jo,2,3390,0.95
砂州・砂丘,10,17.847820122676794,0.5602925136663811,-0.8052193408982407,-1.8576181683383173,0.0625,0.09722222222222222,eligible,no_clear_signal,general_activity,Jo,2,3390,0.95
山麓堆積地形,45,51.91183616427267,0.8668543308235047,-0.20402610704720284,-0.9593128016087271,0.3565,0.49909999999999993,eligible,no_clear_signal,general_activity,Jo,2,3390,0.95
扇状地,1,2.1692260714843403,0.4609939061426309,-0.8314589997370444,-0.7938639541048399,0.5265,0.6700909090909091,low_expected_descriptive_only,no_clear_signal,general_activity,Jo,2,3390,0.95
後背低地・湿地,9,10.962643567438022,0.8209698641240515,-0.2709403848592008,-0.5927666864412046,0.639,0.7455,eligible,no_clear_signal,general_activity,Jo,2,3390,0.95
崖・段丘崖,30,27.842093499145214,1.0775051811718481,0.10586291528462138,0.40896079799983165,0.717,0.7721538461538461,eligible,no_clear_signal,general_activity,Jo,2,3390,0.95
河川敷・浜,0,0.1150758778780791,0,-0.2988363023708992,-0.3392283565359463,1,1,low_expected_descriptive_only,no_clear_signal,general_activity,Jo,2,3390,0.95
台地・段丘,344,221.23890497680298,1.5548802324621367,0.6356420639067141,8.253345076014815,5e-4,0.00175,eligible,overrepresented,general_activity,Ya,3,593,0.95
氾濫平野・海岸平野,49,124.90016946558686,0.39231331878617454,-1.3410388674921367,-6.791430047207245,5e-4,0.00175,eligible,underrepresented,general_activity,Ya,3,593,0.95
旧水部,0,22.43226460571035,0,-5.519306925780975,-4.736271171049052,5e-4,0.00175,eligible,underrepresented,general_activity,Ya,3,593,0.95
水部,2,14.844530534972057,0.13472975755536515,-2.6177245073079183,-3.3337651462097306,5e-4,0.00175,eligible,underrepresented,general_activity,Ya,3,593,0.95
凹地・浅い谷,8,21.73188308284917,0.36812272408706315,-1.3870954061957808,-2.94565185918935,0.002,0.0056,eligible,underrepresented,general_activity,Ya,3,593,0.95
旧河道,0,4.669438151240031,0,-3.370007487413025,-2.160888278287434,0.0275,0.06416666666666668,low_expected_descriptive_only,no_clear_signal,general_activity,Ya,3,593,0.95
砂州・砂丘,5,8.330861297456794,0.6001780393974842,-0.6831225359942176,-1.154015378772837,0.283,0.49524999999999997,eligible,no_clear_signal,general_activity,Ya,3,593,0.95
自然堤防,6,4.104886790368795,1.4616724666019212,0.49727402957283606,0.9353724338360215,0.432,0.672,low_expected_descriptive_only,no_clear_signal,general_activity,Ya,3,593,0.95
山地斜面等,162,151.77452926587887,1.0673727718582353,0.09376507359034131,0.8300110281875814,0.2485,0.49524999999999997,eligible,no_clear_signal,general_activity,Ya,3,593,0.95
山麓堆積地形,5,6.256549134751509,0.7991625882433967,-0.29685496849959225,-0.502356522768932,0.7065,0.9333333333333335,eligible,no_clear_signal,general_activity,Ya,3,593,0.95
扇状地,0,0.1982852399498061,0,-0.48188838309575194,-0.44529230843324263,1,1,low_expected_descriptive_only,no_clear_signal,general_activity,Ya,3,593,0.95
崖・段丘崖,7,8.031286628544484,0.8715913556267404,-0.18587273944537538,-0.3639039954873627,0.7485,0.9333333333333335,eligible,no_clear_signal,general_activity,Ya,3,593,0.95
後背低地・湿地,5,4.480828066944918,1.1158651761010459,0.1430460071142585,0.24526301688217797,0.8,0.9333333333333335,low_expected_descriptive_only,no_clear_signal,general_activity,Ya,3,593,0.95
河川敷・浜,0,0.0055827589433303,0,-0.01601917161210019,-0.07471786227757256,1,1,low_expected_descriptive_only,no_clear_signal,general_activity,Ya,3,593,0.95
台地・段丘,480,323.73740570110454,1.4826831609417643,0.5674858937940243,8.684775354213336,5e-4,0.00175,eligible,overrepresented,general_activity,Ko,4,885,0.95
氾濫平野・海岸平野,86,183.03996857624588,0.4698427380038389,-1.0853222278650865,-7.172617656377344,5e-4,0.00175,eligible,underrepresented,general_activity,Ko,4,885,0.95
水部,2,18.253563151749663,0.10956764897752544,-2.9071647317674665,-3.8042999947039817,0.001,0.0028,eligible,underrepresented,general_activity,Ko,4,885,0.95
旧水部,1,15.942335849945652,0.062726065327711,-3.454380861540477,-3.7423337525230647,5e-4,0.00175,eligible,underrepresented,general_activity,Ko,4,885,0.95
凹地・浅い谷,10,29.167686796186153,0.3428451515499528,-1.4985031156854332,-3.549103874456999,5e-4,0.00175,eligible,underrepresented,general_activity,Ko,4,885,0.95
旧河道,3,10.821243202074468,0.2772324717205219,-1.6936055641256371,-2.3775913478215793,0.014,0.03266666666666667,eligible,underrepresented,general_activity,Ko,4,885,0.95
崖・段丘崖,6,10.5681343720489,0.5677444843878104,-0.7679004408692817,-1.4052050663073214,0.1535,0.307,eligible,no_clear_signal,general_activity,Ko,4,885,0.95
後背低地・湿地,6,4.092354527737797,1.4661486338322516,0.5012056964093226,0.9429985846921014,0.4425,0.6883333333333334,low_expected_descriptive_only,no_clear_signal,general_activity,Ko,4,885,0.95
砂州・砂丘,12,9.301598632326435,1.2901008175407225,0.35083911903275883,0.8847646256576406,0.3625,0.634375,eligible,no_clear_signal,general_activity,Ko,4,885,0.95
山麓堆積地形,8,10.265641067315109,0.7792986280682743,-0.3408994846237428,-0.7071280590255937,0.523,0.7322,eligible,no_clear_signal,general_activity,Ko,4,885,0.95
扇状地,1,0.6411799299719934,1.5596246127723927,0.3944362212655515,0.4481121988346066,1,1,low_expected_descriptive_only,no_clear_signal,general_activity,Ko,4,885,0.95
河川敷・浜,0,0.01953965630165605,0,-0.05530577891238167,-0.1397843206574187,1,1,low_expected_descriptive_only,no_clear_signal,general_activity,Ko,4,885,0.95
自然堤防,8,7.668538562763821,1.0432235470322413,0.057384853069115886,0.11969519214134001,1,1,eligible,no_clear_signal,general_activity,Ko,4,885,0.95
山地斜面等,262,261.48080997422784,1.0019855760192242,0.00285628418001854,0.032107495458126696,0.9665,1,eligible,no_clear_signal,general_activity,Ko,4,885,0.95
氾濫平野・海岸平野,175,311.5960407322134,0.5616245944228654,-0.830519024733591,-7.738239125034508,5e-4,0.0011666666666666668,eligible,underrepresented,general_activity,Na,5,1483,0.95
旧水部,0,25.69009807702063,0,-5.71094955720918,-5.068540034074964,5e-4,0.0011666666666666668,eligible,underrepresented,general_activity,Na,5,1483,0.95
台地・段丘,445,363.38098968348487,1.224610017127224,0.2919587496408888,4.281640725831575,5e-4,0.0011666666666666668,eligible,overrepresented,general_activity,Na,5,1483,0.95
山地斜面等,754,656.0365960999131,1.149326126747306,0.20064546992267615,3.824721645738668,5e-4,0.0011666666666666668,eligible,overrepresented,general_activity,Na,5,1483,0.95
水部,6,23.041213416806823,0.2604029523733092,-1.8566770618334358,-3.5501593106572944,5e-4,0.0011666666666666668,eligible,underrepresented,general_activity,Na,5,1483,0.95
凹地・浅い谷,10,27.24728896091101,0.36700898993459535,-1.4019574924465004,-3.3041457080850667,5e-4,0.0011666666666666668,eligible,underrepresented,general_activity,Na,5,1483,0.95
旧河道,4,15.782050977710107,0.25345248254801794,-1.855285534388371,-2.9657816689537646,0.0015,0.003,eligible,underrepresented,general_activity,Na,5,1483,0.95
砂州・砂丘,15,7.2463094273210125,2.0700192491704783,1.0006871792316294,2.880381600565832,0.0075,0.013125,eligible,overrepresented,general_activity,Na,5,1483,0.95
自然堤防,16,9.38653805470045,1.7045688097954026,0.738928695004498,2.1586197005093073,0.0285,0.044333333333333336,eligible,overrepresented,general_activity,Na,5,1483,0.95
崖・段丘崖,20,13.793000487375148,1.450010823845484,0.5203151007945629,1.6712920044937771,0.093,0.12281818181818181,eligible,no_clear_signal,general_activity,Na,5,1483,0.95
山麓堆積地形,34,25.563363629744746,1.3300284145877674,0.4045730777236503,1.6686310933603143,0.0965,0.12281818181818181,eligible,no_clear_signal,general_activity,Na,5,1483,0.95
扇状地,0,1.0136415134139107,0,-1.598023561955299,-1.0067976526660711,0.434,0.5063333333333334,low_expected_descriptive_only,no_clear_signal,general_activity,Na,5,1483,0.95
後背低地・湿地,4,3.1892899806473456,1.2541976503460186,0.2865818111626274,0.4539609917508552,0.7835,0.8437692307692307,low_expected_descriptive_only,no_clear_signal,general_activity,Na,5,1483,0.95
河川敷・浜,0,0.0335789587371489,0,-0.09377368122266115,-0.18324562406002742,1,1,low_expected_descriptive_only,no_clear_signal,general_activity,Na,5,1483,0.95
氾濫平野・海岸平野,198,372.5237790761483,0.5315096944711453,-0.9101285932510608,-9.042272865902413,5e-4,0.00175,eligible,underrepresented,general_activity,He,6,1827,0.95
台地・段丘,538,429.03989749548543,1.2539626341059833,0.3261542035207784,5.260398715354614,5e-4,0.00175,eligible,overrepresented,general_activity,He,6,1827,0.95
旧水部,0,15.182708567550792,0,-4.9711028443602,-3.8964995274670304,5e-4,0.00175,eligible,underrepresented,general_activity,He,6,1827,0.95
山地斜面等,960,860.3672483375891,1.1158025852970606,0.1579948326346944,3.3967234539725464,5e-4,0.00175,eligible,overrepresented,general_activity,He,6,1827,0.95
砂州・砂丘,15,6.584203048976879,2.2781800452419,1.1295907468637,3.2797719017647213,0.001,0.0028,eligible,overrepresented,general_activity,He,6,1827,0.95
旧河道,5,17.674691196001127,0.2828903738432071,-1.724427327944725,-3.014820569323681,0.0045,0.0105,eligible,underrepresented,general_activity,He,6,1827,0.95
凹地・浅い谷,20,34.74340144927309,0.575648876210376,-0.7817292601911523,-2.501275469331718,0.0115,0.023,eligible,underrepresented,general_activity,He,6,1827,0.95
自然堤防,15,9.033698040056901,1.6604495671083466,0.7011603786032974,1.9850545450143426,0.0375,0.065625,eligible,no_clear_signal,general_activity,He,6,1827,0.95
水部,19,28.260300300729075,0.6723212350121357,-0.5606046157839225,-1.7419540079920743,0.083,0.12911111111111112,eligible,no_clear_signal,general_activity,He,6,1827,0.95
後背低地・湿地,6,3.0553590657367353,1.9637626448835162,0.8704444490984856,1.6846171479116054,0.132,0.1848,low_expected_descriptive_only,no_clear_signal,general_activity,He,6,1827,0.95
崖・段丘崖,10,14.572892950604778,0.6862055484724464,-0.5215670130615992,-1.1978933322000096,0.2465,0.31372727272727274,eligible,no_clear_signal,general_activity,He,6,1827,0.95
山麓堆積地形,40,34.66930490764165,1.153758349253301,0.20360508643205502,0.905339095462961,0.3865,0.4509166666666667,eligible,no_clear_signal,general_activity,He,6,1827,0.95
河川敷・浜,0,0.06994929694596295,0,-0.18890548702472995,-0.26447929398340986,1,1,low_expected_descriptive_only,no_clear_signal,general_activity,He,6,1827,0.95
扇状地,1,1.2225662672601791,0.8179515718530668,-0.19959698386801802,-0.20129043472864244,1,1,low_expected_descriptive_only,no_clear_signal,general_activity,He,6,1827,0.95
山麓堆積地形,31,11.917343177324303,2.6012509280579565,1.3429953019884155,5.527759215732985,5e-4,0.00175,eligible,overrepresented,general_activity,Me,7,716,0.95
台地・段丘,254,183.88073253784555,1.381330150768911,0.4649777517507627,5.170937132972026,5e-4,0.00175,eligible,overrepresented,general_activity,Me,7,716,0.95
水部,1,16.57036112854395,0.060348714927969144,-3.508459173495449,-3.8250110906338453,5e-4,0.00175,eligible,underrepresented,general_activity,Me,7,716,0.95
氾濫平野・海岸平野,102,148.54846199000977,0.6866446049563255,-0.5401575787091699,-3.819189926614671,0.001,0.0028,eligible,underrepresented,general_activity,Me,7,716,0.95
旧水部,0,14.17998094753888,0,-4.875778190663242,-3.765631546970426,5e-4,0.00175,eligible,underrepresented,general_activity,Me,7,716,0.95
凹地・浅い谷,5,15.197733446324682,0.3289964268460812,-1.513052743532236,-2.6158584786939616,0.0075,0.0175,eligible,underrepresented,general_activity,Me,7,716,0.95
砂州・砂丘,11,5.946587494251368,1.8498004125279957,0.8350262851244991,2.072291493023923,0.0265,0.053,eligible,no_clear_signal,general_activity,Me,7,716,0.95
自然堤防,11,6.14883498869013,1.788956773150177,0.790460382854024,1.9563638448259255,0.0425,0.07437500000000001,eligible,no_clear_signal,general_activity,Me,7,716,0.95
旧河道,4,8.26860539797278,0.4837575150194836,-0.9624224061743072,-1.4844647042118293,0.1575,0.245,eligible,no_clear_signal,general_activity,Me,7,716,0.95
後背低地・湿地,4,2.2647438697855478,1.76620414050564,0.7027791683262858,1.1530656667372015,0.3045,0.42629999999999996,low_expected_descriptive_only,no_clear_signal,general_activity,Me,7,716,0.95
山地斜面等,287,296.79467093772854,0.966998494592972,-0.04833164684337949,-0.5685410151532678,0.3815,0.48554545454545456,eligible,no_clear_signal,general_activity,Me,7,716,0.95
扇状地,1,0.6536643264863126,1.5298371954537733,0.3787389864081939,0.4283707762442319,1,1,low_expected_descriptive_only,no_clear_signal,general_activity,Me,7,716,0.95
崖・段丘崖,5,5.594700798761089,0.8937028412863863,-0.14812377911731728,-0.2514259437548566,0.847,0.9881666666666667,eligible,no_clear_signal,general_activity,Me,7,716,0.95
河川敷・浜,0,0.0335789587371489,0,-0.09377368122266115,-0.18324562406002742,1,1,low_expected_descriptive_only,no_clear_signal,general_activity,Me,7,716,0.95
旧水部,0,9.653301768417446,0,-4.343877050900958,-3.1069763063817284,0.001,0.013000000000000001,eligible,underrepresented,institutional,Me,7,100,0.95
氾濫平野・海岸平野,9,20.523941724669747,0.4385122565994238,-1.1460337632798951,-2.543727979573398,0.004,0.017875,eligible,underrepresented,institutional,Me,7,100,0.95
台地・段丘,44,32.12529589224133,1.3696371901939917,0.44781434994184915,2.0950733306442912,0.0045,0.017875,eligible,overrepresented,institutional,Me,7,100,0.95
山地斜面等,36,25.708538652843988,1.4003129655141844,0.4778595505045411,2.029730378980082,0.0055,0.017875,eligible,overrepresented,institutional,Me,7,100,0.95
崖・段丘崖,3,1.058324998574061,2.8346679933310313,1.1673587740659892,1.887413303589639,0.0955,0.20691666666666667,low_expected_descriptive_only,no_clear_signal,institutional,Me,7,100,0.95
凹地・浅い谷,0,3.244344748104774,0,-2.904713272390263,-1.8012064701484873,0.0685,0.1781,low_expected_descriptive_only,no_clear_signal,institutional,Me,7,100,0.95
水部,0,2.7122224218910995,0,-2.6835717919366506,-1.6468826375583354,0.115,0.21357142857142858,low_expected_descriptive_only,no_clear_signal,institutional,Me,7,100,0.95
砂州・砂丘,4,2.056011893236954,1.9455140377142763,0.8160304522176342,1.355753681202474,0.2635,0.3806111111111111,low_expected_descriptive_only,no_clear_signal,institutional,Me,7,100,0.95
山麓堆積地形,2,0.8255125069184508,2.4227373701045236,0.9153778120197238,1.2926667192774395,0.188,0.3055,low_expected_descriptive_only,no_clear_signal,institutional,Me,7,100,0.95
旧河道,0,0.6446753840412626,0,-1.1949385256298493,-0.8029167977077466,0.65,0.8450000000000001,low_expected_descriptive_only,no_clear_signal,institutional,Me,7,100,0.95
後背低地・湿地,1,0.5009382711851764,1.996253944890429,0.5836094961786673,0.7051185829884258,1,1,low_expected_descriptive_only,no_clear_signal,institutional,Me,7,100,0.95
扇状地,0,0.09229310008255497,0,-0.24438318467005948,-0.3037977947295783,1,1,low_expected_descriptive_only,no_clear_signal,institutional,Me,7,100,0.95
自然堤防,1,0.8545986377931578,1.170139941461075,0.14709705064832104,0.1572850255244684,1,1,low_expected_descriptive_only,no_clear_signal,institutional,Me,7,100,0.95
台地・段丘,26,15.542204392375611,1.6728643726210788,0.7241199605616192,2.6526737606655773,0.0015,0.0195,eligible,overrepresented,monument,Ya,3,36,0.95
氾濫平野・海岸平野,1,7.838945797124996,0.12756817381831612,-2.474902510120142,-2.442644872048189,0.007,0.0455,eligible,underrepresented,monument,Ya,3,36,0.95
凹地・浅い谷,0,1.5748103741936637,0,-2.0529794884058212,-1.2549144887974095,0.2395,1,low_expected_descriptive_only,no_clear_signal,monument,Ya,3,36,0.95
旧水部,0,1.1289428959481351,0,-1.7039360297833563,-1.0625172450121152,0.327,1,low_expected_descriptive_only,no_clear_signal,monument,Ya,3,36,0.95
水部,0,0.8293071808263216,0,-1.4106745260184754,-0.9106630446143741,0.589,1,low_expected_descriptive_only,no_clear_signal,monument,Ya,3,36,0.95
砂州・砂丘,0,0.5831060935084496,0,-1.115174566198219,-0.7636138379498172,0.656,1,low_expected_descriptive_only,no_clear_signal,monument,Ya,3,36,0.95
自然堤防,0,0.3584134067480157,0,-0.7797445134738884,-0.5986763789795081,1,1,low_expected_descriptive_only,no_clear_signal,monument,Ya,3,36,0.95
山麓堆積地形,0,0.2905864274093946,0,-0.6609950926541266,-0.5390606899129212,1,1,low_expected_descriptive_only,no_clear_signal,monument,Ya,3,36,0.95
山地斜面等,8,6.639127776861659,1.2049775616431397,0.2517150175369587,0.5281555358100262,0.601,1,eligible,no_clear_signal,monument,Ya,3,36,0.95
旧河道,0,0.27473492973593594,0,-0.6317746916692837,-0.5241516285731982,1,1,low_expected_descriptive_only,no_clear_signal,monument,Ya,3,36,0.95
後背低地・湿地,0,0.262714525944716,0,-0.6092150813472124,-0.5125568514269574,1,1,low_expected_descriptive_only,no_clear_signal,monument,Ya,3,36,0.95
崖・段丘崖,1,0.654792983592622,1.5272002374144984,0.37732825367965367,0.42660663497784507,1,1,low_expected_descriptive_only,no_clear_signal,monument,Ya,3,36,0.95
扇状地,0,0.0223132157304874,0,-0.06298711280064342,-0.14937608821524082,1,1,low_expected_descriptive_only,no_clear_signal,monument,Ya,3,36,0.95
崖・段丘崖,33,5.243297422931937,6.293749398169201,2.544209915260332,12.121758435248394,5e-4,0.00175,eligible,overrepresented,monument,Ko,4,452,0.95
旧水部,0,34.96082210948455,0,-6.148154078375172,-5.912767719899417,5e-4,0.00175,eligible,underrepresented,monument,Ko,4,452,0.95
氾濫平野・海岸平野,32,82.03902159690242,0.3900582841812955,-1.3446366188510217,-5.524571177087311,5e-4,0.00175,eligible,underrepresented,monument,Ko,4,452,0.95
台地・段丘,253,188.3804907453346,1.3430265469582112,0.4245120521645177,4.708100160973855,5e-4,0.00175,eligible,overrepresented,monument,Ko,4,452,0.95
水部,0,7.854555313349535,0,-4.062563040219576,-2.802597957850811,0.009,0.021,eligible,underrepresented,monument,Ko,4,452,0.95
凹地・浅い谷,6,15.424101329108304,0.3890015938028638,-1.2927003335529865,-2.3996064035431908,0.016,0.028,eligible,underrepresented,monument,Ko,4,452,0.95
山地斜面等,111,88.98599055162549,1.2473873618971856,0.31730996560246516,2.3336640122804924,0.003,0.0084,eligible,overrepresented,monument,Ko,4,452,0.95
旧河道,4,12.081115513089227,0.33109525322113004,-1.4832629388620078,-2.3249723710129864,0.0115,0.023,eligible,underrepresented,monument,Ko,4,452,0.95
後背低地・湿地,0,2.3733742323797196,0,-2.522745903778182,-1.5405759417762304,0.1695,0.26039999999999996,low_expected_descriptive_only,no_clear_signal,monument,Ko,4,452,0.95
山麓堆積地形,0,2.3595167759746243,0,-2.515771369449017,-1.5360718654980385,0.186,0.26039999999999996,low_expected_descriptive_only,no_clear_signal,monument,Ko,4,452,0.95
扇状地,0,0.3494093564120672,0,-0.7645319054567065,-0.5911085825904301,1,1,low_expected_descriptive_only,no_clear_signal,monument,Ko,4,452,0.95
砂州・砂丘,6,4.993773423849845,1.2014962415684503,0.24264230664046027,0.4502786617868386,0.644,0.8196363636363636,low_expected_descriptive_only,no_clear_signal,monument,Ko,4,452,0.95
河川敷・浜,0,0.13398621463992721,0,-0.34252337593972576,-0.3660412745032003,1,1,low_expected_descriptive_only,no_clear_signal,monument,Ko,4,452,0.95
自然堤防,7,6.820545414917782,1.0263108848582283,0.03493945555770754,0.0687139645587369,1,1,eligible,no_clear_signal,monument,Ko,4,452,0.95
台地・段丘,22,12.003260697176385,1.8328353065909184,0.8476206202993408,2.885418070605469,0.0015,0.0195,eligible,overrepresented,monument,Me,7,55,0.95
氾濫平野・海岸平野,4,11.616564625946014,0.3443358797372725,-1.4289838071360366,-2.234705382124253,0.0085,0.03899999999999999,eligible,underrepresented,monument,Me,7,55,0.95
旧水部,0,4.861812346361406,0,-3.4227207285127115,-2.2049517786929957,0.009,0.03899999999999999,low_expected_descriptive_only,no_clear_signal,monument,Me,7,55,0.95
山地斜面等,27,21.16159737676265,1.275896120660931,0.3442919840677332,1.2691700574027849,0.0625,0.203125,eligible,no_clear_signal,monument,Me,7,55,0.95
凹地・浅い谷,0,1.1022601769818188,0,-1.6801084333673382,-1.049885792351634,0.4,1,low_expected_descriptive_only,no_clear_signal,monument,Me,7,55,0.95
水部,0,0.9943096757472708,0,-1.579479158413866,-0.9971507788430348,0.613,1,low_expected_descriptive_only,no_clear_signal,monument,Me,7,55,0.95
山麓堆積地形,0,0.7426752070099666,0,-1.313449274294042,-0.8617860564026123,0.6195,1,low_expected_descriptive_only,no_clear_signal,monument,Me,7,55,0.95
旧河道,0,0.5975253694548415,0,-1.1342542882468978,-0.7729976516489824,0.652,1,low_expected_descriptive_only,no_clear_signal,monument,Me,7,55,0.95
崖・段丘崖,0,0.4020490579735482,0,-0.8512778017535484,-0.6340733853218792,1,1,low_expected_descriptive_only,no_clear_signal,monument,Me,7,55,0.95
砂州・砂丘,1,0.5782122390906339,1.7294687528107677,0.47632130950904394,0.5546899962153649,1,1,low_expected_descriptive_only,no_clear_signal,monument,Me,7,55,0.95
後背低地・湿地,0,0.24163734448504326,0,-0.5687857965233535,-0.4915662157685811,1,1,low_expected_descriptive_only,no_clear_signal,monument,Me,7,55,0.95
自然堤防,1,0.6673390759504447,1.4984886035270293,0.3617388204479547,0.4072194487957002,1,1,low_expected_descriptive_only,no_clear_signal,monument,Me,7,55,0.95
扇状地,0,0.030756807059981142,0,-0.08612287420834501,-0.17537618726606286,1,1,low_expected_descriptive_only,no_clear_signal,monument,Me,7,55,0.95
氾濫平野・海岸平野,3,19.80869041406703,0.15144867920544444,-2.5366703846920022,-3.776643543105884,5e-4,0.0025,eligible,underrepresented,production,He,6,94,0.95
山地斜面等,85,58.889330871734764,1.4433853932749918,0.5257206418504052,3.4025122042557125,5e-4,0.0025,eligible,overrepresented,production,He,6,94,0.95
台地・段丘,4,11.452439700641962,0.34927055758920794,-1.409308220837058,-2.202163011904158,0.015,0.05,eligible,underrepresented,production,He,6,94,0.95
水部,0,0.7176440582547031,0,-1.2840924662172426,-0.8471387479360764,0.632,1,low_expected_descriptive_only,no_clear_signal,production,He,6,94,0.95
旧河道,0,0.6575974204795625,0,-1.211133612171037,-0.810923806827474,0.662,1,low_expected_descriptive_only,no_clear_signal,production,He,6,94,0.95
崖・段丘崖,0,0.4033501018033528,0,-0.8533571311871512,-0.6350984977177577,1,1,low_expected_descriptive_only,no_clear_signal,production,He,6,94,0.95
凹地・浅い谷,0,0.19157496526127263,0,-0.46795755005130035,-0.43769277497038106,1,1,low_expected_descriptive_only,no_clear_signal,production,He,6,94,0.95
自然堤防,0,0.08881945855794343,0,-0.23589725364952366,-0.298025936049102,1,1,low_expected_descriptive_only,no_clear_signal,production,He,6,94,0.95
扇状地,0,0.050233451472062665,0,-0.1381157561550429,-0.22412820320535895,1,1,low_expected_descriptive_only,no_clear_signal,production,He,6,94,0.95
山麓堆積地形,2,1.7403195577273511,1.149214229719834,0.15822356284249336,0.19684516038505778,1,1,low_expected_descriptive_only,no_clear_signal,production,He,6,94,0.95
