basin_unit_id,basin_grid_area_m2,landform_known_area_m2,landform_coverage_ratio
B_120000_10,20700,20700,1
B_120000_11,10800,10800,1
B_120000_12,52200,52200,1
B_120000_13,20900,20900,1
B_120000_14,9900,9900,1
B_120000_15,10800,10800,1
B_120000_16,20900,20900,1
B_120000_2,11000,11000,1
B_120000_3,11000,11000,1
B_120000_4,20700,20700,1
B_120000_5,9900,9900,1
B_120000_6,21900,21900,1
B_120000_7,9900,9900,1
B_120000_8,11000,11000,1
B_130000_1,3540000,3540000,1
B_130000_10,1214700,1214300,0.9996707005845064
B_130000_11,1088100,1088100,1
B_130000_12,745200,745200,1
B_130000_13,614500,614500,1
B_130000_14,836200,836200,1
B_130000_15,437100,437100,1
B_130000_16,733000,733000,1
B_130000_17,502200,502200,1
B_130000_18,322700,322700,1
B_130000_19,959600,959600,1
B_130000_2,8595500,8595500,1
B_130000_3,10793500,10793400,0.9999907351646824
B_130000_4,14052200,14052000,0.9999857673531548
B_130000_5,8027400,8027400,1
B_130000_6,7142200,7142200,1
B_130000_7,2165800,2163700,0.9990303813833226
B_130000_8,1317200,1317200,1
B_130000_9,681800,681800,1
B_140000_1,4500,4500,1
B_140001_5,69500,69400,0.9985611510791368
B_140013_16,140800,140800,1
B_140013_17,16442000,16440800,0.9999270161780806
B_140013_19,2636300,1477600,0.5604824944050374
B_830303_311,300,300,1
B_830303_343,5400,5400,1
B_830303_345,5758800,4943900,0.8584948253108287
B_830303_346,505000,332800,0.659009900990099
B_830303_347,5770400,5022200,0.8703382781089699
B_830303_388,5160200,4944000,0.9581023991318166
B_830303_389,2797600,2713400,0.9699027738061196
B_830303_390,6839500,6527800,0.9544264931647052
B_830303_391,3533800,3308200,0.9361593751768634
B_830303_393,11607200,11407500,0.9827951616238196
B_830303_423,244400,244400,1
B_830303_424,283400,283400,1
B_830303_425,3045800,3040100,0.9981285704905116
B_830303_426,3176900,3174000,0.999087160439422
B_830303_427,5773100,5764500,0.9985103324037344
B_830303_430,821400,820700,0.9991477964450938
B_830303_432,17987200,17969100,0.9989937288738658
B_830303_468,763900,763900,1
B_830303_469,998800,994500,0.9956948338005608
B_830303_470,2447900,2447900,1
B_830303_471,996700,994000,0.9972910604996488
B_830303_472,137500,122800,0.893090909090909
B_830303_473,344500,322800,0.9370101596516692
B_830303_474,2299400,2203100,0.9581195094372444
B_830303_475,1302800,1302100,0.999462695732269
B_830303_476,130600,130600,1
B_830303_478,3226300,3215000,0.9964975358770108
B_830303_513,903000,903000,1
B_830303_514,3722300,3696000,0.992934475996024
B_830303_515,2133300,2001100,0.938030281723152
B_830303_516,2600,2600,1
B_830303_517,4765300,4765300,1
B_830303_518,68700,68300,0.9941775836972344
B_830303_8,2700,2700,1
B_830304_1,2814800,2506100,0.8903296859457155
B_830304_10,2439100,2438900,0.9999180025419212
B_830304_105,4620700,4620500,0.9999567165148138
B_830304_11,22769100,20523000,0.9013531496633596
B_830304_12,924600,920400,0.9954574951330304
B_830304_120,9597900,9597600,0.9999687431625668
B_830304_13,231000,231000,1
B_830304_134,1104600,1104600,1
B_830304_139,14572800,12574800,0.8628952569169961
B_830304_14,1464200,1464200,1
B_830304_15,19211600,19023300,0.9901986299943784
B_830304_155,172400,172400,1
B_830304_158,567200,567200,1
B_830304_16,8545700,8539400,0.99926278713271
B_830304_161,5111800,4947100,0.967780429594272
B_830304_167,7044500,149000,0.02115125275037263
B_830304_17,250900,245000,0.976484655241132
B_830304_18,156500,118200,0.7552715654952077
B_830304_189,450300,108600,0.24117255163224516
B_830304_19,277600,163300,0.5882564841498559
B_830304_194,9999600,209500,0.02095083803352134
B_830304_2,1820700,1820700,1
B_830304_20,3701800,3660300,0.9887892376681614
B_830304_21,589400,589400,1
B_830304_22,888500,888500,1
B_830304_23,882000,882000,1
B_830304_24,463700,463700,1
B_830304_25,7701100,7683700,0.9977405825141864
B_830304_26,12325500,12325500,1
B_830304_27,5679800,5647500,0.9943131800415508
B_830304_28,8100,6600,0.8148148148148148
B_830304_29,1258300,777600,0.6179766351426528
B_830304_3,315100,299400,0.950174547762615
B_830304_31,63200,63200,1
B_830304_32,273400,273400,1
B_830304_33,1014500,1014500,1
B_830304_34,448200,448200,1
B_830304_35,175100,175100,1
B_830304_36,1781200,1781200,1
B_830304_37,12821000,12820400,0.9999532017783324
B_830304_38,9165200,9165200,1
B_830304_39,5164000,5164000,1
B_830304_4,344700,344700,1
B_830304_40,4185300,4185000,0.9999283205504982
B_830304_41,300,300,1
B_830304_42,4643900,4643900,1
B_830304_44,2552800,1511500,0.5920949545596992
B_830304_47,31954000,31953200,0.9999749640107656
B_830304_5,3537300,3141500,0.8881067480846974
B_830304_50,1065300,1058100,0.993241340467474
B_830304_51,1047200,1047200,1
B_830304_52,17013100,17012200,0.9999470995879646
B_830304_53,2416500,2416500,1
B_830304_54,12944000,12943900,0.9999922744128554
B_830304_55,4872300,4872300,1
B_830304_56,4013800,4009900,0.999028352184962
B_830304_57,19936800,19936400,0.9999799365996548
B_830304_6,704300,701400,0.995882436461735
B_830304_60,3200,3200,1
B_830304_61,13070700,13070000,0.9999464451024046
B_830304_62,112700,59100,0.5244010647737356
B_830304_63,5182800,5182800,1
B_830304_67,9169400,9169200,0.9999781883220276
B_830304_68,19508600,19508300,0.9999846221666342
B_830304_69,7092500,7092500,1
B_830304_7,689000,674500,0.978955007256894
B_830304_70,13833000,13832600,0.9999710836405696
B_830304_71,3000,3000,1
B_830304_72,1695700,1695700,1
B_830304_77,881500,881500,1
B_830304_79,1735900,1735900,1
B_830304_8,961100,961100,1
B_830304_80,5526400,5526400,1
B_830304_82,6416900,6416800,0.999984416151101
B_830304_83,2348400,2348400,1
B_830304_86,8342400,8342300,0.9999880130418104
B_830304_87,2597400,2597400,1
B_830304_88,12328400,12328300,0.9999918886473508
B_830304_9,1373800,1373100,0.9994904644052992
B_830304_96,200,200,1
B_830304_98,1418100,1418100,1
B_830305_1,7547600,6531600,0.8653876729026445
B_830305_10,4536600,4439900,0.978684477361901
B_830305_11,26800,26800,1
B_830305_12,5543600,5530500,0.997636914640306
B_830305_13,5135400,4043200,0.7873193908945749
B_830305_14,22933600,22933000,0.9999738375135172
B_830305_16,8254600,8254400,0.9999757710852132
B_830305_17,12914100,12850000,0.9950364330460504
B_830305_18,30131200,30009400,0.9959576784197112
B_830305_19,28983800,27204700,0.938617434566896
B_830305_2,8683800,8036300,0.9254358690895692
B_830305_20,16768300,15686000,0.9354555918011964
B_830305_21,1322800,1141800,0.8631690353794981
B_830305_22,14466300,14376300,0.9937786441591836
B_830305_23,12801000,12620800,0.9859229747675964
B_830305_24,4503900,4487900,0.9964475232576212
B_830305_25,11831700,10877800,0.9193776042326968
B_830305_26,6241100,6191600,0.992068705837112
B_830305_27,12940400,12093400,0.934546072764366
B_830305_28,4071300,4028600,0.9895119495001596
B_830305_29,1037800,608900,0.5867219117363653
B_830305_3,2275000,2231400,0.9808351648351648
B_830305_30,9921400,9845200,0.9923196323099562
B_830305_31,2753600,2613800,0.9492300987797792
B_830305_32,3197400,3139100,0.9817664352286232
B_830305_33,14214300,11369700,0.7998775880627256
B_830305_34,46675100,46674600,0.9999892876501604
B_830305_35,20556100,20190600,0.982219389864809
B_830305_36,5964300,5932000,0.994584444109116
B_830305_37,5966000,5618500,0.9417532685216226
B_830305_38,4007500,3988900,0.9953587024329382
B_830305_39,2914200,2320100,0.7961361608674765
B_830305_4,758600,256500,0.33812285789612445
B_830305_40,11114000,10726900,0.9651700557854958
B_830305_41,5647400,5525800,0.9784679675602932
B_830305_42,10934700,9851900,0.9009757926600638
B_830305_43,18381900,15962300,0.8683705166495302
B_830305_44,10182500,7154800,0.7026565185367051
B_830305_45,3637000,3306400,0.9091009073412152
B_830305_46,40524600,5681000,0.14018645464730065
B_830305_47,1731700,1535700,0.8868164231679853
B_830305_48,9602400,9322900,0.9708926934932932
B_830305_49,4902800,4444200,0.9064616137717224
B_830305_5,4913600,4913500,0.9999796483230218
B_830305_50,1813900,1688100,0.930646672914714
B_830305_51,1378300,1378200,0.9999274468548212
B_830305_52,1866900,1792600,0.960201403396004
B_830305_53,616000,616000,1
B_830305_54,10210300,3399700,0.33296768949002475
B_830305_55,3697700,3696400,0.9996484301052004
B_830305_56,6499700,6412600,0.986599381509916
B_830305_57,2595200,2588700,0.9974953760789148
B_830305_58,7423700,1992500,0.2683971604455999
B_830305_59,2393000,2386800,0.9974091099038864
B_830305_6,955700,675000,0.7062885842837711
B_830305_60,360100,219000,0.6081643987781172
B_830305_61,2318100,1541000,0.6647685604589966
B_830305_63,4554900,6300,0.00138312586445366
B_830305_7,58400,16900,0.2893835616438356
B_830305_71,1180900,1149800,0.973664154458464
B_830305_72,3919000,3909300,0.9975248787956112
B_830305_73,4451000,4275900,0.9606605257245564
B_830305_74,11889800,2873800,0.24170297229558108
B_830305_75,13809300,4471400,0.3237962822156083
B_830305_76,7069200,770500,0.10899394556668364
B_830305_8,5383700,5373000,0.9980125192711332
B_830305_9,93100,92300,0.99140708915145
B_830306_16,18883400,18882700,0.9999629304044824
B_830306_17,1435900,1435800,0.9999303572672192
B_830306_18,51900,51900,1
B_830306_19,2158600,2158600,1
B_830306_20,26449500,26366900,0.9968770676194256
B_830306_21,4505400,4505200,0.9999556088249656
B_unknown_0,184454200,183537800,0.9950318290394038
