gsi_landform_class,observed_count,expected_count,selection_ratio,log2_selection_ratio,pearson_residual,phase_code,phase_order,coverage_threshold
凹地・浅い谷,23,40.84870223780086,0.5630533833389718,-0.8151812931753177,-2.79265645123012,Pa,1,0.9
凹地・浅い谷,19,39.509638456558235,0.4808953142127823,-1.0368734679856302,-3.2629203831232383,Pa,1,0.95
凹地・浅い谷,18,38.77167978176673,0.4642563876859654,-1.0859640374994206,-3.3359098848910933,Pa,1,0.99
台地・段丘,387,300.9137959973953,1.286082609530305,0.3624508584095983,4.962636989104012,Pa,1,0.9
台地・段丘,371,289.4845724403635,1.2815881581269049,0.3573860617506547,4.791010238503481,Pa,1,0.95
台地・段丘,339,274.1562857851599,1.2365209830193507,0.30578426470969783,3.9162353132466157,Pa,1,0.99
山地斜面等,214,182.26681875049616,1.17410289742832,0.2309734743161239,2.3504975643800736,Pa,1,0.9
山地斜面等,211,180.65626250704122,1.1679639392062375,0.22342298324166648,2.2575769487566446,Pa,1,0.95
山地斜面等,167,136.02827190379998,1.2276859630923151,0.2949613641175135,2.655527770560237,Pa,1,0.99
山麓堆積地形,7,6.811397527416315,1.0276892475919293,0.03674340103569756,0.0722652098856682,Pa,1,0.9
山麓堆積地形,7,6.74095788527907,1.0384280867985582,0.05071003574041732,0.09977220489183328,Pa,1,0.95
山麓堆積地形,6,5.4592796484942,1.0990460988117623,0.12530176838556178,0.23142221450149147,Pa,1,0.99
崖・段丘崖,9,6.577613640615297,1.368277386258598,0.42466450471547146,0.9445158108484363,Pa,1,0.9
崖・段丘崖,9,6.185315919053853,1.4550590653382018,0.5069317759995761,1.1317453366803283,Pa,1,0.95
崖・段丘崖,8,5.597134493139466,1.4293027994602918,0.47933147133512793,1.0156558909501783,Pa,1,0.99
後背低地・湿地,1,2.5412590416356173,0.3935057322437996,-1.019706203568229,-0.9668323401083648,Pa,1,0.9
後背低地・湿地,1,2.5412590416356173,0.3935057322437996,-1.019706203568229,-0.9668323401083648,Pa,1,0.95
後背低地・湿地,1,2.5412590416356173,0.3935057322437996,-1.019706203568229,-0.9668323401083648,Pa,1,0.99
扇状地,0,0.3100845819867714,0,-0.6961444546434734,-0.5568523879689943,Pa,1,0.9
扇状地,0,0.26756596823912254,0,-0.6183626529394983,-0.5172677916119681,Pa,1,0.95
扇状地,0,0.20734074329098343,0,-0.5004772689902774,-0.45534683845502144,Pa,1,0.99
旧水部,0,14.398896542661225,0,-4.897133579173361,-3.794587796146141,Pa,1,0.9
旧水部,0,14.398896542661225,0,-4.897133579173361,-3.794587796146141,Pa,1,0.95
旧水部,0,14.392207202811228,0,-4.896485689274883,-3.7937062620623685,Pa,1,0.99
旧河道,1,5.987370595987447,0.16701822343687384,-2.1126713555024823,-2.038231787462928,Pa,1,0.9
旧河道,1,3.981016275286159,0.25119214061191425,-1.5788634657228413,-1.4940577016628485,Pa,1,0.95
旧河道,1,2.4620954734524685,0.4061580920733963,-0.9816556412076318,-0.9318012478666601,Pa,1,0.99
水部,7,10.164731491404162,0.6886556724021262,-0.5078851423229034,-0.9926334661994047,Pa,1,0.9
水部,7,9.49488639403187,0.7372389420477888,-0.41429957319246963,-0.8096659733287495,Pa,1,0.95
水部,7,8.87682947327397,0.7885698402876096,-0.3222096004366669,-0.6299351992762724,Pa,1,0.99
氾濫平野・海岸平野,33,106.09775197401926,0.31103392283072023,-1.6699440129287517,-7.09660985453146,Pa,1,0.9
氾濫平野・海岸平野,33,101.25215921952405,0.32591897550009724,-1.6028264086708583,-6.782881792499944,Pa,1,0.95
氾濫平野・海岸平野,31,85.19999151885631,0.36384980147725876,-1.443943232951539,-5.871910708164024,Pa,1,0.99
河川敷・浜,0,0.030787579265483752,0,-0.08620651632234423,-0.17546389732786558,Pa,1,0.9
河川敷・浜,0,0.030787579265483752,0,-0.08620651632234423,-0.17546389732786558,Pa,1,0.95
砂州・砂丘,0,3.15327973175612,0,-2.869192225138843,-1.7757476543011737,Pa,1,0.9
砂州・砂丘,0,3.147082850106605,0,-2.866742973482713,-1.7740019306941595,Pa,1,0.95
砂州・砂丘,0,3.147082850106605,0,-2.866742973482713,-1.7740019306941595,Pa,1,0.99
自然堤防,0,1.8973236544982703,0,-2.2614246954778943,-1.37743372054639,Pa,1,0.9
自然堤防,0,1.3095989209541197,0,-1.85566997417589,-1.1443770886181353,Pa,1,0.95
自然堤防,0,1.1605420842126326,0,-1.7316542864753652,-1.0772845883111077,Pa,1,0.99
落堀,0,1.8665306173238e-4,0,-5.384663929072557e-4,-0.013662103122593534,Pa,1,0.9
凹地・浅い谷,55,122.02379557649381,0.4507317588356921,-1.142502288377879,-6.06745764817991,Jo,2,0.9
凹地・浅い谷,50,117.16010959818774,0.42676641539069887,-1.2202699922308136,-6.204710337132806,Jo,2,0.95
凹地・浅い谷,48,114.76699640339032,0.4182387054139376,-1.248922842875458,-6.232371479883025,Jo,2,0.99
台地・段丘,1377,1110.3087547891967,1.240195570881036,0.3104418659462076,8.003627670774252,Jo,2,0.9
台地・段丘,1304,1057.694439940625,1.2328702418755286,0.3018922016142026,7.5734559711081815,Jo,2,0.95
台地・段丘,1172,974.2186268121299,1.2030153886864767,0.2665302031638315,6.336612845415172,Jo,2,0.99
山地斜面等,1636,1317.2045432437894,1.2420242614492771,0.31258667800098733,8.783862190107882,Jo,2,0.9
山地斜面等,1621,1310.0711641653752,1.23733736329714,0.3071333294932965,8.590403370624639,Jo,2,0.95
山地斜面等,1281,984.9274613536786,1.3006033949336746,0.37901189706999155,9.434002875964994,Jo,2,0.99
山麓堆積地形,45,52.23610611039682,0.8614730949679923,-0.21292450517417325,-1.0011969756029384,Jo,2,0.9
山麓堆積地形,45,51.91183616427267,0.8668543308235047,-0.20402610704720284,-0.9593128016087271,Jo,2,0.95
山麓堆積地形,29,42.343165130166405,0.6848803085657766,-0.5383501117228744,-2.050535071286011,Jo,2,0.99
崖・段丘崖,32,30.350813651895233,1.0543374674240993,0.07513117897467482,0.29935365283626003,Jo,2,0.9
崖・段丘崖,30,27.84209349914521,1.0775051811718483,0.10586291528462138,0.4089607979998323,Jo,2,0.95
崖・段丘崖,28,24.623250753228124,1.1371366145198836,0.18193876945335252,0.6804968477405767,Jo,2,0.99
後背低地・湿地,9,10.962643567438022,0.8209698641240515,-0.2709403848592008,-0.5927666864412046,Jo,2,0.9
後背低地・湿地,9,10.962643567438022,0.8209698641240515,-0.2709403848592008,-0.5927666864412046,Jo,2,0.95
後背低地・湿地,9,10.962643567438022,0.8209698641240515,-0.2709403848592008,-0.5927666864412046,Jo,2,0.99
扇状地,1,2.273808553021301,0.4397907636820434,-0.8869057162344736,-0.8447480788396884,Jo,2,0.9
扇状地,1,2.1692260714843403,0.4609939061426309,-0.8314589997370444,-0.7938639541048399,Jo,2,0.95
扇状地,0,1.562553867496255,0,-2.0444317985608165,-1.2500215468127958,Jo,2,0.99
旧水部,0,87.12401249867168,0,-7.453254375279702,-9.33402445350727,Jo,2,0.9
旧水部,0,87.12401249867168,0,-7.453254375279702,-9.33402445350727,Jo,2,0.95
旧水部,0,87.10911666081145,0,-7.453009100295848,-9.333226487169988,Jo,2,0.99
旧河道,2,29.32900731171915,0.06819187498380995,-3.5767159666007124,-5.046324510144663,Jo,2,0.9
旧河道,2,23.100421124316494,0.08657850821146781,-3.2388126031694213,-4.390168349931405,Jo,2,0.95
旧河道,1,14.532775480323465,0.06880998067808465,-3.325076990781341,-3.549871189353432,Jo,2,0.99
水部,25,58.50240361753917,0.4273328693200041,-1.21027648055086,-4.380151293110693,Jo,2,0.9
水部,25,55.45073182041483,0.45085067733580314,-1.133659754301245,-4.089254058359533,Jo,2,0.95
水部,25,51.474975951884694,0.48567288352632354,-1.0273199384842697,-3.6900945841594335,Jo,2,0.99
氾濫平野・海岸平野,296,641.7751076099664,0.46122075551096564,-1.1151592788232856,-13.649045799659852,Jo,2,0.9
氾濫平野・海岸平野,290,620.1336306606956,0.46764114323396966,-1.0952037115688047,-13.257057071558034,Jo,2,0.95
氾濫平野・海岸平野,235,509.53687800868244,0.46120312413578757,-1.1148745044946258,-12.162220692809043,Jo,2,0.99
河川敷・浜,0,0.23354489367394787,0,-0.552957168078518,-0.48326482768141515,Jo,2,0.9
河川敷・浜,0,0.1150758778780791,0,-0.2988363023708992,-0.3392283565359463,Jo,2,0.95
河川敷・浜,0,0.00317348377997178,0,-0.009127802236247219,-0.056333682464150873,Jo,2,0.99
砂州・砂丘,10,17.909788939171943,0.5583538719503385,-0.8100837589726616,-1.8690445844535994,Jo,2,0.9
砂州・砂丘,10,17.84782012267679,0.5602925136663812,-0.8052193408982404,-1.8576181683383168,Jo,2,0.95
砂州・砂丘,10,17.84782012267679,0.5602925136663812,-0.8052193408982404,-1.8576181683383168,Jo,2,0.99
自然堤防,3,10.763803106408613,0.27871189860522844,-1.686267193532436,-2.366418982814391,Jo,2,0.9
自然堤防,3,8.4167948888183,0.3564302135941908,-1.349170309506378,-1.8671061913026994,Jo,2,0.95
自然堤防,3,7.090562404313596,0.42309760903802607,-1.1168518605337194,-1.5361820306941734,Jo,2,0.99
落堀,0,0.0018665306173238,0,-0.005375641362542767,-0.043203363495494196,Jo,2,0.9
凹地・浅い谷,8,23.10010677039141,0.3463187456022502,-1.4732586402057395,-3.1417601333025744,Ya,3,0.9
凹地・浅い谷,8,22.5710728023985,0.35443596633784663,-1.440550344381588,-3.0670116617158913,Ya,3,0.95
凹地・浅い谷,7,21.821382311955688,0.32078627741950055,-1.5734638720038454,-3.172835680253894,Ya,3,0.99
台地・段丘,367,235.14034003019773,1.5607700488689789,0.6411577100181128,8.599008545472724,Ya,3,0.9
台地・段丘,353,228.39119176790032,1.545593756342109,0.627048269123486,8.245349462373609,Ya,3,0.95
台地・段丘,316,208.75572787389456,1.5137309199529592,0.5969383860193898,7.422580318125877,Ya,3,0.99
山地斜面等,170,155.27249475911336,1.0948494146612031,0.13033122457758492,1.1819032327216559,Ya,3,0.9
山地斜面等,167,153.74243354019936,1.0862323182645224,0.11896137677448544,1.0692196642292853,Ya,3,0.95
山地斜面等,138,120.05833408892664,1.1494412366057325,0.20015458967938593,1.637444576319369,Ya,3,0.99
山麓堆積地形,5,6.3957644507295655,0.7817673772256652,-0.3262788762699558,-0.5519070001892454,Ya,3,0.9
山麓堆積地形,5,6.307913086011071,0.7926551827558305,-0.3077810001754719,-0.5207581010317779,Ya,3,0.95
山麓堆積地形,3,5.0639325912016036,0.5924249476014727,-0.6687500192229315,-0.9171736117039248,Ya,3,0.99
崖・段丘崖,8,8.569141173312893,0.933582472058532,-0.0935030960892333,-0.19442466351044294,Ya,3,0.9
崖・段丘崖,8,8.217998776277144,0.9734730094014568,-0.03653415993422744,-0.0760450622249579,Ya,3,0.95
崖・段丘崖,8,7.4667705285115575,1.0714136679910449,0.09346782051093437,0.19514064784128374,Ya,3,0.99
後背低地・湿地,5,4.639358843004779,1.0777351287536197,0.0978432303686335,0.16743502253972387,Ya,3,0.9
後背低地・湿地,5,4.639358843004779,1.0777351287536197,0.0978432303686335,0.16743502253972387,Ya,3,0.95
後背低地・湿地,5,4.639358843004779,1.0777351287536197,0.0978432303686335,0.16743502253972387,Ya,3,0.99
扇状地,0,0.22484434821691182,0,-0.5357431317375345,-0.47417754925440303,Ya,3,0.9
扇状地,0,0.20451090932070143,0,-0.4946939518902994,-0.4522288240710685,Ya,3,0.95
扇状地,0,0.1032761529483845,0,-0.27089045995662275,-0.3213660731134892,Ya,3,0.99
旧水部,0,23.215685719704528,0,-5.56776967825799,-4.818265841535161,Ya,3,0.9
旧水部,0,23.215685719704528,0,-5.56776967825799,-4.818265841535161,Ya,3,0.95
旧水部,0,23.20615614316814,0,-5.567189849535367,-4.817276838958722,Ya,3,0.99
旧河道,0,5.554501284071623,0,-3.598008128436753,-2.3567989485892986,Ya,3,0.9
旧河道,0,4.751143117592413,0,-3.3926315162197835,-2.1797117051556185,Ya,3,0.95
旧河道,0,3.281322183866229,0,-2.9188907779851654,-1.8114420178041108,Ya,3,0.99
水部,2,16.062150095083446,0.12451633113627741,-2.7278899753831043,-3.508729507579061,Ya,3,0.9
水部,2,15.400073798018981,0.12986950752517004,-2.669033461596985,-3.4146468064895554,Ya,3,0.95
水部,2,14.486138987803626,0.13806301331803236,-2.5836287368117827,-3.2805891261234907,Ya,3,0.99
氾濫平野・海岸平野,50,133.72572625530418,0.3738996332279539,-1.4103059179343527,-7.240214631949931,Ya,3,0.9
氾濫平野・海岸平野,49,127.49779727094129,0.38432036512655776,-1.3706185526263794,-6.951941826723137,Ya,3,0.95
氾濫平野・海岸平野,44,111.01335272864095,0.39634871768581575,-1.325339229151267,-6.360243415689123,Ya,3,0.99
河川敷・浜,0,0.0055827589433303,0,-0.01601917161210019,-0.07471786227757256,Ya,3,0.9
河川敷・浜,0,0.0055827589433303,0,-0.01601917161210019,-0.07471786227757256,Ya,3,0.95
砂州・砂丘,5,8.79332746043756,0.5686129650573934,-0.7567636250278971,-1.2792154962024682,Ya,3,0.9
砂州・砂丘,5,8.737555525591922,0.5722424292875984,-0.7480795124759275,-1.264423849834348,Ya,3,0.95
砂州・砂丘,5,8.518567346984247,0.5869531573017505,-0.7134666523643517,-1.205542671784371,Ya,3,0.99
自然堤防,6,5.299296173932982,1.1322258283116446,0.16456189858897868,0.30438650397619493,Ya,3,0.9
自然堤防,6,4.317682084095523,1.3896345036846065,0.43210052399013005,0.8096228172446491,Ya,3,0.95
自然堤防,4,3.585680219093536,1.1155484470422754,0.13934871082735067,0.21880129630017658,Ya,3,0.99
落堀,0,0.00167987755559142,0,-0.0048389776917048336,-0.0409863093677806,Ya,3,0.9
凹地・浅い谷,17,53.10910203180851,0.32009579054487175,-1.6151230476800265,-4.954869369728261,Ko,4,0.9
凹地・浅い谷,16,43.99028050763834,0.36371670776733983,-1.4310241701474187,-4.220159692703082,Ko,4,0.95
凹地・浅い谷,15,37.68643926429133,0.3980211527761076,-1.3007921850776587,-3.6955049121781647,Ko,4,0.99
台地・段丘,894,605.3118661331889,1.4769246235184328,0.5622116455703644,11.733817774222837,Ko,4,0.9
台地・段丘,718,503.56658525735276,1.4258293163615272,0.511373835902708,9.555733064759046,Ko,4,0.95
台地・段丘,520,401.23594562934176,1.2959955499111024,0.3736506101296603,5.929049804405008,Ko,4,0.99
山地斜面等,387,366.00564414297116,1.0573607434557155,0.08036089452608179,1.0973840988154635,Ko,4,0.9
山地斜面等,375,351.1809304932267,1.067825634704367,0.09454579918727511,1.2710403248380178,Ko,4,0.95
山地斜面等,289,222.89406831335916,1.2965800399573881,0.37397246914580495,4.427832411128984,Ko,4,0.99
山麓堆積地形,8,12.950598071637483,0.6177320889542883,-0.662135576292716,-1.3756652148221926,Ko,4,0.9
山麓堆積地形,8,12.65547805163208,0.6321373216690381,-0.6301289286089122,-1.3086545094043673,Ko,4,0.95
山麓堆積地形,7,8.376246314310567,0.8356965324719151,-0.24305910702146766,-0.47552291386848305,Ko,4,0.99
崖・段丘崖,58,19.27583907905961,3.008948132535955,1.5646977158631257,8.820137797457871,Ko,4,0.9
崖・段丘崖,38,15.440356153402643,2.4610831267402995,1.27217458216249,5.741211977408082,Ko,4,0.95
崖・段丘崖,30,11.902926810885507,2.5203885125601455,1.2981286384098165,5.245434413629616,Ko,4,0.99
後背低地・湿地,6,6.15501951952691,0.9748141303150855,-0.034003179503719436,-0.06248440939484669,Ko,4,0.9
後背低地・湿地,6,6.15501951952691,0.9748141303150855,-0.034003179503719436,-0.06248440939484669,Ko,4,0.95
後背低地・湿地,6,6.15501951952691,0.9748141303150855,-0.034003179503719436,-0.06248440939484669,Ko,4,0.99
扇状地,1,1.147469074375873,0.8714831818399255,-0.13528888307768175,-0.13766719368026134,Ko,4,0.9
扇状地,1,0.9642470430928113,1.037078627477572,0.03480351965576088,0.03640975927389986,Ko,4,0.95
扇状地,0,0.3788984581981222,0,-0.8137684011796952,-0.6155472834787935,Ko,4,0.99
旧水部,1,51.232944475636714,0.019518690761089075,-5.108048901685179,-7.0180099149543675,Ko,4,0.9
旧水部,1,51.23080541214697,0.019519505734003104,-5.107989247626776,-7.017857573211426,Ko,4,0.95
旧水部,1,51.18556871821703,0.0195367566492252,-5.106727111747227,-7.014635092067602,Ko,4,0.99
旧河道,7,37.20566438242382,0.18814339472746636,-2.329818769790792,-4.952036767383304,Ko,4,0.9
旧河道,7,22.325820132955904,0.3135383138587174,-1.6057041965307004,-3.2435456417271094,Ko,4,0.95
旧河道,6,14.636372386280923,0.4099376431296573,-1.2195078642751247,-2.2574317808206006,Ko,4,0.99
水部,3,32.977592176792605,0.09097086239398633,-3.257768940875726,-5.220201601851653,Ko,4,0.9
水部,2,25.84217167564153,0.07739287646189473,-3.397374287755716,-4.690091409404013,Ko,4,0.95
水部,2,22.63340335985456,0.08836496960715376,-3.209977529233475,-4.337065055895389,Ko,4,0.99
氾濫平野・海岸平野,126,319.9453470621424,0.39381726021953134,-1.3409409368358867,-10.842800461587556,Ko,4,0.9
氾濫平野・海岸平野,118,261.5886738789767,0.4510898665841794,-1.145167950049488,-8.877909558894473,Ko,4,0.95
氾濫平野・海岸平野,99,201.35911928362708,0.4916588846445649,-1.0205803333994228,-7.213414507945527,Ko,4,0.99
河川敷・浜,0,0.3481828511296994,0,-0.7624472194072247,-0.5900702086444454,Ko,4,0.9
河川敷・浜,0,0.1507344914699181,0,-0.3801409293431749,-0.3882454010930691,Ko,4,0.95
砂州・砂丘,18,14.407507340571723,1.2493486607021724,0.3114862235851516,0.9464582575110361,Ko,4,0.9
砂州・砂丘,18,14.102782256497067,1.2763438924760757,0.34128199990757,1.037772769476261,Ko,4,0.95
砂州・砂丘,18,14.069777087598128,1.279337965906097,0.34454646589076543,1.0477883726725907,Ko,4,0.99
自然堤防,17,22.91826431177127,0.7417664692551986,-0.42027922971684917,-1.2362420026473973,Ko,4,0.9
自然堤防,15,13.806115126439344,1.0864750773571568,0.11563625893021212,0.32131182175061207,Ko,4,0.95
自然堤防,12,12.486214854508727,0.9610598680085056,-0.05505288890886542,-0.1375982216847117,Ko,4,0.99
落堀,0,0.00895934696315424,0,-0.025622331007088484,-0.09465382698630966,Ko,4,0.9
凹地・浅い谷,15,30.56595071802037,0.4907421378245122,-1.0030659905645662,-2.8155075537792564,Na,5,0.9
凹地・浅い谷,10,27.760795329741935,0.3602202271664153,-1.4284127394127542,-3.3709045672350455,Na,5,0.95
凹地・浅い谷,9,25.946376105052654,0.3468692492377535,-1.4770706276599714,-3.326890342075079,Na,5,0.99
台地・段丘,515,413.9435158110419,1.2441310959804686,0.3147969362755287,4.966994085056196,Na,5,0.9
台地・段丘,472,382.00819970772585,1.2355755723597734,0.30482365459802263,4.604331641133044,Na,5,0.95
台地・段丘,395,336.0996712185336,1.1752466123156935,0.23264392721506177,3.2127998822261747,Na,5,0.99
山地斜面等,776,673.1900434275008,1.152720554286646,0.20490094694971714,3.9624731612893087,Na,5,0.9
山地斜面等,767,667.7393949964048,1.1486517131494534,0.1998017134989364,3.8412574740617993,Na,5,0.95
山地斜面等,584,485.61450655146,1.2025999885119045,0.26590683731306264,4.464627626399794,Na,5,0.99
山麓堆積地形,34,26.111150630865414,1.3021256887779336,0.37456546996154155,1.5438342039594644,Na,5,0.9
山麓堆積地形,34,25.921736672080453,1.3116405135239417,0.38487106540997207,1.5866676185939117,Na,5,0.95
山麓堆積地形,22,20.736716942272803,1.0609201090627771,0.08336424929249243,0.2774154675822878,Na,5,0.99
崖・段丘崖,30,16.055629710109766,1.868503480813952,0.8814873565328879,3.4800480075033913,Na,5,0.9
崖・段丘崖,21,14.742097084590947,1.4244920433979555,0.4962752500673877,1.629855820601323,Na,5,0.95
崖・段丘崖,19,12.948034182061013,1.4674042200416604,0.536078827257588,1.6818782247394017,Na,5,0.99
後背低地・湿地,7,4.44056275002977,1.5763767779102034,0.6022152156533351,1.21457819649506,Na,5,0.9
後背低地・湿地,7,4.44056275002977,1.5763767779102034,0.6022152156533351,1.21457819649506,Na,5,0.95
後背低地・湿地,7,4.44056275002977,1.5763767779102034,0.6022152156533351,1.21457819649506,Na,5,0.99
扇状地,0,1.101466738187923,0,-1.6793938342351926,-1.049507855229261,Na,5,0.9
扇状地,0,1.0222219218921884,0,-1.6061787019912726,-1.0110499106830426,Na,5,0.95
扇状地,0,0.7685797040190585,0,-1.3432141658193772,-0.8766867764595623,Na,5,0.99
旧水部,0,28.051282204326483,0,-5.83548363165887,-5.296346118252327,Na,5,0.9
旧水部,0,28.051282204326483,0,-5.83548363165887,-5.296346118252327,Na,5,0.95
旧水部,0,28.030670129663573,0,-5.834441728290986,-5.294399883807755,Na,5,0.99
旧河道,4,20.79557008002212,0.19234865813285487,-2.242556444634651,-3.6830645816430563,Na,5,0.9
旧河道,4,15.89214519452437,0.2516966684509149,-1.8650077617314302,-2.9831077533887425,Na,5,0.95
旧河道,3,10.593086958123061,0.2832035658594797,-1.6642340639793258,-2.33295899143159,Na,5,0.99
水部,7,27.554600092158257,0.2540410667034912,-1.9032748471546634,-3.915723120840223,Na,5,0.9
水部,7,24.916260591565116,0.2809410334378067,-1.760789286394074,-3.589268424850636,Na,5,0.95
水部,7,22.554756130687693,0.3103558273669781,-1.6201019045251805,-3.2752476123579632,Na,5,0.99
氾濫平野・海岸平野,190,349.0617646777528,0.5443162764486806,-0.8757563927077061,-8.51362773457955,Na,5,0.9
氾濫平野・海岸平野,181,327.0512121883842,0.5534301456609263,-0.8517509394797975,-8.076018112474234,Na,5,0.95
氾濫平野・海岸平野,148,261.4320218144022,0.5661127469115825,-0.8187295123540792,-7.015462091503056,Na,5,0.99
河川敷・浜,0,0.11534968207272658,0,-0.29947838259609944,-0.33963168590802384,Na,5,0.9
河川敷・浜,0,0.03637033820881405,0,-0.10130136214944915,-0.19071008942584566,Na,5,0.95
砂州・砂丘,22,12.10299220494886,1.817732311767027,0.8361587021021951,2.8448379679383247,Na,5,0.9
砂州・砂丘,22,11.954267045360492,1.8403470423172708,0.8532848824038098,2.9054951344547884,Na,5,0.95
砂州・砂丘,22,11.905938624215224,1.8478173535394082,0.8588941088341104,2.9253923501100165,Na,5,0.99
自然堤防,16,12.9056415994813,1.2397678857471968,0.299625755524434,0.8613522922918625,Na,5,0.9
自然堤防,16,9.46345397516443,1.6907146208973869,0.7277481592918928,2.1248265598685045,Na,5,0.95
自然堤防,13,7.929078889479195,1.639534702731893,0.6795125168070725,1.800841476919555,Na,5,0.99
落堀,0,0.00447967348157712,0,-0.012868046479749271,-0.06693036292727778,Na,5,0.9
凹地・浅い谷,25,39.145175191068105,0.6386483104999449,-0.636648053865004,-2.2608367817174964,He,6,0.9
凹地・浅い谷,20,35.26446122584421,0.5671432174140982,-0.8029027984617324,-2.570471858263804,He,6,0.95
凹地・浅い谷,18,34.134847453077406,0.5273203586084056,-0.9046990488495473,-2.7616324715697975,He,6,0.99
台地・段丘,611,491.1954018751042,1.2439041523343868,0.3145876349974331,5.405630301030083,He,6,0.9
台地・段丘,564,455.1690860459704,1.2390999681007293,0.30898708386485485,5.101124195192829,He,6,0.95
台地・段丘,452,392.3110033912968,1.152147138603626,0.20408244931585257,3.013554386457247,He,6,0.99
山地斜面等,1053,925.8692503384368,1.1373096143057917,0.18553104336711018,4.178070631575703,He,6,0.9
山地斜面等,1046,920.724286566913,1.1360621363646224,0.1839479605610593,4.12859312651514,He,6,0.95
山地斜面等,793,658.1246674842314,1.2049388803968515,0.26877367682605663,5.257489861039647,He,6,0.99
山麓堆積地形,41,36.55281212207104,1.1216647261796773,0.1635282964761427,0.7355718152823741,He,6,0.9
山麓堆積地形,41,36.32547946092551,1.1286843452156707,0.17240702745379416,0.7755885602353899,He,6,0.95
山麓堆積地形,26,28.61092395887412,0.9087438083919586,-0.13556827056915624,-0.48812188750868674,He,6,0.99
崖・段丘崖,15,17.20932857134425,0.8716202923208133,-0.19224129951777527,-0.5325720196897789,He,6,0.9
崖・段丘崖,11,15.835084010844676,0.6946600341663256,-0.5063400133625131,-1.2150491293253367,He,6,0.95
崖・段丘崖,9,13.327083424591914,0.6753165500106852,-0.5414974593624862,-1.1852984327535752,He,6,0.99
後背低地・湿地,8,4.258299157649274,1.8786843535004882,0.8370168633734877,1.813221990174722,He,6,0.9
後背低地・湿地,8,4.258299157649274,1.8786843535004882,0.8370168633734877,1.813221990174722,He,6,0.95
後背低地・湿地,8,4.258299157649274,1.8786843535004882,0.8370168633734877,1.813221990174722,He,6,0.99
扇状地,2,1.3511895170117305,1.4801772621972147,0.433475495055992,0.5581613041103438,He,6,0.9
扇状地,1,1.2434611973314638,0.8042068398644486,-0.21699175496764023,-0.2183301106029866,He,6,0.95
扇状地,0,0.8277050722161313,0,-1.4089347113643584,-0.9097829808345127,He,6,0.99
旧水部,0,17.199443258846475,0,-5.145632075515766,-4.147221149016107,He,6,0.9
旧水部,0,17.199443258846475,0,-5.145632075515766,-4.147221149016107,He,6,0.95
旧水部,0,17.18248108247676,0,-5.144248812730513,-4.14517563952081,He,6,0.99
旧河道,5,23.861143163458593,0.20954570222172317,-2.1470783105434177,-3.8612008073353565,He,6,0.9
旧河道,5,18.267927730323937,0.27370373223560684,-1.7707658393527386,-3.1042626163876617,He,6,0.95
旧河道,4,11.54684561106055,0.34641495476205725,-1.4206585289434732,-2.220924453940021,He,6,0.99
水部,19,32.56520152648989,0.5834448770275414,-0.7618395705946155,-2.3771104707213717,He,6,0.9
水部,19,30.52924522649412,0.6223540693207599,-0.6701544803607296,-2.086617488565779,He,6,0.95
水部,19,27.335315151666855,0.695071554674994,-0.5134422935264358,-1.594263055612762,He,6,0.99
氾濫平野・海岸平野,216,419.48357993151546,0.5149188438681295,-0.9559658990954593,-9.935091857000186,He,6,0.9
氾濫平野・海岸平野,208,403.73923249666467,0.5151840179458367,-0.9551619622477955,-9.741535209062208,He,6,0.95
氾濫平野・海岸平野,157,313.49191760582596,0.5008103596387019,-0.9953755948990415,-8.838503497148269,He,6,0.99
河川敷・浜,0,0.10943896887791921,0,-0.2855536572037615,-0.33081561159945155,He,6,0.9
河川敷・浜,0,0.06994929694596295,0,-0.18890548702472995,-0.26447929398340986,He,6,0.95
砂州・砂丘,21,11.251753130209341,1.8663758222368048,0.8714606652717936,2.9061392597709834,He,6,0.9
砂州・砂丘,21,11.220768721961765,1.8715295288902898,0.8752694659084461,2.9193987101212895,He,6,0.95
砂州・砂丘,21,11.187763553062826,1.877050752851397,0.8793377624157653,2.9335693894881993,He,6,0.99
自然堤防,15,10.947049982608135,1.3702321651797418,0.4372923659823634,1.2249622281132844,He,6,0.9
自然堤防,15,9.15327560328443,1.6387576043943892,0.6831777416073171,1.9325215831136968,He,6,0.95
自然堤防,13,7.661147053969858,1.696873837353592,0.7261155640875926,1.9288615656823473,He,6,0.99
落堀,0,9.332653086619e-4,0,-0.0026903244591422954,-0.030549391297731286,He,6,0.9
凹地・浅い谷,7,21.95493953303038,0.31883485670587997,-1.582070336492537,-3.191674095200126,Me,7,0.9
凹地・浅い谷,5,19.48921391946372,0.2565521637076671,-1.861718215126502,-3.282068667472095,Me,7,0.95
凹地・浅い谷,4,18.419763676218086,0.21715805209620762,-2.071897161758852,-3.3598208113830887,Me,7,0.99
台地・段丘,355,257.05171303284567,1.3810450660355593,0.4649874240709171,6.1092316599936884,Me,7,0.9
台地・段丘,324,232.1282773159294,1.3957799702232403,0.4801920028066913,6.0300072693371805,Me,7,0.95
台地・段丘,274,201.13038718696754,1.3623003656095687,0.4450930692204479,5.138159920048166,Me,7,0.99
山地斜面等,363,352.97211289864856,1.0284098565719577,0.040358965715154405,0.5337516597343546,Me,7,0.9
山地斜面等,355,347.7552209019482,1.0208329844172046,0.029704578553295977,0.388497580501865,Me,7,0.95
山地斜面等,257,238.96871969488825,1.0754545629575865,0.10473521428147622,1.1664228971466315,Me,7,0.99
山麓堆積地形,32,13.731539773067402,2.330401435588729,1.1913479562913611,4.929947840688248,Me,7,0.9
山麓堆積地形,32,13.49697283504964,2.370902008256306,1.215324872977233,5.0364508435257695,Me,7,0.95
山麓堆積地形,22,10.341636416562698,2.127322902666138,1.0533424705918844,3.6252917503585476,Me,7,0.99
崖・段丘崖,10,8.19004214380212,1.220994938050176,0.2729542491329983,0.6324488313720562,Me,7,0.9
崖・段丘崖,9,7.22005322290187,1.2465282072232062,0.2993167198165629,0.662425156459751,Me,7,0.95
崖・段丘崖,8,6.01433370095943,1.3301556577620242,0.3838452166365185,0.8096783083766192,Me,7,0.99
後背低地・湿地,6,3.283192562901753,1.8274895197426608,0.7808355073173495,1.4993764308397401,Me,7,0.9
後背低地・湿地,6,3.283192562901753,1.8274895197426608,0.7808355073173495,1.4993764308397401,Me,7,0.95
後背低地・湿地,6,3.283192562901753,1.8274895197426608,0.7808355073173495,1.4993764308397401,Me,7,0.99
扇状地,2,0.9027153188839452,2.215537897897492,0.8337058512240277,1.154898746505047,Me,7,0.9
扇状地,1,0.7875125640657248,1.2698210106480807,0.22037598995782565,0.23944430399114827,Me,7,0.95
扇状地,0,0.568215697388838,0,-1.0952029898469313,-0.7538008340329945,Me,7,0.99
旧水部,0,28.856220814323123,0,-5.875594349057383,-5.371798657277013,Me,7,0.9
旧水部,0,28.849803623853894,0,-5.8752789453490974,-5.371201320361572,Me,7,0.95
旧水部,0,28.839530787334176,0,-5.87477389377191,-5.370244946679264,Me,7,0.99
旧河道,5,13.779652953891047,0.3628538408572996,-1.3764573934472972,-2.3651473861426786,Me,7,0.9
旧河道,4,9.665952051482268,0.41382369565826704,-1.1757484247747076,-1.8224288282715835,Me,7,0.95
旧河道,3,6.460356779721368,0.4643706380763368,-0.9918063367667441,-1.3614215709876123,Me,7,0.99
水部,1,22.591285881728428,0.044264855273634,-3.9443141087047593,-4.542636980543576,Me,7,0.9
水部,1,20.147901117694822,0.0496329614761586,-3.782960731695185,-4.265856781371238,Me,7,0.95
水部,1,18.633896914170375,0.053665639807180525,-3.673096324943795,-4.085041316067385,Me,7,0.99
氾濫平野・海岸平野,126,198.82140076370123,0.6337345955516666,-0.6559592330251748,-5.16449027525575,Me,7,0.9
氾濫平野・海岸平野,115,183.42348631790054,0.6269644215609754,-0.6712128664492998,-5.052167336640059,Me,7,0.95
氾濫平野・海岸平野,88,144.60363455277374,0.6085600840681775,-0.7133342961438814,-4.7071139725710225,Me,7,0.99
河川敷・浜,0,0.07586001014077032,0,-0.20379004451987812,-0.2754269597203047,Me,7,0.9
河川敷・浜,0,0.03637033820881405,0,-0.10130136214944915,-0.19071008942584566,Me,7,0.95
砂州・砂丘,19,9.383011930210397,2.0249361443126674,0.9804514367103848,3.139553896997323,Me,7,0.9
砂州・砂丘,18,9.299218819021487,1.9356464613114734,0.9167866215892944,2.853218379764859,Me,7,0.95
砂州・砂丘,18,9.268572314528829,1.942046670098731,0.9213056391831338,2.8679979735533268,Me,7,0.99
自然堤防,16,10.40444585220777,1.5378041490412373,0.5975495682554053,1.7347369359264722,Me,7,0.9
自然堤防,13,7.416824409577787,1.7527717095759103,0.7699656485349348,2.0500869820728638,Me,7,0.95
自然堤防,12,6.4677597155849345,1.8553564955550823,0.8431613165714741,2.175324725700952,Me,7,0.99
落堀,0,0.0018665306173238,0,-0.005375641362542767,-0.043203363495494196,Me,7,0.9
