JASID,LGC,Site_no,SiteName_furigana,SiteName_original,Address,Chronology,SiteType,ArchaeologicalFeatures,MajorArtefacts,Lon,Lat,Unnamed: 12,Pa,Jo,Ya,Ko,As,An,Na,He,Me,Ka,Nb,Mu,Se,EM,AM,Ed,Md,Pr,Un
13101000100,13101,1,えどじょうあと,江戸城跡,千代田区 千代田　 皇居外苑　 北の丸公園,[近世],城館,[近世]建物礎石　敷石遺構　囲状遺構　土留遺構　石組溝　暗渠　城門　城橋　天守台　櫓堀　石塁　石垣　地下室　井戸　上下水道,縄文土器　弥生土器　土師器　陶磁器　瓦　金属製品　木製品　鉄釘　火箸　簪　笄　チャコ　銭貨,139.757489,35.68619003,,0,0,0,0,0,0,0,0,0,0,0,0,0,1,0,0,0,0,0
13101000200,13101,2,きゅうほんまるにしかいづか,旧本丸西貝塚,千代田区 千代田,[縄文時代（前期〜晩期）],貝塚,,縄文土器　打斧　石鏃　有溝土錘　骨角器,139.7550845,35.6866013,,0,1,0,0,0,0,0,0,0,0,0,0,0,0,0,0,0,0,0
13101000300,13101,3,,千代田区No.3遺跡,千代田区 千代田,[弥生時代],包蔵地,,弥生土器,139.7568012,35.6844541,,0,0,1,0,0,0,0,0,0,0,0,0,0,0,0,0,0,0,0
13101000400,13101,4,もみじやまいせき,紅葉山遺跡,千代田区 千代田,[縄文前期],包蔵地,,縄文土器,139.751926,35.68495605,,0,1,0,0,0,0,0,0,0,0,0,0,0,0,0,0,0,0,0
13101000500,13101,5,,千代田区No.5遺跡,千代田区 千代田,[奈良時代][平安時代],包蔵地,,土師器,139.7534709,35.68565319,,0,0,0,0,0,1,1,1,0,0,0,0,0,0,0,0,0,0,0
13101000600,13101,6,,千代田区No.6遺跡,千代田区 千代田,,貝塚,,土師器,139.7535053,35.68158178,,0,0,0,0,0,0,0,0,0,0,0,0,0,0,0,0,0,0,1
13101000800,13101,8,うしがふちかいづか,牛ヶ淵貝塚,千代田区 九段南一丁目,[縄文時代（中期）][弥生時代][古墳時代][奈良時代][平安時代],貝塚,,縄文土器　弥生土器　土師器,139.7510672,35.69479204,,0,1,1,1,0,1,1,1,0,0,0,0,0,0,0,0,0,0,0
13101000900,13101,9,くだんざかうえかいづか,九段坂上貝塚,千代田区 九段北一丁目,[縄文時代（中期）][弥生時代][平安時代],貝塚,[弥生時代]V字溝　住居,縄文土器　弥生土器　土師器　須恵器,139.7491794,35.69628581,,0,1,1,0,0,1,0,1,0,0,0,0,0,0,0,0,0,0,0
13101001000,13101,10,ながたちょうにちょうめいせき,永田町二丁目遺跡,千代田区 永田町二丁目,[縄文時代（後期）][弥生時代（中期）][近世],包蔵地・集落・貝塚・屋敷,[弥生時代]住居跡　土坑　環壕　溝　[近世]土坑　井戸　溝　建物址,石器　弥生土器　陶磁器類　金属　木製品　瓦,139.7438231,35.67281761,,0,1,1,0,0,0,0,0,0,0,0,0,0,1,0,0,0,0,0
13101001100,13101,11,,千代田区No.11遺跡,千代田区 永田町二丁目,[縄文時代（中期）],包蔵地,,縄文土器,139.7395316,35.6742121,,0,1,0,0,0,0,0,0,0,0,0,0,0,0,0,0,0,0,0
13101001200,13101,12,,千代田区No.12遺跡,千代田区 神田神保町一丁目,[縄文時代][近世],貝塚　その他（上水道）,竹樋,縄文土器　陶磁器,139.7591696,35.69663226,,0,1,0,0,0,0,0,0,0,0,0,0,0,1,0,0,0,0,0
13101001300,13101,13,めいじだいがくだいがくいんにしがわいせき,明治大学大学院西側遺跡,千代田区 神田駿河台一丁目,[縄文時代（前期）],包蔵地,,縄文土器,139.7612639,35.6988349,,0,1,0,0,0,0,0,0,0,0,0,0,0,0,0,0,0,0,0
13101001400,13101,14,,千代田区No.14遺跡,千代田区 大手町二丁目,[中世],単独出土地,,銅鐘,139.7683707,35.68525565,,0,0,0,0,0,0,0,0,1,0,0,0,0,0,0,0,0,0,0
13101001500,13101,15,,千代田区No.15遺跡,千代田区 麹町三丁目,[近世],上水道,[近世]上水木樋　石桝,,139.73814,35.68414911,,0,0,0,0,0,0,0,0,0,0,0,0,0,1,0,0,0,0,0
13101001600,13101,16,,千代田区No.16遺跡,千代田区 神田駿河台四丁目,[近世],包蔵地,,陶磁器　銅製高麗犬,139.7650405,35.69900219,,0,0,0,0,0,0,0,0,0,0,0,0,0,1,0,0,0,0,0
13101001700,13101,17,,千代田区No.17遺跡,千代田区 内幸町二丁目,[近世],包蔵地・上水路跡,[近世]木樋,陶磁器　煙管　箸　下駄　人形,139.7551184,35.6704748,,0,0,0,0,0,0,0,0,0,0,0,0,0,1,0,0,0,0,0
13101001800,13101,18,,千代田区No.18遺跡,千代田区 神田富山町,[近世],包蔵地,,銭貨,139.7730602,35.6933313,,0,0,0,0,0,0,0,0,0,0,0,0,0,1,0,0,0,0,0
13101001900,13101,19,ひえじんじゃけいだいいせき,日枝神社境内遺跡,千代田区 永田町二丁目,[近世],包蔵地,,陶磁器　ホウロク　手焙り土器　瓦　石製品　土製人形　銭貨,139.7393599,35.67535557,,0,0,0,0,0,0,0,0,0,0,0,0,0,1,0,0,0,0,0
13101002000,13101,20,とりつひとつばしこうこうないいせき,都立一橋高校内遺跡,千代田区 東神田一丁目,[近世],社寺・集落,[近世]建物基礎　井戸　下水道　墓壙,陶磁器　土製品　石製品　金属製品　木製品　人骨　獣骨　貝殻,139.7811283,35.69466967,,0,0,0,0,0,0,0,0,0,0,0,0,0,1,0,0,0,0,0
13101002100,13101,21,がいむしょうこうないいせき,外務省構内遺跡,千代田区 霞ヶ関二丁目,[縄文時代][近世],大名屋敷,[近世]井戸　石組溝　上水桝　石垣　溝状遺構,縄文土器　陶磁器　瓦　金属製品　木製品　動物遺体,139.7498313,35.67437944,,0,1,0,0,0,0,0,0,0,0,0,0,0,1,0,0,0,0,0
13101002200,13101,22,とうきょうこくりつきんだいびじゅつかんいせき,東京国立近代美術館遺跡,千代田区 北の丸公園,[旧石器時代][縄文時代（早期〜後期）][弥生時代][古墳時代][中世][近世],集落・城館,[旧石器時代]礫群　[縄文時代][弥生時代][古墳時代]住居　[中世]井戸　土坑群　地下式土坑　溝状遺構　堀　[近世]井戸　石組遺構,縄文土器　弥生土器　土製勾玉　土師器　須恵器　砥石　土錘　石製カ帯　石製模造品　陶磁器　カワラケ　瓦　鉄鏃　板碑　ガラス製品　焼塩壺　銭貨,139.754735,35.69037522,,1,1,1,1,0,0,0,0,1,0,0,0,0,1,0,0,0,0,0
13101002400,13101,24,こっかいとしょかんいせき,国会図書館遺跡,千代田区 永田町一丁目,[近世],井戸跡,[近世]井戸,煙管　井戸側板,139.7445784,35.67859066,,0,0,0,0,0,0,0,0,0,0,0,0,0,1,0,0,0,0,0
13101002500,13101,25,,千代田区No.25遺跡,千代田区 神田須田町一丁目,[近世],上水道,[近世]上水木樋,,139.769836,35.696224,,0,0,0,0,0,0,0,0,0,0,0,0,0,1,0,0,0,0,0
13101002600,13101,26,,千代田区No.26遺跡,千代田区 神田淡路町一丁目,[近世],包蔵地,,陶磁器,139.7661052,35.69560776,,0,0,0,0,0,0,0,0,0,0,0,0,0,1,0,0,0,0,0
13101002700,13101,27,,千代田区No.27遺跡,千代田区 内幸町一丁目,[近世],上水路跡,[近世]井戸　埋桝　継手,陶磁器　瓦　井戸側板・底板　下駄,139.7569037,35.66994487,,0,0,0,0,0,0,0,0,0,0,0,0,0,1,0,0,0,0,0
13101002800,13101,28,えどじょうそとぼりあと,江戸城外堀跡,千代田区 霞が関三丁目 紀尾井町〜富士見町,[近世],城館,※一部、国指定史跡江戸城外堀跡となっています。 [近世]谷 城館跡 壕 石垣,,139.748561,35.67075371,,0,0,0,0,0,0,0,0,0,0,0,0,0,1,0,0,0,0,0
13101002900,13101,29,おおてまちいっちょうめいせき,大手町一丁目遺跡,千代田区 大手町一丁目,[近世],城館・屋敷・その他（石垣）,[近世]石垣遺構　建物跡　礎石列　穴蔵　竈　石組溝　上水木樋　上水井戸　下水溝　埋樋,陶磁器　土器　瓦　金属製品　銭貨　木製品　石製品　土製品　ガラス製品　動物遺体等,139.7647658,35.68849034,,0,0,0,0,0,0,0,0,0,0,0,0,0,1,0,0,0,0,0
13101003000,13101,30,ときわばしもんあと,常盤橋門跡,千代田区 大手町二丁目,[近世][近代],城館・石橋,※一部、国指定史跡常盤橋門跡となっています。,,139.7700186,35.68592491,,0,0,0,0,0,0,0,0,0,0,0,0,0,1,0,0,1,0,0
13101003100,13101,31,,千代田区No.31遺跡,千代田区 北の丸公園,[近世],城館,[近世]石積暗渠,,139.7517137,35.68965024,,0,0,0,0,0,0,0,0,0,0,0,0,0,1,0,0,0,0,0
13101003200,13101,32,,千代田区No.32遺跡,千代田区 大手町一丁目,[近世],城館,一ツ橋門　[近世]石垣遺構,,139.7593756,35.69116723,,0,0,0,0,0,0,0,0,0,0,0,0,0,1,0,0,0,0,0
13101003300,13101,33,きじばしかんれんいせき,雉子橋関連遺跡,千代田区 九段南一丁目,[近世],城館,江戸城外堀　雉子橋　[近世]石垣　橋脚基礎遺構,陶磁器　瓦　間知石　金属製品　木製品　人骨　獣骨,139.7555304,35.69325849,,0,0,0,0,0,0,0,0,0,0,0,0,0,1,0,0,0,0,0
13101003500,13101,35,,千代田区No.35遺跡,千代田区 隼町,[近世],その他（上水道）,[近世]上水木樋,,139.7449217,35.6801245,,0,0,0,0,0,0,0,0,0,0,0,0,0,1,0,0,0,0,0
13101003600,13101,36,,千代田区No.36遺跡,千代田区 外神田四丁目,[近世],上水道,[近世]上水木樋　継手,,139.7719215,35.70110099,,0,0,0,0,0,0,0,0,0,0,0,0,0,1,0,0,0,0,0
13101003700,13101,37,ながたちょういっちょうめいせき,永田町一丁目遺跡,千代田区 永田町一丁目,[近世],屋敷,[近世]上水木樋　継手　石組溝　上水跡　土坑　上水道関連施設,木樋　継ぎ手　陶磁器　土器　瓦　金属製品　銭貨　金属製品　石製品　ガラス製品,139.7464324,35.67343119,,0,0,0,0,0,0,0,0,0,0,0,0,0,1,0,0,0,0,0
13101003800,13101,38,,千代田区No.38遺跡,千代田区 北の丸公園,[近世],上水道,[近世]上水木樋,,139.7515764,35.68912043,,0,0,0,0,0,0,0,0,0,0,0,0,0,1,0,0,0,0,0
13101003900,13101,39,,千代田区No.39遺跡,千代田区 霞ヶ関三丁目,[近世],上水道,[近世]上水木樋,,139.7453681,35.67122785,,0,0,0,0,0,0,0,0,0,0,0,0,0,1,0,0,0,0,0
13101004000,13101,40,,千代田区No.40遺跡,千代田区 大手町一丁目,[近世],上水道,[近世]井戸　上水木樋　焼土整理土坑　土坑　小穴,底板　円形木桝　木栓　陶磁器　土器　土製品　瓦,139.7624312,35.68757014,,0,0,0,0,0,0,0,0,0,0,0,0,0,1,0,0,0,0,0
13101004100,13101,41,ひらかわちょういせき,平河町遺跡,千代田区 平河町二丁目,[縄文時代][弥生時代][古墳時代][中世][近世],包蔵地,[中世]地下式土坑,陶磁器,139.7401839,35.67928786,,0,1,1,1,0,0,0,0,1,0,0,0,0,1,0,0,0,0,0
13101004200,13101,42,きおいちょういせき,紀尾井町遺跡,千代田区 紀尾井町,[旧石器時代][縄文時代（早期・中期〜後期）][弥生時代（後期）][中世][近世][近代],包蔵地・集落・屋敷,土坑　盛土　土手　石組溝　土坑　埋桶　柱穴　石垣遺構（紀州和歌山藩屋敷関係）　石垣　溝,縄文土器　弥生土器　陶磁器　瓦　金属製品　泥人形　間知石　石製品,139.7371627,35.68084957,,1,1,1,0,0,0,0,0,1,0,0,0,0,1,0,0,1,0,0
13101004300,13101,43,みろくじあと,弥勒寺跡,千代田区 岩本町二丁目,[近世],社寺,[近世]木樋　継手　墓址（早桶・蔵骨器）　地下室　土坑　下水溝　建物跡　上水,陶磁器　瓦　煙管　箸　銭貨　早桶　人骨　木桶　継手　桶　漆器　数珠　木刀　人形　陶磁器類　木製品,139.7781414,35.69349859,,0,0,0,0,0,0,0,0,0,0,0,0,0,1,0,0,0,0,0
13101004400,13101,44,,千代田区No.44遺跡,千代田区 永田町二丁目,[近世],上水路跡,[近世]石樋,,139.7383986,35.67886955,,0,0,0,0,0,0,0,0,0,0,0,0,0,1,0,0,0,0,0
13101004500,13101,45,ひらかわちょう1-4いせき,平河町1-4遺跡,千代田区 平河町一丁目,[弥生時代（後期）][近世],集落・町人地跡,[弥生時代]住居　[近世]土坑,弥生土器　陶磁器　獣骨,139.7386046,35.68238336,,0,0,1,0,0,0,0,0,0,0,0,0,0,1,0,0,0,0,0
13101004600,13101,46,よんばんちょう11いせき,四番町11遺跡,千代田区 四番町,[近世],屋敷跡,,陶磁器　銭貨,139.7395133,35.68900116,,0,0,0,0,0,0,0,0,0,0,0,0,0,1,0,0,0,0,0
13101004700,13101,47,いずみはかたはんむさしおかべはんかみやしきあと,和泉伯太藩・武蔵岡部藩上屋敷跡,千代田区 永田町二丁目,[近世],屋敷,[近世]土坑　地下室　井戸,陶磁器　瓦　金属製品　木製品　銭貨,139.7407675,35.67647114,,0,0,0,0,0,0,0,0,0,0,0,0,0,1,0,0,0,0,0
13101004800,13101,48,ひがしかんだ1-5いせき,東神田1-5遺跡,千代田区 東神田一丁目,[近世],墓地跡,[近世]墓,陶磁器　銭貨　早桶,139.779961,35.69405625,,0,0,0,0,0,0,0,0,0,0,0,0,0,1,0,0,0,0,0
13101004900,13101,49,いちばんちょういせき,一番町遺跡,千代田区 一番町,[縄文時代][弥生時代][近世],武家屋敷,[縄文時代]土坑　[弥生時代]方形周溝墓　[近世]建物　土坑　地下室　井戸,縄文土器　弥生土器　陶磁器　瓦　金属製品,139.739685,35.68690979,,0,1,1,0,0,0,0,0,0,0,0,0,0,1,0,0,0,0,0
13101005000,13101,50,よつやみつけあと,四谷見附跡,千代田区 麹町六丁目,[近世],城館,[近世]石垣,,139.7315483,35.68610111,,0,0,0,0,0,0,0,0,0,0,0,0,0,1,0,0,0,0,0
13101005100,13101,51,,千代田区No.51遺跡,千代田区 丸の内一丁目,[中世],墓地跡,,人骨,139.7661971,35.68075227,,0,0,0,0,0,0,0,0,1,0,0,0,0,0,0,0,0,0,0
13101005200,13101,52,まるのうちさんちょうめいせき,丸の内三丁目遺跡,千代田区 丸の内三丁目,[近世][近代],城館・屋敷・その他（道）,土佐高知藩・阿波徳島藩上屋敷 [近世]建物礎石 地下室 木樋 上水井戸 下水溝 区画石積溝 石組溝 建物基礎 瓦溜 柵列状遺構 土坑 小穴 煉瓦遺構 煉瓦基礎建物,陶磁器 土器 瓦 金属製品 土製品 石製品 木製品 竹製品 漆器 煉瓦 自然遺物,139.7646006,35.67654116,,0,0,0,0,0,0,0,0,0,0,0,0,0,1,0,0,1,0,0
13101005300,13101,53,,千代田区No.53遺跡,千代田区 有楽町一丁目,[中世][近世],社寺・上水跡,[中世]墓 [近世]上水道,木樋 人骨,139.7607833,35.67529979,,0,0,0,0,0,0,0,0,1,0,0,0,0,1,0,0,0,0,0
13101005400,13101,54,,千代田区No.54遺跡,千代田区 東神田一丁目,[近世],墓地跡,,人骨,139.7803043,35.69330341,,0,0,0,0,0,0,0,0,0,0,0,0,0,1,0,0,0,0,0
13101005500,13101,55,はやぶさちょういせき,隼町遺跡,千代田区 隼町,[縄文時代][近世],包蔵地・武家屋敷跡,[時期不明]土坑　ピット,縄文土器　陶磁器,139.7426901,35.68310842,,0,1,0,0,0,0,0,0,0,0,0,0,0,1,0,0,0,0,0
13101005600,13101,56,さんばんちょういせき,三番町遺跡,千代田区 三番町,[縄文時代（前期・後期）][弥生時代（後期）][近世][近代],集落・貝塚・屋敷,[縄文時代]貝塚　ピット　住居址　[弥生時代]ピット　住居址　[近世]土坑　溝　地下室　井戸　建物跡,縄文土器　石器（縄文）　耳飾り　弥生土器　石器（弥生）　陶磁器　瓦（近世）　石製品　金属製品（近世）,139.7464141,35.69089728,,0,1,1,0,0,0,0,0,0,0,0,0,0,1,0,0,1,0,0
13101005700,13101,57,おわりはんこうじまちていあと,尾張藩麹町邸跡,千代田区 紀尾井町　 麹町六丁目,[縄文時代（早期・中期・晩期）][近世],屋敷,建物址　地下室　井戸　溝　土坑　小穴　麹室　上水跡　柱穴　墓壙　埋甕　井戸址　礎石,陶磁器　瓦　金属製品　木製品　動物遺存体　縄文土器　人骨,139.7324409,35.68314519,,0,1,0,0,0,0,0,0,0,0,0,0,0,1,0,0,0,0,0
13101005800,13101,58,ためいけいせき,溜池遺跡,千代田区 永田町二丁目,[縄文時代（前期・後期）][近世],包蔵地・社寺・屋敷,[近世]建物　土留遺構　石組　井戸,陶磁器　漆器　木製品　建築材　動植物遺体,139.7413855,35.67348697,,0,1,0,0,0,0,0,0,0,0,0,0,0,1,0,0,0,0,0
13101006000,13101,60,いいだまちいせき,飯田町遺跡,千代田区 飯田町二丁目　 飯田町三丁目,[縄文時代][古墳時代][奈良時代][平安時代][近世],包蔵地・屋敷,[近世]屋敷境　地下室　土坑　上水道　石組溝　井戸　庭園,縄文土器　土師器　須恵器　陶磁器　瓦　砥石　硯　漆器　下駄　曲物,139.7498656,35.70120476,,0,1,0,1,0,1,1,1,0,0,0,0,0,1,0,0,0,0,0
13101006100,13101,61,めいじだいがくきねんかんまえいせき,明治大学記念館前遺跡,千代田区 神田駿河台一丁目,[近世],武家屋敷,[近世]門基礎　地下室　便所　井戸　排水遺構,陶磁器　胞衣皿　瓦　金属製品,139.7615386,35.69730142,,0,0,0,0,0,0,0,0,0,0,0,0,0,1,0,0,0,0,0
13101006200,13101,62,ひとつばしにちょうめいせき,一ツ橋二丁目遺跡,千代田区 一ツ橋二丁目,[近世],幕府御用地,,,139.758174,35.69253353,,0,0,0,0,0,0,0,0,0,0,0,0,0,1,0,0,0,0,0
13101006300,13101,63,まるのうちいっちょうめいせき,丸の内一丁目遺跡,千代田区 丸の内一丁目,[近世],城館,[近世]石垣　建物跡,陶磁器　木製品　漆器,139.7668151,35.67806109,,0,0,0,0,0,0,0,0,0,0,0,0,0,1,0,0,0,0,0
13101006400,13101,64,そとかんだいっちょうめいせき,外神田一丁目遺跡,千代田区 外神田一丁目,[近世],町屋,[近世]地下室　井戸　橋台,陶磁器　瓦　石製品　木製品,139.7719273,35.69720694,,0,0,0,0,0,0,0,0,0,0,0,0,0,1,0,0,0,0,0
13101006500,13101,65,ほうせいだいがくこうないいせき,法政大学構内遺跡,千代田区 富士見二丁目,[縄文時代（前期）][近世],包蔵地・屋敷,[縄文時代]溝　小穴　[弥生〜中世]溝　土坑[近世]溝　道路跡　溝　建物跡　穴蔵　井戸,縄文土器　弥生土器　石器　土師器　須恵器　陶磁器　　瓦　銭貨　金属製品　もく世田谷区品　骨角製品,139.7404933,35.69527317,,0,1,0,0,0,0,0,0,0,0,0,0,0,1,0,0,0,0,0
13101006600,13101,66,とうきょうえきやえすきたぐちいせき,東京駅八重洲北口遺跡,千代田区 丸の内一丁目,[古墳時代][近世],包蔵地・屋敷,[近世]建物　石組溝　上水木桶　外堀石垣,陶磁器　瓦　ガラス製品　食器等,139.7696475,35.68278802,,0,0,0,1,0,0,0,0,0,0,0,0,0,1,0,0,0,0,0
13101006700,13101,67,いわもとちょうにちょうめいせき,岩本町二丁目遺跡,千代田区 岩本町二丁目,[近世],町屋,[近世]下水溝,陶磁器　瓦,139.7780041,35.6941399,,0,0,0,0,0,0,0,0,0,0,0,0,0,1,0,0,0,0,0
13101006800,13101,68,よんばんちょういせき,四番町遺跡,千代田区 四番町,[近世],屋敷,[近世]土坑　地下室　柱穴　井戸跡,陶磁器　瓦,139.7362174,35.68905693,,0,0,0,0,0,0,0,0,0,0,0,0,0,1,0,0,0,0,0
13101006900,13101,69,せいがんいんあと,栖岸院跡,千代田区 麹町五丁目,[近世],その他の墓,[近世]石室墓　甕棺墓,陶磁器　土器　土人形　木製品,139.7341232,35.68504146,,0,0,0,0,0,0,0,0,0,0,0,0,0,1,0,0,0,0,0
13101007000,13101,70,もといいだまちいせき,元飯田町遺跡,千代田区 九段北一丁目,[近世],屋敷,,陶磁器　瓦　木製品　金属製品　石製品,139.75172,35.69695497,,0,0,0,0,0,0,0,0,0,0,0,0,0,1,0,0,0,0,0
13101007100,13101,71,,千代田区No.71遺跡,千代田区 千代田,[縄文時代（前期・中期・後期）][弥生時代（後期）][平安時代],包蔵地,,縄文土器　石器　土錘　土製品　弥生土器　土師器　須恵器,139.7500377,35.68272514,,0,1,1,0,0,1,0,1,0,0,0,0,0,0,0,0,0,0,0
13101007200,13101,72,そとかんだよんちょうめいせき,外神田四丁目遺跡,千代田区 外神田四丁目,[近世],その他（町地）,[近世]礎石　下水,陶磁器　瓦,139.7725739,35.70048762,,0,0,0,0,0,0,0,0,0,0,0,0,0,1,0,0,0,0,0
13101007300,13101,73,,千代田区No.73遺跡,千代田区 神田花岡町,[中世][近世],その他の墓,,,139.7744679,35.69812702,,0,0,0,0,0,0,0,0,1,0,0,0,0,1,0,0,0,0,0
13101007400,13101,74,ひびやもんあといせき,日比谷門跡,千代田区 日比谷公園,[近世],城館,,,139.758792,35.67516035,,0,0,0,0,0,0,0,0,0,0,0,0,0,1,0,0,0,0,0
13101007500,13101,75,もんぶかがくしょうこうないいせき,文部科学省構内遺跡,千代田区 霞ヶ関三丁目,[平安時代][近世],包蔵地・城館・屋敷,[近世]石垣（外堀）　溝　ピット,陶磁器　瓦　須恵器,139.7490073,35.67131152,,0,0,0,0,0,1,0,1,0,0,0,0,0,1,0,0,0,0,0
13101007600,13101,76,ゆうらくちょうにちょうめいせき,有楽町二丁目遺跡,千代田区 有楽町二丁目,[近世],屋敷,[近世]礎石　石組下水溝　井戸　上下水遺構　建物跡　地下室　礎石群　柱列　埋桶等,陶磁器　土器　瓦　漆器　木製品　金属製品　石製品　骨角製品等,139.7632895,35.67432366,,0,0,0,0,0,0,0,0,0,0,0,0,0,1,0,0,0,0,0
13101007700,13101,77,くだんみなみいっちょうめいせき,九段南一丁目遺跡,千代田区 九段南一丁目,[近世],屋敷,[近世]建物址,陶磁器　瓦,139.7535735,35.69398344,,0,0,0,0,0,0,0,0,0,0,0,0,0,1,0,0,0,0,0
13101007800,13101,78,ふじみにちょうめいせき,富士見二丁目遺跡,千代田区 富士見二丁目,[弥生時代（後期）][近世],集落・屋敷,[弥生時代]住居址　[近世]土坑　溝,弥生土器　陶磁器類,139.7449565,35.70079368,,0,0,1,0,0,0,0,0,0,0,0,0,0,1,0,0,0,0,0
13101007900,13101,79,ひろしまはんあさのけかみやしきあと,広島藩浅野家上屋敷跡,千代田区 霞ヶ関二丁目,[近世],屋敷,[近世]擁壁石積　溝　石組溝　井戸,陶磁器片,139.7511016,35.67613647,,0,0,0,0,0,0,0,0,0,0,0,0,0,1,0,0,0,0,0
13101008000,13101,80,こうじまちにちょうめいせき,麹町二丁目遺跡,千代田区 麹町二丁目,[近世],屋敷,[近世]土坑1基,陶磁器片,139.7409896,35.68551552,,0,0,0,0,0,0,0,0,0,0,0,0,0,1,0,0,0,0,0
13101008100,13101,81,かんだあわじちょうにちょうめいせき,神田淡路町二丁目遺跡,千代田区 淡路町二丁目,[近世],屋敷,上水道跡　建物址　下水道跡　土坑　杭跡,陶磁器　瓦　金属製品　木製品　土器,139.7671004,35.69758024,,0,0,0,0,0,0,0,0,0,0,0,0,0,1,0,0,0,0,0
13101008200,13101,82,にばんちょういせき,二番町遺跡,千代田区 二番町,[近世],屋敷,建物址　地下室　土坑,陶磁器　瓦,139.7373504,35.68551552,,0,0,0,0,0,0,0,0,0,0,0,0,0,1,0,0,0,0,0
13101008300,13101,83,ゆうらくちょういっちょうめいせき,有楽町一丁目遺跡,千代田区 有楽町一丁目,[近世],屋敷,建物址　土坑　石組溝,陶磁器　土器類　瓦　自然遺物（貝類）,139.7590323,35.67376587,,0,0,0,0,0,0,0,0,0,0,0,0,0,1,0,0,0,0,0
13101008400,13101,84,,千代田区No.84遺跡,千代田区 岩本町二丁目,[近世],墓地跡,,陶磁器　人骨,139.7775578,35.69321976,,0,0,0,0,0,0,0,0,0,0,0,0,0,1,0,0,0,0,0
13101008500,13101,85,つついけやしきあと,筒井家屋敷跡,千代田区 二番町,近世,屋敷跡,地下室　溝　土坑　上水竹樋　上水　井戸,陶磁器　土器　瓦　金属製品　銭貨　27世教生第17号の既製品　土製品　ガラス製品,139.7374877,35.68730019,,0,0,0,0,0,0,0,0,0,0,0,0,0,1,0,0,0,0,0
13101008600,13101,86,,千代田区No.86遺跡,千代田区 岩本町二丁目,[近世],社寺・その他の墓,[近世]墓壙　上水樋　杭列　溝状遺構,[近世]人骨　早桶　銭貨　陶磁器　漆器,139.7762875,35.69358224,,0,0,0,0,0,0,0,0,0,0,0,0,0,1,0,0,0,0,0
13101008700,13101,87,かんだねりべいちょういせき,神田練塀町遺跡,千代田区 練塀町,[近世],屋敷,池跡　建物基礎　溝状遺構　土壙,陶磁器　瓦　木製品　漆器,139.7747222,35.70003378,,0,0,0,0,0,0,0,0,0,0,0,0,0,1,0,0,0,0,0
13101008800,13101,88,ひとつばしとくがわけやしきあといせき,一橋徳川家屋敷跡遺跡,千代田区 大手町一丁目,[近世],屋敷,[近世]石垣　石組溝　池跡　土壙,(近世)陶磁器　土器　瓦　木製品,139.7601653,35.69063744,,0,0,0,0,0,0,0,0,0,0,0,0,0,1,0,0,0,0,0
13101008900,13101,89,こうじまちごちょうめいせき,麹町五丁目遺跡,千代田区 麹町五丁目,[近世],その他(町屋),[近世]地下室　井戸　土坑　小穴,(近世)陶磁器　土器　石製品　瓦,139.7342948,35.6845674,,0,0,0,0,0,0,0,0,0,0,0,0,0,1,0,0,0,0,0
13101009000,13101,90,,千代田区No.90遺跡,千代田区 外神田五丁目,[近世],その他(井戸),[近世]井戸,,139.7721275,35.70327562,,0,0,0,0,0,0,0,0,0,0,0,0,0,1,0,0,0,0,0
13101009100,13101,91,ざいむしょうこうないいせき,財務省構内遺跡,千代田区 霞が関三丁目,[近世],屋敷,[近世]石組溝,,139.7489043,35.67329174,,0,0,0,0,0,0,0,0,0,0,0,0,0,1,0,0,0,0,0
13101009200,13101,92,,千代田区No.92遺跡,千代田区 東神田一丁目,[近世],その他(石組溝),[近世]石組溝,(近世)墓石,139.7800983,35.69294093,,0,0,0,0,0,0,0,0,0,0,0,0,0,1,0,0,0,0,0
13101009300,13101,93,,千代田区No.93遺跡,千代田区 神保町一丁目,[近世],屋敷,[近世]上水　土坑　杭,(近世)陶磁器,139.7595134,35.69684344,,0,0,0,0,0,0,0,0,0,0,0,0,0,1,0,0,0,0,0
13101009400,13101,94,おうみひこねはんいいかみやしきあと,近江彦根藩井池上屋敷跡,千代田区 永田町一丁目,[近世][近代],屋敷・陸軍省,[近世]土坑　杭穴　[近代]煉瓦建物跡　下水溝　礎石列,(近世)陶器　磁器　土器　瓦　(近代)陶器　磁器　煉瓦,139.7470792,35.67841427,,0,0,0,0,0,0,0,0,0,0,0,0,0,1,0,0,1,0,0
13101009500,13101,95,いせつばたとうどうけかみやしきあと,伊勢津幡藤堂家上屋敷跡,千代田区 神田和泉町,[近世],屋敷,[近世]瓦溜　礎石　下水施設　杭跡　地下室,(近世)陶器　磁器　土器　瓦　土器または土製品　ガラス,139.7772176,35.70022356,,0,0,0,0,0,0,0,0,0,0,0,0,0,1,0,0,0,0,0
13101009600,13101,96,,千代田区No.96遺跡,千代田区 飯田橋,[近世],外堀護岸石垣,,(近世)間知石,139.7498595,35.70251397,,0,0,0,0,0,0,0,0,0,0,0,0,0,1,0,0,0,0,0
13101009700,13101,97,かんださるがくちょういっちょうめいせき,神田猿楽町一丁目遺跡,千代田区 神田猿楽町,[近世],屋敷,[近世]礎石列　池跡　杭列,(近世)磁器　陶器　土器　瓦　金属製品　ガラス製品　石製品　貝　煉瓦,139.7602719,35.69702232,,0,0,0,0,0,0,0,0,0,0,0,0,0,1,0,0,0,0,0
13101009800,13101,98,しみずとくがわけやしきあと,清水徳川家屋敷跡,千代田区 北の丸公園,[近世][近代],屋敷・近衛歩兵第一第二連隊竹橋陣営,[近世]建物跡　石組溝　上水木樋　池　[近代]煉瓦造建物　石組溝　塹壕,(近世)陶磁器　瓦　金属製品　その他　(近代)陶磁器　煉瓦　金属製品　その他,139.7499773,35.69327693,,0,0,0,0,0,0,0,0,0,0,0,0,0,1,0,0,1,0,0
13101009900,13101,99,しまとばはんいながきけかみやしきあと,志摩鳥羽藩稲垣家上屋敷跡,千代田区 _町五丁目,縄文(中期・後期)　近世,集落・屋敷・その他,(縄文)住居跡　(近世)大型土坑　建物基礎　池跡　井戸　溝状遺構　土坑　礎石　小穴等,縄文土器　磁器　陶器　土器　瓦　金属製品　ガラス製品　煉瓦等,139.7342003,35.6835939,,0,1,0,0,0,0,0,0,0,0,0,0,0,1,0,0,0,0,0
13101010000,13101,100,,千代田区No.100遺跡,千代田区 神田駿河台二丁目,[近世],その他（上水施設）,(近世)上水遺構,,139.7570971,35.70118654,,0,0,0,0,0,0,0,0,0,0,0,0,0,1,0,0,0,0,0
13101010100,13101,101,かんだばしもんあと（ひがし）,神田橋門跡（東）,千代田区 大手町一丁目,[近世],城館跡,[近世]石垣,,139.7647913,35.68847486,,0,0,0,0,0,0,0,0,0,0,0,0,0,1,0,0,0,0,0
13101010200,13101,102,えいこくたいしかんみなみいせき,英国大使館南遺跡,千代田区 一番町,[縄文時代（前期）][弥生時代（後期）][近世],集落、屋敷,[縄文]竪穴住居跡、土坑、風倒木、[弥生]竪穴住居跡、[近世]建物基礎、池跡、道路状遺構、井戸、麹室、地下室,[縄文]土器、[弥生]土器、[古墳]土師器、[近世]磁器、陶器、土器、瓦、金属製品、銭貨、ガラス製品、動物遺体,139.743707,35.686385,,0,1,1,0,0,0,0,0,0,0,0,0,0,1,0,0,0,0,0
1311010300,13101,103,うちさいわいちょういっちょうめいせき,内幸町一丁目遺跡,千代田区 内幸町一丁目,[近世],屋敷,[近世]建物基礎跡、溝状遺構、土坑,[近世]磁器、陶器、土器、瓦,139.758161,35.670715,,0,0,0,0,0,0,0,0,0,0,0,0,0,1,0,0,0,0,0
