JASID,LGC,Site_no,SiteName_furigana,SiteName_original,Address,Chronology,SiteType,ArchaeologicalFeatures,MajorArtefacts,Lon,Lat,Pa,Jo,Ya,Ko,As,An,Na,He,Me,Ka,Nb,Mu,Se,EM,AM,Ed,Md,Pr,Un
13112000100,13112,1,からすやまいせき,烏山遺跡,世田谷区 北烏山六丁目　 北烏山七丁目　 北烏山八丁目　 北烏山九丁目,[旧石器時代][縄文時代（早期〜後期）][古墳時代][奈良時代][平安時代][近世],集落,ピット　陥穴　円形土坑　溝　畝　道路,縄文土器　石器　土師器　石墨　陶磁器　銭貨　煙管,139.59153,35.67412332,1,1,0,1,0,1,1,1,0,0,0,0,0,1,0,0,0,0,0
13112000200,13112,2,ほんいせいせき,本伊勢遺跡,世田谷区 上祖師谷一丁目　上祖師谷二丁目,[縄文時代（中期）],包蔵地,,縄文土器,139.5984894,35.66311113,0,1,0,0,0,0,0,0,0,0,0,0,0,0,0,0,0,0,0
13112000300,13112,3,そしがやおおみちきたいせき,祖師谷大道北遺跡,世田谷区 上祖師谷六丁目　上祖師谷七丁目　給田一丁目,[旧石器時代][縄文時代（中期〜後期）][弥生時代（後期）][古墳時代][奈良時代][平安時代][中世][近世],集落,[旧石器時代]ブロック　[縄文時代]住居　竪穴　[古墳時代]住居　[中世][近世]井戸　地下式土坑　[時期不明]ピット　溝,ナイフ形石器　削器　縄文土器　石器　土師器　鉄鏃　陶器　カワラケ　土師質土器　羽釜　内耳鍋　鉄片　石臼　板碑　漆器　桶,139.596436,35.659981,1,1,1,1,0,1,1,1,1,0,0,0,0,1,0,0,0,0,0
13112000400,13112,4,かすやはちまんじんじゃ,粕谷八幡神社,世田谷区 粕谷一丁目　 粕谷二丁目,[縄文時代（中期）],包蔵地,,縄文土器,139.611902,35.66315993,0,1,0,0,0,0,0,0,0,0,0,0,0,0,0,0,0,0,0
13112000500,13112,5,めぐりさわきたいせき,廻沢北遺跡,世田谷区 船橋七丁目　 千歳台四丁目,[旧石器時代][縄文時代（早期〜後期）][近世],集落,[旧石器時代]ブロック　[縄文時代]住居　集石土坑　土坑　土壙　[近世]溝,ナイフ形石器　尖頭器　細石刃　細石刃核　掻器　削器　彫器　錐　斧形石器　敲石　石核　縄文土器　土製品　陶磁器　和釘　玩具,139.6152536,35.65838154,1,1,0,0,0,0,0,0,0,0,0,0,0,1,0,0,0,0,0
13112000600,13112,6,とうがくいんいせき,東覚院遺跡,世田谷区 千歳台四丁目　 千歳台五丁目,[中世][近世],包蔵地,[中世]地下式土壙,朱塗土器　板碑,139.6124427,35.65667294,0,0,0,0,0,0,0,0,1,0,0,0,0,1,0,0,0,0,0
13112000700,13112,7,つりがねいけきたいせき,釣鐘池北遺跡,世田谷区 上祖師谷三丁目　 祖師谷六丁目,[縄文時代（早期〜晩期）][平安時代][中世][近世],集落,[縄文時代]住居　集石土坑　土坑　ピット　[平安時代][中世][近世]竪穴　ピット　土坑　溝　炭窯,縄文土器　打斧　磨斧　石鏃　土製円板　大珠　土師器　須恵器　土師質土器　陶磁器　カワラケ　銭貨,139.6035377,35.65423201,0,1,0,0,0,1,0,1,1,0,0,0,0,1,0,0,0,0,0
13112000800,13112,8,きぬたしょうがっこうまえおうけつぼぐん,砧小学校前横穴墓群,世田谷区 成城一丁目,[古墳時代],横穴墓,,人骨,139.5981209,35.63537324,0,0,0,1,0,0,0,0,0,0,0,0,0,0,0,0,0,0,0
13112000900,13112,9,きぬたちゅうがっこういせき,砧中学校遺跡,世田谷区 成城一丁目　 成城三丁目,[旧石器時代][縄文時代（早期〜晩期）][弥生時代][古墳時代][平安時代][近世],集落,[縄文時代]住居址　土坑　集石　ピット　礫群　[弥生時代]住居址　[古墳時代]住居址　古墳周溝　[古（以降）]集石土坑　土坑　ピット　溝　[近世]竪穴　土坑　ピット　溝,（縄文）縄文土器・石器　（弥生）土器、　（古墳）土師器・須恵器・石器・刀子　（近世）陶器,139.6006734,35.63379948,1,1,1,1,0,1,0,1,0,0,0,0,0,1,0,0,0,0,0
13112001002,13112,10,きぬたちゅうがっこうこふんぐん2ごうこふん,砧中学校古墳群2号古墳,世田谷区 成城一丁目,[古墳時代],古墳,,,139.6026937,35.63488369,0,0,0,1,0,0,0,0,0,0,0,0,0,0,0,0,0,0,0
13112001003,13112,10,きぬたちゅうがっこうこふんぐん3ごうこふん,砧中学校古墳群3号古墳,世田谷区 成城一丁目,[古墳時代],古墳,円墳　[古墳時代]周溝,,139.6017589,35.6335968,0,0,0,1,0,0,0,0,0,0,0,0,0,0,0,0,0,0,0
13112001004,13112,10,きぬたちゅうがっこうこふんぐん4ごうこふん,砧中学校古墳群4号古墳,世田谷区 成城一丁目,[古墳時代],古墳,※遺跡範囲のすべてが、世田谷区史跡砧中学校古墳群四号墳 円墳　[古墳時代]周溝　幅5〜10ｍ　深2ｍ,土師器　直刀,139.6018616,35.63283375,0,0,0,1,0,0,0,0,0,0,0,0,0,0,0,0,0,0,0
13112001005,13112,10,きぬたちゅうがっこうこふんぐん5ごうこふん,砧中学校古墳群5号古墳,世田谷区 成城一丁目,[古墳時代],古墳,方墳,,139.6025804,35.63256549,0,0,0,1,0,0,0,0,0,0,0,0,0,0,0,0,0,0,0
13112001006,13112,10,きぬたちゅうがっこうこふんぐん6ごうこふん,砧中学校古墳群6号古墳,世田谷区 成城一丁目,[古墳時代],古墳,円墳,土師器　須恵器　直刀　刀子　鉄鏃　耳環　ガラス玉　歯,139.6034605,35.63282779,0,0,0,1,0,0,0,0,0,0,0,0,0,0,0,0,0,0,0
13112001007,13112,10,きぬたちゅうがっこうこふんぐん7ごうこふん,砧中学校古墳群7号古墳,世田谷区 成城一丁目,[古墳時代],古墳,,,139.6026937,35.63488369,0,0,0,1,0,0,0,0,0,0,0,0,0,0,0,0,0,0,0
13112001008,13112,10,きぬたちゅうがっこうこふんぐん8ごうこふん,砧中学校古墳群8号古墳,世田谷区 成城一丁目,[古墳時代],古墳,円墳[古墳時代]周溝,土師器　須恵器,139.600336,35.63324509,0,0,0,1,0,0,0,0,0,0,0,0,0,0,0,0,0,0,0
13112001009,13112,10,きぬたちゅうがっこうこふんぐん9ごうふん,砧中学校古墳群9号墳,世田谷区 成城一丁目,[古墳時代],古墳,古墳周溝,刀子,139.6012895,35.63365045,0,0,0,1,0,0,0,0,0,0,0,0,0,0,0,0,0,0,0
13112001800,13112,18,しものしんめいいせき,下神明遺跡,世田谷区 成城一丁目　成城三丁目,[旧石器時代][縄文時代（早期・中期〜後期）][弥生時代][古墳時代][奈良時代][平安時代][中世][近世],集落,[旧石器時代]ブロック　ブロック　礫群　[縄文時代]土坑　ピット　土坑　[古墳時代]住居址　[平安時代]住居址　[近世]溝　土坑　ピット　溝,（旧石器）石器・剥片　（縄文）縄文土器・石器　（古墳）土師器・石器　（平安）土師器・須恵器・砥石　（近世）煙管,139.5990011,35.63509307,1,1,1,1,0,1,1,1,1,0,0,0,0,1,0,0,0,0,0
13112001900,13112,19,かみのしんめいいせき,上神明遺跡,世田谷区 成城四丁目　 成城五丁目,[旧石器時代][縄文時代（早期〜晩期）][弥生時代][古墳時代][平安時代][中世][近世],集落,[縄文時代]住居　土坑　[弥生時代][古墳時代]住居　ピット群　方形周溝墓,石器　縄文土器　弥生土器　土師器　須恵器　鉄製品　土製品,139.5923661,35.6414265,1,1,1,1,0,1,0,1,1,0,0,0,0,1,0,0,0,0,0
13112002000,13112,20,かみのしんめいおうけつぼぐん,上神明横穴墓群,世田谷区 成城四丁目,[古墳時代],横穴墓,,人骨,139.5921314,35.64018666,0,0,0,1,0,0,0,0,0,0,0,0,0,0,0,0,0,0,0
13112002100,13112,21,せいじょうがくえんおうけつぼぐん,成城学園横穴墓群,世田谷区 成城六丁目,[古墳時代],横穴墓,,,139.6011518,35.64216405,0,0,0,1,0,0,0,0,0,0,0,0,0,0,0,0,0,0,0
13112002200,13112,22,ひがしのはらいせき,東之原遺跡,世田谷区 成城六丁目,[縄文時代（中期）],包蔵地,,縄文土器,139.5986874,35.64361844,0,1,0,0,0,0,0,0,0,0,0,0,0,0,0,0,0,0,0
13112002300,13112,23,みやのはらいせき,宮之原遺跡,世田谷区 喜多見四丁目,[旧石器時代][縄文時代（早期〜中期）][古墳時代][奈良時代][平安時代][近世],集落,[縄文時代]集石　[弥生時代]住居　[古墳時代]住居,縄文土器　石器　弥生土器　土師器　須恵器　灰釉陶器　鉄鏃　刀子　鉄製農工具　土師質土器　瓦　砥石　土器片錘　土錘,139.5935426,35.62879711,1,1,0,1,0,1,1,1,0,0,0,0,0,1,0,0,0,0,0
13112002400,13112,24,てんじんづかこふん,天神塚古墳,世田谷区 喜多見四丁目,[古墳時代],古墳,円墳　[古墳時代]横穴式石室,,139.5968285,35.62662704,0,0,0,1,0,0,0,0,0,0,0,0,0,0,0,0,0,0,0
13112002500,13112,25,いなりづかこふん,稲荷塚古墳,世田谷区 喜多見四丁目,[古墳時代],古墳,※遺跡範囲のすべてが、世田谷区指定史跡稲荷塚古墳となっています。 円墳　[古墳時代]横穴式石室,土師器　須恵器　鉄鏃　刀子　玉類　直刀　圭頭大刀　耳環　骨片,139.5968872,35.6273663,0,0,0,1,0,0,0,0,0,0,0,0,0,0,0,0,0,0,0
13112002600,13112,26,だいろくてんづかこふん,第六天塚古墳,世田谷区 喜多見四丁目,古墳時代,古墳,円墳　[古墳時代]周溝　墳丘　葺石,円筒埴輪　蔵骨器,139.5967239,35.62605718,0,0,0,1,0,0,0,0,0,0,0,0,0,0,0,0,0,0,0
13112002801,13112,28,けいげんじこふんぐん1ごうふん,慶元寺古墳群1号墳,世田谷区 喜多見四丁目,古墳時代,古墳,円墳　[古墳時代]周溝　葺石,土師器　須恵器　円筒埴輪　直刀,139.5959157,35.62654554,0,0,0,1,0,0,0,0,0,0,0,0,0,0,0,0,0,0,0
13112002802,13112,28,けいげんじこふんぐん2ごうふん,慶元寺古墳群2号墳,世田谷区 喜多見四丁目,古墳時代,古墳,円墳,埴輪,139.5954507,35.62687117,0,0,0,1,0,0,0,0,0,0,0,0,0,0,0,0,0,0,0
13112002803,13112,28,けいげんじこふんぐん3ごうふん,慶元寺古墳群3号墳,世田谷区 喜多見四丁目,古墳時代,古墳,円墳,円筒埴輪,139.5945424,35.62693509,0,0,0,1,0,0,0,0,0,0,0,0,0,0,0,0,0,0,0
13112002804,13112,28,けいげんじこふんぐん4ごうふん,慶元寺古墳群4号墳,世田谷区 喜多見四丁目,古墳時代,古墳,円墳,円筒埴輪　小刀,139.5941561,35.62704558,0,0,0,1,0,0,0,0,0,0,0,0,0,0,0,0,0,0,0
13112002805,13112,28,けいげんじこふんぐん5ごうふん,慶元寺古墳群5号墳,世田谷区 喜多見四丁目,古墳時代,古墳,,円筒埴輪,139.5943922,35.62721415,0,0,0,1,0,0,0,0,0,0,0,0,0,0,0,0,0,0,0
13112002806,13112,28,けいげんじこふんぐん6ごうふん,慶元寺古墳群6号墳,世田谷区 喜多見四丁目,古墳時代,古墳,前方後円墳?,円筒埴輪,139.5941203,35.62743505,0,0,0,1,0,0,0,0,0,0,0,0,0,0,0,0,0,0,0
13112002807,13112,28,けいげんじこふんぐん7ごうふん,慶元寺古墳群7号墳,世田谷区 喜多見四丁目,古墳時代,古墳,[古墳時代]横穴式石室,,139.5941632,35.62727808,0,0,0,1,0,0,0,0,0,0,0,0,0,0,0,0,0,0,0
13112002808,13112,28,けいげんじこふんぐん8ごうふん,慶元寺古墳群8号墳,世田谷区 喜多見四丁目,古墳時代,古墳,,円筒埴輪,139.5929331,35.62763859,0,0,0,1,0,0,0,0,0,0,0,0,0,0,0,0,0,0,0
13112002900,13112,29,なかのだいせき,中野田遺跡,世田谷区 喜多見八丁目　 喜多見九丁目,[縄文時代（早期〜中期）][古墳時代][奈良時代][平安時代][中世][近世],集落,[古墳時代]住居　ピット　溝　[奈良時代]掘立柱建物　[平安時代]住居　[中世]竪穴遺構　井戸　土坑　[近世]ピット　土坑　溝,縄文土器　石器　弥生土器　土師器　須恵器　カワラケ　瓦質土器　陶磁器　鉄製品　青銅製品　煙管　木竹製品　板碑　銭貨　枕石　灰釉陶器　土錘　鉱滓,139.5907257,35.63643646,0,1,0,1,0,1,1,1,1,0,0,0,0,1,0,0,0,0,0
13112003000,13112,30,おおくら,大蔵遺跡,世田谷区 大蔵三丁目　 砧五丁目　 砧七丁目,[縄文時代（早期〜後期）][弥生時代（後期）][古墳時代][奈良時代][平安時代][中世][近世],集落,[縄文時代]住居址　小竪穴　土坑　配石　[弥生時代][古墳時代]住居址　溝　[時期不明]溝状遺構,縄文土器　石器　土偶　土師器　須恵器　陶磁器　土製品　ガラス製品,139.608383,35.633945,0,1,1,1,0,1,1,1,1,0,0,0,0,1,0,0,0,0,0
13112003100,13112,31,おおくらだんちおうけつぼぐん,大蔵団地横穴墓群,世田谷区 大蔵三丁目,[古墳時代],横穴墓,,耳環　人骨,139.6095821,35.63202333,0,0,0,1,0,0,0,0,0,0,0,0,0,0,0,0,0,0,0
13112003200,13112,32,そうごううんどうじょう,総合運動場遺跡,世田谷区 大蔵三丁目　 大蔵四丁目,[縄文時代（早期〜中期・晩期）][古墳時代],集落,[縄文時代]住居　集石　土坑　ピット群,縄文土器　石器　土錘　垂飾　土師器　紡錘車　銅釧　米　種子,139.6108034,35.6296297,0,1,0,1,0,0,0,0,0,0,0,0,0,0,0,0,0,0,0
13112003301,13112,33,おおくらこふんぐん1ごうふん,大蔵古墳群1号墳,世田谷区 大蔵四丁目,[古墳時代],古墳,円墳　[古墳時代]周溝　横穴式石室,須恵器,139.6115471,35.62908311,0,0,0,1,0,0,0,0,0,0,0,0,0,0,0,0,0,0,0
13112003302,13112,33,おおくらこふんぐん2ごうふん,大蔵古墳群2号墳,世田谷区 大蔵四丁目,[古墳時代],古墳,円墳　[古墳時代]横穴式石室,縄文土器　石器　弥生土器　土師器,139.6122911,35.62878085,0,0,0,1,0,0,0,0,0,0,0,0,0,0,0,0,0,0,0
13112003303,13112,33,おおくらこふんぐん3ごうふん,大蔵古墳群3号墳,世田谷区 大蔵四丁目,[古墳時代],古墳,円墳　[古墳時代]周溝,縄文土器,139.6120479,35.62908311,0,0,0,1,0,0,0,0,0,0,0,0,0,0,0,0,0,0,0
13112003600,13112,36,こうせいねんきんせんたー,厚生年金センター遺跡,世田谷区 大蔵四丁目,[縄文時代][近世],包蔵地,[縄文時代]集石土坑　土坑　ピット　[近世]溝,（縄文）縄文土器・石器　（古墳）土師器　（近世）陶磁器・土師質土器・石臼・砥石,139.6143795,35.63115279,0,1,0,0,0,0,0,0,0,0,0,0,0,1,0,0,0,0,0
13112003700,13112,37,とのやまいせき・おおくらやかたあと,殿山遺跡・大蔵館跡,世田谷区 大蔵五丁目　 大蔵六丁目,[縄文時代（中期）][弥生時代][古墳時代][中世],集落　城跡,[縄文時代]落し穴　土坑　ピット　[古墳時代]土坑　ピット　[近世]地下式坑　ピット,,139.6083733,35.62732583,0,1,1,1,0,0,0,0,1,0,0,0,0,0,0,0,0,0,0
13112003800,13112,38,かまたいせき,鎌田遺跡,世田谷区 鎌田三丁目　 鎌田四丁目,[縄文時代（前期）] [古墳時代][奈良時代][平安時代][中世][近世],集落,,土師器　須恵器　カワラケ　陶磁器　瓦,139.6130779,35.62209475,0,1,0,1,0,1,1,1,1,0,0,0,0,1,0,0,0,0,0
13112003901,13112,39,とのやまこふんぐん1ごうふん,殿山古墳群1号墳,世田谷区 大蔵六丁目,[古墳時代],古墳,円墳?　[古墳時代]横穴式石室,土師器　鉄鏃　鉄器　刀子　棗玉　ガラス玉　直刀　耳環　鉄環　顔料,139.6095178,35.62616894,0,0,0,1,0,0,0,0,0,0,0,0,0,0,0,0,0,0,0
13112003902,13112,39,とのやまこふんぐん2ごうふん,殿山古墳群2号墳,世田谷区 大蔵六丁目,[古墳時代],古墳,円墳　[古墳時代]横穴式石室,土師器　鉄片,139.6087096,35.62694796,0,0,0,1,0,0,0,0,0,0,0,0,0,0,0,0,0,0,0
13112003903,13112,39,とのやまこふんぐん3ごうふん,殿山古墳群3号墳,世田谷区 大蔵六丁目,[古墳時代],古墳,円墳?,土師器,139.6090672,35.62671538,0,0,0,1,0,0,0,0,0,0,0,0,0,0,0,0,0,0,0
13112003904,13112,39,とのやまこふんぐん4ごうふん,殿山古墳群4号墳,世田谷区 大蔵六丁目,[古墳時代],古墳,,,139.6091315,35.62623871,0,0,0,1,0,0,0,0,0,0,0,0,0,0,0,0,0,0,0
13112003905,13112,39,とのやまこふんぐん5ごうふん,殿山古墳群5号墳,世田谷区 大蔵六丁目,[古墳時代],古墳,円墳　[古墳時代]横穴式石室,,139.6087525,35.6262503,0,0,0,1,0,0,0,0,0,0,0,0,0,0,0,0,0,0,0
13112003906,13112,39,とのやまこふんぐん6ごうふん,殿山古墳群6号墳,世田谷区 大蔵六丁目,[古墳時代],古墳,,,139.6084447,35.62630025,0,0,0,1,0,0,0,0,0,0,0,0,0,0,0,0,0,0,0
13112003907,13112,39,とのやまこふんぐん7ごうふん,殿山古墳群7号墳,世田谷区 大蔵六丁目,[古墳時代],古墳,円墳,直刀,139.6095248,35.6266142,0,0,0,1,0,0,0,0,0,0,0,0,0,0,0,0,0,0,0
13112003908,13112,39,とのやまこふんぐん8ごうふん（たいしょうづか）,殿山古墳群8号墳（大将塚）,世田谷区 大蔵六丁目,[古墳時代],古墳,円墳,鏃　刀,139.6107479,35.62564907,0,0,0,1,0,0,0,0,0,0,0,0,0,0,0,0,0,0,0
13112003909,13112,39,とのやまこふんぐん9ごうふん,殿山古墳群9号墳,世田谷区 大蔵六丁目,[古墳時代],古墳,円墳　[古墳時代]横穴式石室?,金銅装圭頭大刀,139.6116795,35.62648051,0,0,0,1,0,0,0,0,0,0,0,0,0,0,0,0,0,0,0
13112004500,13112,45,にしやとおうけつぼぐん・にしやといせき,西谷戸横穴墓群・西谷戸遺跡,世田谷区 大蔵四丁目　 岡本三丁目,[旧石器時代][古墳時代][奈良時代][平安時代],集落・横穴墓,[旧石器時代]ブロック　礫群　[古墳時代]33基　[奈良〜平安時代]住居,縄文土器　弥生土器　土師器　須恵器　石器　鉄鏃　直刀　刀子　装飾品（玉類他）,139.611984,35.63039,1,0,0,1,0,1,1,1,0,0,0,0,0,0,0,0,0,0,0
13112004700,13112,47,きぬたおおつか,砧大塚,世田谷区 砧公園一丁目,[中世],その他（塚）,移築保存,陶器　カワラケ　銭貨,139.6230367,35.62835449,0,0,0,0,0,0,0,0,1,0,0,0,0,0,0,0,0,0,0
13112004800,13112,48,うえのだいいせき,上之台遺跡,世田谷区 砧八丁目　 祖師谷三丁目,[旧石器時代][縄文時代（早期〜中期）][弥生時代（後期）][古墳時代][奈良時代][中世],集落,[縄文時代]住居　集石　集石土坑　土坑　[古墳時代]住居　[時期不明]溝　段状遺溝,石器　縄文土器　石器　焼礫　弥生土器　土師器　須恵器　鉄鏃　鉄製品　青銅製品　泥人形,139.6035552,35.64107284,1,1,1,1,0,1,1,0,1,0,0,0,0,0,0,0,0,0,0
13112004900,13112,49,おかもとやとおうけつぼぐん,岡本谷戸横穴墓群,世田谷区 岡本一丁目,[古墳時代][奈良時代],横穴墓,,鉄鏃　刀子　鉄製品　円頭大刀　人骨,139.6171659,35.62774056,0,0,0,1,0,1,1,0,0,0,0,0,0,0,0,0,0,0,0
13112005000,13112,50,どうがやとおうけつぼぐん,堂ヶ谷戸横穴墓群,世田谷区 岡本二丁目,[古墳時代],横穴墓,5基以上,,139.6165479,35.62288479,0,0,0,1,0,0,0,0,0,0,0,0,0,0,0,0,0,0,0
13112005100,13112,51,おかもとはらおうけつぼぐん,岡本原横穴墓群,世田谷区 岡本二丁目,[古墳時代],横穴墓,5基,,139.6185735,35.62450341,0,0,0,1,0,0,0,0,0,0,0,0,0,0,0,0,0,0,0
13112005200,13112,52,どうがやといせき,堂ヶ谷戸遺跡,世田谷区 岡本一丁目　 岡本二丁目　 岡本三丁目,[旧石器時代][縄文時代（早期〜晩期）][弥生時代（後期）][古墳時代][奈良時代][平安時代][中世][近世],集落,[縄文時代]住居　集石　集石土坑　土坑　ピット　[弥生時代][古墳時代][奈良時代][平安時代]住居　竪穴　[近世]溝,石器　縄文土器　弥生土器　土製品　土師器　須恵器　鉄製品　銅鏃　玉類　陶磁器　砥石　煙管,139.6176809,35.62386155,1,1,1,1,0,1,1,1,1,0,0,0,0,1,0,0,0,0,0
13112005300,13112,53,はちまんやまいせき,八幡山遺跡,世田谷区 八幡山一丁目　 八幡山二丁目,[縄文時代（早期〜後期）][中世][近世],集落,[縄文時代]住居　[近世]竪穴　井戸　炭窯,縄文土器　石器　石皿　台石　砥石　土錘　陶器　瓦　砥石　石臼　鉄製品,139.6190615,35.66066027,0,1,0,0,0,0,0,0,1,0,0,0,0,1,0,0,0,0,0
13112005400,13112,54,ふなばしほんむらきたいせき,船橋本村北遺跡,世田谷区 船橋四丁目　 船橋七丁目,[縄文時代（早期〜中期）][古墳時代][奈良時代][平安時代],集落,[縄文時代]集石　炉穴群　土坑　[奈良時代][平安時代]住居　井戸,縄文土器　石珠　土師器,139.6202631,35.65608546,0,1,0,1,0,1,1,1,0,0,0,0,0,0,0,0,0,0,0
13112005500,13112,55,ちとせいせき,千歳遺跡,世田谷区 船橋三丁目,[縄文時代（早期〜中期）],集落,,縄文土器　石器　土偶,139.6236478,35.65425338,0,1,0,0,0,0,0,0,0,0,0,0,0,0,0,0,0,0,0
13112005600,13112,56,ふなばしほんむらみなみいせき,船橋本村南遺跡,世田谷区 船橋四丁目,[縄文時代（中期）],包蔵地,,縄文土器,139.6197653,35.65357478,0,1,0,0,0,0,0,0,0,0,0,0,0,0,0,0,0,0,0
13112005700,13112,57,とのたけいせき,殿竹遺跡,世田谷区 上北沢二丁目,[縄文時代（中期）],包蔵地,,縄文土器,139.6199603,35.66491028,0,1,0,0,0,0,0,0,0,0,0,0,0,0,0,0,0,0,0
13112005800,13112,58,むかいやまいせき,向山遺跡,世田谷区 桜上水三丁目,[旧石器時代][縄文時代（中期）][中世][近世],集落,[縄文時代]住居　竪穴　土坑　ピット　[中世]井戸　溝,,139.6340721,35.66073805,1,1,0,0,0,0,0,0,1,0,0,0,0,1,0,0,0,0,0
13112005900,13112,59,みどりがおかちゅうがっこういせき,緑ヶ丘中学校遺跡,世田谷区 桜上水三丁目,[縄文時代],包蔵地,,縄文土器　石器,139.6315256,35.660484,0,1,0,0,0,0,0,0,0,0,0,0,0,0,0,0,0,0,0
13112006000,13112,60,ひがしきょうどうだんちいせき,東経堂団地遺跡,世田谷区 桜上水一丁目,[縄文時代（中期）],包蔵地,,縄文土器,139.6324869,35.65922874,0,1,0,0,0,0,0,0,0,0,0,0,0,0,0,0,0,0,0
13112006100,13112,61,えげのやまいせき,江下山遺跡,世田谷区 桜上水一丁目　 宮坂三丁目,[縄文時代（中期）],包蔵地,,縄文土器,139.6324847,35.65607611,0,1,0,0,0,0,0,0,0,0,0,0,0,0,0,0,0,0,0
13112006200,13112,62,あらいいせき,新井遺跡,世田谷区 赤堤一丁目,[縄文時代（早期・中期）][近世],集落,[近世]溝,縄文土器　石器,139.6394932,35.65460792,0,1,0,0,0,0,0,0,0,0,0,0,0,1,0,0,0,0,0
13112006300,13112,63,あかつつみなかどおりいせき,赤堤中通遺跡,世田谷区 赤堤三丁目,[旧石器時代],包蔵地,,石器,139.6369526,35.65846452,1,0,0,0,0,0,0,0,0,0,0,0,0,0,0,0,0,0,0
13112006400,13112,64,まえやといせき・あかつつみじんやあと,前谷戸遺跡・赤堤陣屋跡,世田谷区 赤堤一丁目　 赤堤二丁目　 豪徳寺一丁目,[旧石器時代][縄文時代（中期）][弥生時代][近世],包蔵地・その他（陣屋）,,石器　縄文土器　弥生土器,139.646085,35.65595391,1,1,1,0,0,0,0,0,0,0,0,0,0,1,0,0,0,0,0
13112006500,13112,65,みやまいせき,宮前遺跡,世田谷区 赤堤二丁目,[縄文時代（中期）][弥生時代],包蔵地,,縄文土器　石器　弥生土器,139.6434071,35.65853426,0,1,1,0,0,0,0,0,0,0,0,0,0,0,0,0,0,0,0
13112006600,13112,66,うしろやといせき,後谷戸遺跡,世田谷区 赤堤三丁目,[縄文時代（中期）][弥生時代][近世],集落,[近世]溝,縄文土器　陶磁器　土師質土器　弥生土器,139.6408322,35.65878531,0,1,1,0,0,0,0,0,0,0,0,0,0,1,0,0,0,0,0
13112006700,13112,67,あかつつみじんやいせき,赤堤陣屋遺跡,世田谷区 赤堤一丁目　 赤堤三丁目,[弥生時代],包蔵地,,弥生土器,139.6426175,35.65706975,0,0,1,0,0,0,0,0,0,0,0,0,0,0,0,0,0,0,0
13112006800,13112,68,えんじょういんいせき,円乗院遺跡,世田谷区 代田二丁目,[縄文時代（早期）][弥生時代（後期）][古墳時代],集落,[弥生時代]住居 竪穴 [弥生時代][古墳時代]住居 溝,縄文土器 弥生土器 石器 土師器,139.6633,35.65531,0,1,1,1,0,0,0,0,0,0,0,0,0,0,0,0,0,0,0
13112007000,13112,70,ねづやまいせき,根津山遺跡,世田谷区 代田四丁目 松原六丁目,[旧石器時代][縄文時代（草創期〜中期）][近世],集落,,,139.6555,35.65914,1,1,0,0,0,0,0,0,0,0,0,0,0,1,0,0,0,0,0
13112007200,13112,72,だいたにしまるいせき,代田西丸遺跡,世田谷区 代田四丁目,[縄文時代],包蔵地,,石棒,139.6592,35.66143,0,1,0,0,0,0,0,0,0,0,0,0,0,0,0,0,0,0,0
13112007300,13112,73,ひがしおおはらいせき,東大原遺跡,世田谷区 大原一丁目 代田六丁目,[縄文時代（中期）],包蔵地,,縄文土器,139.6628,35.66686,0,1,0,0,0,0,0,0,0,0,0,0,0,0,0,0,0,0,0
13112007400,13112,74,まもりやまいせき,守山遺跡,世田谷区 代田六丁目,[縄文時代（中期）][弥生時代],包蔵地,,縄文土器 石器 弥生土器,139.6617,35.66532,0,1,1,0,0,0,0,0,0,0,0,0,0,0,0,0,0,0,0
13112007500,13112,75,めいだいまええきいせき,明大前駅遺跡,世田谷区 松原一丁目,[縄文時代（後期）][近世],集落,[縄文時代]竪穴 土坑 ピット [近世]井戸,縄文土器 石器,139.6512,35.66923,0,1,0,0,0,0,0,0,0,0,0,0,0,1,0,0,0,0,0
13112007600,13112,76,まつばらはねぎどおりいせき,松原羽根木通遺跡,世田谷区 羽根木二丁目 松原一丁目 松原五丁目,[縄文時代（早期〜晩期）][近世],集落,[縄文時代]住居 掘立柱建物 竪穴 炉 焼土 土坑 ピット [近世]建物 溝,尖頭器 縄文土器 石器 石製品 陶磁器,139.6543,35.66495,0,1,0,0,0,0,0,0,0,0,0,0,0,1,0,0,0,0,0
13112007700,13112,77,まつばらしょうがっこういせき,松原小学校遺跡,世田谷区 松原五丁目,[縄文時代（中期〜後期）],包蔵地,,縄文土器 石器 石棒 石剣 土偶,139.6511,35.66374,0,1,0,0,0,0,0,0,0,0,0,0,0,0,0,0,0,0,0
13112007800,13112,78,うめがおかおうけつ,梅ヶ丘横穴,世田谷区 代田四丁目,[古墳時代],横穴墓,1基,ガラス製小玉 人骨,139.6533,35.65788,0,0,0,1,0,0,0,0,0,0,0,0,0,0,0,0,0,0,0
13112007900,13112,79,はねぎやまだていまえいせき,羽根木山田邸前遺跡,世田谷区 羽根木一丁目 代田四丁目,[縄文時代（中期）],集落,[縄文時代]住居,縄文土器,139.6581,35.66298,0,1,0,0,0,0,0,0,0,0,0,0,0,0,0,0,0,0,0
13112008000,13112,80,しんぱちやまががわいせき,新八山賀川遺跡,世田谷区 桜上水五丁目,[中世],包蔵地,,板碑,139.6273,35.66404,0,0,0,0,0,0,0,0,1,0,0,0,0,0,0,0,0,0,0
13112008100,13112,81,さくらがおかいせき,桜ヶ丘遺跡,世田谷区 羽根木一丁目 松原五丁目,[縄文時代（中期）],包蔵地,,縄文土器,139.6566,35.66301,0,1,0,0,0,0,0,0,0,0,0,0,0,0,0,0,0,0,0
13112008200,13112,82,しもざんやいせき,下山谷遺跡,世田谷区 北沢三丁目,[縄文時代（中期）],包蔵地,,縄文土器,139.672,35.66532,0,1,0,0,0,0,0,0,0,0,0,0,0,0,0,0,0,0,0
13112008300,13112,83,おおざんやいせき,大山谷遺跡,世田谷区 大原一丁目 北沢四丁目 北沢五丁目,[縄文時代（中期）],包蔵地,,縄文土器,139.6664,35.66835,0,1,0,0,0,0,0,0,0,0,0,0,0,0,0,0,0,0,0
13112008400,13112,84,いけのうえいせき,池之上遺跡,世田谷区 代沢二丁目,[縄文時代（中期）],包蔵地,,縄文土器,139.6736,35.65812,0,1,0,0,0,0,0,0,0,0,0,0,0,0,0,0,0,0,0
13112008500,13112,85,たもんやまいせき・みしゅくじょうあと,多聞山遺跡・三宿城跡,世田谷区 三宿二丁目,[縄文時代（早期〜後期）][古墳時代][中世][近世],集落 城館,[縄文時代]炉 土坑 [古墳時代]住居 [中世]溝,縄文土器 石器 土師器 炭化物,139.6755,35.65216,0,1,0,1,0,0,0,0,1,0,0,0,0,1,0,0,0,0,0
13112008600,13112,86,さくらぎいせき,桜木遺跡,世田谷区 桜一丁目,[旧石器時代][縄文時代（早期〜後期）][弥生時代（中期）][古墳時代][平安][その他（近代）],集落,,縄文土器 石器 貝斧,139.6412,35.64488,1,1,1,1,0,1,0,1,0,0,0,0,0,0,0,0,1,0,0
13112008700,13112,87,みやのさかいせき,宮ノ坂遺跡,世田谷区 宮坂一丁目,[縄文時代（中期）],包蔵地,,縄文土器 石器,139.6439,35.64958,0,1,0,0,0,0,0,0,0,0,0,0,0,0,0,0,0,0,0
13112008800,13112,88,せたがやじょうせき,世田谷城跡,世田谷区 豪徳寺二丁目 梅丘二丁目,[中世],城館,※遺跡範囲のすべてが、東京都指定旧跡世田谷城跡となっています。,陶器 板碑,139.6476,35.64749,0,0,0,0,0,0,0,0,1,0,0,0,0,0,0,0,0,0,0
13112008900,13112,89,おおとりやまいせき,大鶏山遺跡,世田谷区 豪徳寺二丁目,[縄文時代（中期）][弥生時代],包蔵地,,縄文土器 石器 弥生土器,139.6485,35.64927,0,1,1,0,0,0,0,0,0,0,0,0,0,0,0,0,0,0,0
13112009000,13112,90,じょうこうじいせき,浄光寺遺跡,世田谷区 世田谷一丁目,[縄文時代（中期）],包蔵地,,縄文土器,139.647,35.64023,0,1,0,0,0,0,0,0,0,0,0,0,0,0,0,0,0,0,0
13112009100,13112,91,もとじゅくいせき,元宿遺跡,世田谷区 世田谷四丁目,[縄文時代（早期〜前期）],集落,,縄文土器,139.6526,35.64828,0,1,0,0,0,0,0,0,0,0,0,0,0,0,0,0,0,0,0
13112009200,13112,92,まつがおかいせき,松ヶ丘遺跡,世田谷区 桜三丁目 弦巻五丁目,[縄文時代（中期）],包蔵地,,縄文土器 打斧 石鏃,139.6409,35.63985,0,1,0,0,0,0,0,0,0,0,0,0,0,0,0,0,0,0,0
13112009400,13112,94,にしざんやいせき,西山谷遺跡,世田谷区 若林三丁目,[時代不明],包蔵地,,,139.6578,35.64457,0,0,0,0,0,0,0,0,0,0,0,0,0,0,0,0,0,0,1
13112009500,13112,95,いなりしたいせき,稲荷下遺跡,世田谷区 弦巻二丁目 弦巻三丁目 新町三丁目,[縄文時代],包蔵地,,縄文土器 石鏃,139.6484,35.635,0,1,0,0,0,0,0,0,0,0,0,0,0,0,0,0,0,0,0
13112009600,13112,96,じゃくずれいせき,蛇崩遺跡,世田谷区 下馬一丁目 池尻一丁目,[旧石器時代][縄文時代（早期〜中期）][近世],集落,[縄文時代]住居 集石 屋外炉 炉穴 土坑 [近世]溝,縄文土器 打斧 磨斧 土錘 土偶 土製品 陶磁器 銭貨,139.6846,35.6413,1,1,0,0,0,0,0,0,0,0,0,0,0,1,0,0,0,0,0
13112009900,13112,99,さんげんちゃやいせき,三軒茶屋遺跡,世田谷区 三軒茶屋二丁目,[縄文時代（中期）],包蔵地,,縄文土器 打斧,139.6704,35.64323,0,1,0,0,0,0,0,0,0,0,0,0,0,0,0,0,0,0,0
13112010000,13112,100,きたまるいせき,北丸遺跡,世田谷区 野沢一丁目,[縄文時代（中期）],包蔵地,,縄文土器 石器,139.6699,35.63502,0,1,0,0,0,0,0,0,0,0,0,0,0,0,0,0,0,0,0
13112010300,13112,103,まみだにいせき,狸谷遺跡,世田谷区 駒沢一丁目,[縄文時代（中期）],包蔵地,,縄文土器 石器,139.6581,35.62882,0,1,0,0,0,0,0,0,0,0,0,0,0,0,0,0,0,0,0
13112010500,13112,105,せたいせき・せたじょうせき,瀬田遺跡・瀬田城跡,世田谷区 瀬田一丁目 瀬田二丁目,[旧石器時代][縄文時代（早期〜後期）][弥生時代（後期）][古墳時代][奈良時代][平安時代][中世][近世],集落・城館,[旧石器時代]ブロック 礫群 [縄文時代]住居 土坑 ピット [弥生時代〜古墳時代]住居 [奈良〜平安時代]住居 [近世]ピット 土坑 井戸 溝 配石,石器 縄文土器 石器 礫 けつ状耳飾 弥生土器 土師器 須恵器 陶器 灰釉陶器 土製品 陶磁器,139.6318,35.61599,1,1,1,1,0,1,1,1,1,0,0,0,0,1,0,0,0,0,0
13112010700,13112,107,しもやまいせき,下山遺跡,世田谷区 瀬田四丁目 瀬田五丁目,[旧石器時代][縄文時代（早期〜晩期）][弥生時代（後期）][古墳時代][奈良時代][平安時代][中世][近世],集落,[旧石器時代]ブロック 礫群 [縄文時代]住居 集石 炉穴 土坑 ピット [弥生時代]環濠 住居 方形周溝墓 墓壙 甕棺 溝状遺構 [古墳時代]住居 円形周溝墓 [奈良時代][平安時代]住居,ナイフ形石器 尖頭器 礫器 縄文土器 打斧 石鏃 土錘 けつ状耳飾 弥生土器 抉入石斧 石包丁 石皿 土師器 須恵器 土製紡錘車 土製勾玉 ソロバン玉状土製品 石櫃 陶磁器 カワラケ 瓦質土器 煙管 銭貨,139.6244,35.62158,1,1,1,1,0,1,1,1,1,0,0,0,0,1,0,0,0,0,0
13112010800,13112,108,たまがわじんじゃこふん,玉川神社古墳,世田谷区 瀬田四丁目,[古墳時代],古墳,円墳,直刀,139.626,35.62008,0,0,0,1,0,0,0,0,0,0,0,0,0,0,0,0,0,0,0
13112010900,13112,109,たまがわじんじゃひがしおうけつぼぐん,玉川神社東横穴墓群,世田谷区 瀬田四丁目,[古墳時代],横穴墓,2基,,139.6263,35.61977,0,0,0,1,0,0,0,0,0,0,0,0,0,0,0,0,0,0,0
13112011000,13112,110,たきがやおうけつぼぐん,滝ヶ谷横穴墓群,世田谷区 瀬田四丁目,[古墳時代],横穴墓,2基,人骨,139.6284,35.61925,0,0,0,1,0,0,0,0,0,0,0,0,0,0,0,0,0,0,0
13112011100,13112,111,しょうげんづか（にしおか2ごうふん）,将監塚（西岡2号墳）,世田谷区 瀬田四丁目,[中世][近世],塚,,,139.6283,35.61972,0,0,0,0,0,0,0,0,1,0,0,0,0,1,0,0,0,0,0
13112011200,13112,112,しもやまきたいせき,下山北遺跡,世田谷区 岡本一丁目,[旧石器時代][縄文時代（早期〜前期）][弥生時代][古墳時代][中世][近世],集落,[旧石器時代]ブロック [縄文時代]住居 集石 土坑 [弥生時代]住居 溝 [古墳時代]住居 [中世]掘立柱建物 井戸 [近世]建物 門,石器 縄文土器 石器 弥生土器 土師器 ガラス玉,139.6227,35.62252,1,1,1,1,0,0,0,0,1,0,0,0,0,1,0,0,0,0,0
13112011300,13112,113,たまがわびょういんしたおうけつぼぐん,玉川病院下横穴墓群,世田谷区 瀬田四丁目,[古墳時代],横穴墓,6基,鉄鏃 刀子 鹿角装刀子 耳環 人骨,139.625,35.62042,0,0,0,1,0,0,0,0,0,0,0,0,0,0,0,0,0,0,0
13112011400,13112,114,たまがわじんじゃにしおうけつぼ,玉川神社西横穴墓,世田谷区 瀬田四丁目,[古墳時代],横穴墓,,人骨,139.6257,35.6202,0,0,0,1,0,0,0,0,0,0,0,0,0,0,0,0,0,0,0
13112011500,13112,115,かみのげいなりづか（にしおか5ごうふん）こふん,上野毛稲荷塚（西岡5号墳）古墳,世田谷区 上野毛二丁目,[古墳時代],古墳,※遺跡範囲のすべてが、世田谷区指定史跡上野毛稲荷塚古墳となっています。 円墳・前方後円墳 [旧石器時代]ブロック [縄文時代]住居 集石 土坑 [弥生時代]住居 溝 [古墳時代]住居 [中世]掘立柱建物 井戸 [近世]建物 門,直刀,139.6371,35.60871,0,0,0,1,0,0,0,0,0,0,0,0,0,0,0,0,0,0,0
13112011600,13112,116,たにくぼいせき,谷久保遺跡,世田谷区 上野毛四丁目 瀬田二丁目,[縄文時代（中期）],包蔵地,,縄文土器 石器,139.6354,35.61884,0,1,0,0,0,0,0,0,0,0,0,0,0,0,0,0,0,0,0
13112011700,13112,117,かまがやいせき,鎌ヶ谷遺跡,世田谷区 瀬田一丁目,[旧石器時代][縄文時代（早期〜中期）][弥生時代（後期）][古墳時代][奈良時代][平安時代][中世][近世],集落,[旧石器時代]ブロック 礫群 [縄文時代]土坑 ピット [弥生時代][古墳時代]V字溝 溝状遺構,縄文土器 石器 弥生土器 土師器 須恵器 陶器,139.6336,35.6134,1,1,1,1,0,1,1,1,1,0,0,0,0,1,0,0,0,0,0
13112011800,13112,118,やがわうえおうけつぼぐん,谷川上横穴墓群,世田谷区 野毛一丁目,[古墳時代],横穴墓,,人骨,139.6437,35.60312,0,0,0,1,0,0,0,0,0,0,0,0,0,0,0,0,0,0,0
13112011900,13112,119,てんじんやまこふん,天神山古墳,世田谷区 野毛一丁目,[古墳時代],古墳,円墳 [古墳時代]周溝,,139.6454,35.60118,0,0,0,1,0,0,0,0,0,0,0,0,0,0,0,0,0,0,0
13112012000,13112,120,あたごやまおうけつ,あたご山横穴,世田谷区 奥沢一丁目,[古墳時代],横穴墓,,人骨,139.6785,35.60165,0,0,0,1,0,0,0,0,0,0,0,0,0,0,0,0,0,0,0
13112012100,13112,121,やがわうえいせき,谷川上遺跡,世田谷区 野毛一丁目,[旧石器時代][縄文時代（中期）][古墳時代][中世][近世],集落,[縄文時代]住居 ピット [中世][近世]竪穴土坑 溝,縄文土器 石器 土師器 陶磁器,139.6451,35.60425,1,1,0,1,0,0,0,0,1,0,0,0,0,1,0,0,0,0,0
13112012300,13112,123,しものげいせき,下野毛遺跡,世田谷区 野毛一丁目 野毛二丁目,[旧石器時代][縄文時代（早期〜後期）][中世][近世],集落,[縄文時代]住居 集石 炉 土坑,縄文土器 石器 剥片 礫 陶器,139.6424,35.60424,1,1,0,0,0,0,0,0,1,0,0,0,0,1,0,0,0,0,0
13112012500,13112,125,ろくしょひがしいせき,六所東遺跡,世田谷区 野毛一丁目 野毛二丁目 野毛三丁目 上野毛一丁目,[縄文時代（前期〜中期）],集落・貝塚,[縄文時代]住居,縄文土器 石器 魚骨,139.6408,35.60633,0,1,0,0,0,0,0,0,0,0,0,0,0,0,0,0,0,0,0
13112012600,13112,126,しものげきしおうけつぼぐん,下野毛岸横穴墓群,世田谷区 野毛三丁目,[古墳時代][奈良時代],横穴墓,,須恵器 人骨,139.6397,35.60726,0,0,0,1,0,1,1,0,0,0,0,0,0,0,0,0,0,0,0
13112012700,13112,127,のげおおつか（にしおか8ごうふん）こふん,野毛大塚(西岡8号墳)古墳,世田谷区 野毛一丁目,[古墳時代],古墳,※遺跡範囲のすべてが、都指定史跡野毛大塚古墳となっています。 前方後円墳 帆立貝式 [古墳時代]石棺 木棺 粘土槨,土師器 鉄鎌 鉄斧 鉄鏃 刀子 埴輪 玉類 鏡 直刀 鉄剣 鉄矛 銅釧 短甲 頸甲 肩甲 冑 石製模造品 人骨 くし 靫 矢筒,139.6431,35.60508,0,0,0,1,0,0,0,0,0,0,0,0,0,0,0,0,0,0,0
13112012800,13112,128,すくもづか（にしおか6ごう）こふん,スクモ塚(西岡6号)古墳,世田谷区 野毛三丁目,[古墳時代],古墳,古墳周溝,縄文土器 土師器 埴輪,139.64,35.60704,0,0,0,1,0,0,0,0,0,0,0,0,0,0,0,0,0,0,0
13112012900,13112,129,にしおか7ごうふん,西岡7号墳,世田谷区 野毛二丁目,[古墳時代],古墳,,,139.641,35.60414,0,0,0,1,0,0,0,0,0,0,0,0,0,0,0,0,0,0,0
13112013000,13112,130,とどろきけいこくおうけつぼぐん,等々力渓谷横穴墓群,世田谷区 等々力一丁目,[古墳時代],横穴墓群,,土師器 須恵器 刀子 ガラス玉 耳環 人骨,139.6459,35.60491,0,0,0,1,0,0,0,0,0,0,0,0,0,0,0,0,0,0,0
13112013100,13112,131,にしおか3ごうふん,西岡3号墳,世田谷区 等々力三丁目,[中世],その他（塚）,,鉄鏃 鉄刀 仏像,139.6475,35.61235,0,0,0,0,0,0,0,0,1,0,0,0,0,0,0,0,0,0,0
13112013200,13112,132,にしおか4ごうふん,西岡4号墳,世田谷区 等々力三丁目,[古墳時代],古墳,円墳,柄鏡,139.6472,35.61179,0,0,0,1,0,0,0,0,0,0,0,0,0,0,0,0,0,0,0
13112013300,13112,133,にしおか9ごうふん,西岡9号墳,世田谷区 等々力一丁目,[古墳時代],古墳,円墳,,139.6466,35.60473,0,0,0,1,0,0,0,0,0,0,0,0,0,0,0,0,0,0,0
13112013400,13112,134,みたけさん（にしおか10ごうふん）こふん,御岳山(西岡10号墳)古墳,世田谷区 等々力一丁目,[古墳時代],古墳,円墳 [古墳時代]ピット 溝 周溝 粘土槨,土師器 須恵器 埴輪 七鈴鏡 直刀 短甲 円筒埴輪 形象埴輪,139.6479,35.6029,0,0,0,1,0,0,0,0,0,0,0,0,0,0,0,0,0,0,0
13112013500,13112,135,だいにちづか（にしおか11ごうふん）,大日塚（西岡11号墳）,世田谷区 等々力二丁目,[古墳時代],古墳,円墳,,139.6497,35.60318,0,0,0,1,0,0,0,0,0,0,0,0,0,0,0,0,0,0,0
13112013600,13112,136,きつねづか（にしおか12ごうふん）こふん,狐塚(西岡12号墳)古墳,世田谷区 尾山台二丁目,[古墳時代],古墳,円墳 [古墳時代]葺石 埴輪列,須恵器 埴輪,139.6515,35.60222,0,0,0,1,0,0,0,0,0,0,0,0,0,0,0,0,0,0,0
13112013700,13112,137,おやまきたはらづか（にしおか13ごうふん）,尾山北原塚（西岡13号墳）,世田谷区 尾山台二丁目,[古墳時代],古墳,円墳 [古墳時代]古墳周溝,円筒埴輪,139.6533,35.60129,0,0,0,1,0,0,0,0,0,0,0,0,0,0,0,0,0,0,0
13112013800,13112,138,はちまんづか（にしおか14ごうふん・しんめいづか）こふん,八幡塚(西岡14号墳・神明塚)古墳,世田谷区 尾山台二丁目,[古墳時代][中世],古墳,円墳,土師器 ヤリガンナ <U+9299>帯金具 刀身 石製模造品 銅鏡 直刀 鉄槍 鉄鏃 ガラス小玉,139.6552,35.60042,0,0,0,1,0,0,0,0,1,0,0,0,0,0,0,0,0,0,0
13112013900,13112,139,てんぎょうづかこふん,天慶塚古墳,世田谷区 尾山台一丁目,[古墳時代],古墳,帆立貝ないし造出付円墳 [古墳時代]古墳周溝,鉄鏃 ヤリガンナ 金具 鉄器 匂玉 直刀 <U+9299>帯飾板 石製模造品 経筒 人骨 円筒埴輪 壷形埴輪 土師器 縄文土器 土師質土器,139.6573,35.60068,0,0,0,1,0,0,0,0,0,0,0,0,0,0,0,0,0,0,0
13112014000,13112,140,にしおか16ごうふん,西岡16号墳,世田谷区 尾山台一丁目,[古墳時代],古墳,円墳,須恵器,139.6569,35.60042,0,0,0,1,0,0,0,0,0,0,0,0,0,0,0,0,0,0,0
13112014100,13112,141,にしおか17ごうふん,西岡17号墳,世田谷区 尾山台一丁目,[古墳時代],古墳,円墳,直刀,139.6566,35.59972,0,0,0,1,0,0,0,0,0,0,0,0,0,0,0,0,0,0,0
13112014200,13112,142,だいおんじやまいせき,大音寺山遺跡,世田谷区 奥沢一丁目,[縄文時代（中期）],包蔵地,,縄文土器,139.6797,35.6018,0,1,0,0,0,0,0,0,0,0,0,0,0,0,0,0,0,0,0
13112014300,13112,143,すわやまいせき,諏訪山遺跡,世田谷区 奥沢一丁目 奥沢三丁目,[旧石器時代][縄文時代（早期〜後期）][弥生時代（後期）][平安時代][中世][近世],集落,[縄文時代]住居 竪穴 集石 集石土坑 焼土 土坑 ピット [平安時代]土坑 火葬墓 [中世]焼土 溝 [近世]溝,縄文土器 石器 土錘 耳栓 土製品 礫 土師器 須恵器 土師質土器 陶器 陶磁器 鉄板 人骨,139.6748,35.60334,1,1,1,0,0,1,0,1,1,0,0,0,0,1,0,0,0,0,0
13112014400,13112,144,はちまんまえいせき,八幡前遺跡,世田谷区 奥沢五丁目,[縄文時代（中期）],包蔵地,,縄文土器 石器,139.6707,35.60486,0,1,0,0,0,0,0,0,0,0,0,0,0,0,0,0,0,0,0
13112014500,13112,145,おくさわだいいせき,奥沢台遺跡,世田谷区 奥沢六丁目 玉川田園調布二丁目,[旧石器時代][縄文時代（前期〜後期）][弥生時代（後期）][古墳時代][近世],集落,[縄文時代]住居 竪穴 炉 屋外炉 土坑 ピット [弥生時代]住居 [古墳時代]竪穴 [近世]ピット 土坑 井戸 溝,縄文土器 石器 けつ状耳飾 石棒 石製品 土製品 礫 弥生土器 陶磁器,139.6635,35.6037,1,1,1,1,0,0,0,0,0,0,0,0,0,1,0,0,0,0,0
13112014600,13112,146,やまねいせき,山根遺跡,世田谷区 玉川田園調布一丁目 尾山台一丁目,[縄文時代（中期）],包蔵地,,縄文土器,139.6588,35.60078,0,1,0,0,0,0,0,0,0,0,0,0,0,0,0,0,0,0,0
13112014700,13112,147,にしおかじゅうはちごうふん,西岡18号墳,世田谷区 玉川田園調布一丁目,[古墳時代],古墳,円墳,直刀,139.6627,35.59994,0,0,0,1,0,0,0,0,0,0,0,0,0,0,0,0,0,0,0
13112015200,13112,152,そしきたいせき,祖師北遺跡,世田谷区 祖師谷四丁目,[縄文時代（中期）],包蔵地,,縄文土器,139.6033,35.64713,0,1,0,0,0,0,0,0,0,0,0,0,0,0,0,0,0,0,0
13112015300,13112,153,せいじょうみなみいせき,成城南遺跡,世田谷区 成城一丁目 成城二丁目,[縄文時代（早期・中期）],集落,[縄文時代]住居 炉 土坑 ピット [近世]溝,縄文土器 石器,139.6029,35.6368,0,1,0,0,0,0,0,0,0,0,0,0,0,0,0,0,0,0,0
13112015400,13112,154,せいじょうえきいせき,成城駅遺跡,世田谷区 成城二丁目 成城六丁目,[縄文時代（中期）][古墳時代],集落,[縄文時代]土坑 [古墳時代]住居址,縄文土器 剥片 土師器,139.5999,35.64037,0,1,0,1,0,0,0,0,0,0,0,0,0,0,0,0,0,0,0
13112015500,13112,155,ふどうばし・ふどうざかいせき,不動橋・不動坂遺跡,世田谷区 成城三丁目 成城四丁目,[旧石器時代][縄文時代（早期〜後期）][古墳時代],集落,[古墳時代]住居 [時期不明]集石 焼土 土坑 井戸,石器 縄文土器 石器 土師器,139.5937,35.63851,1,1,0,1,0,0,0,0,0,0,0,0,0,0,0,0,0,0,0
13112015800,13112,158,にしだいいせき,西台遺跡,世田谷区 成城九丁目,[縄文時代（中期）],集落,[縄文時代]住居 ピット,縄文土器 石器,139.6001,35.6511,0,1,0,0,0,0,0,0,0,0,0,0,0,0,0,0,0,0,0
13112015900,13112,159,きたみじんやいせき,喜多見陣屋遺跡,世田谷区 喜多見一丁目 喜多見三丁目 喜多見四丁目,[旧石器時代][縄文時代（早期〜晩期）][弥生時代（中期〜後期][古墳時代][奈良時代][平安時代][中世][近世],集落,[旧石器時代]ブロック [縄文時代]住居 炉穴 土坑 [弥生時代]住居 溝 [古墳時代]住居 竪穴 方形周溝墓 周溝 棺 墓壙 [奈良〜平安時代]住居 地下式土坑 [中世〜近世]掘立柱建物 ピット 礎石 土坑 井戸 溝 堀 池,石器 縄文土器 弥生土器 土師器 須恵器 埴輪 臼玉 ガラス玉 灰釉 緑釉 陶磁器 土師質土器 鉄製品 鉄鏃 釘 茶臼 羽口 瓦 板碑 銭貨 胞衣容器 人骨 灰釉陶器 円筒埴輪 土製品 鉱滓,139.5966,35.6261,1,1,1,1,0,1,1,1,1,0,0,0,0,1,0,0,0,0,0
13112016000,13112,160,ひがしざんやいせき,東山野遺跡,世田谷区 砧二丁目 砧四丁目,[旧石器時代][縄文時代（早期・中期）][近世],集落,[旧石器時代]ブロック 礫群 [縄文時代]ピット [近世]土坑,石器 剥片 礫 縄文土器 石器 陶磁器 煙管,139.6154904,35.64397266,1,1,0,0,0,0,0,0,0,0,0,0,0,1,0,0,0,0,0
13112016100,13112,161,なかはらいせき,中原遺跡,世田谷区 代田五丁目,[古墳時代],包蔵地,,土錘,139.6630523,35.66017714,0,0,0,1,0,0,0,0,0,0,0,0,0,0,0,0,0,0,0
13112016200,13112,162,しもきたざわほんむらいせき,下北沢本村遺跡,世田谷区 代沢二丁目 代沢三丁目,[弥生時代],包蔵地,,弥生土器,139.66959,35.6574442,0,0,1,0,0,0,0,0,0,0,0,0,0,0,0,0,0,0,0
13112016300,13112,163,つるまきさんやいせき,弦巻山谷遺跡,世田谷区 弦巻四丁目,[縄文時代],包蔵地,,石鏃,139.6412825,35.63515619,0,1,0,0,0,0,0,0,0,0,0,0,0,0,0,0,0,0,0
13112016500,13112,165,おおはらいせき,大原遺跡,世田谷区 野毛三丁目,[縄文時代（前期〜中期）][古墳時代][近世],集落,,縄文土器 石器 陶器,139.6380122,35.60631337,0,1,0,1,0,0,0,0,0,0,0,0,0,1,0,0,0,0,0
13112016700,13112,167,おくさわじょうあと,奥沢城跡,世田谷区 奥沢七丁目,[中世],城館,※遺跡範囲のすべてが、世田谷区指定史跡奥沢城跡となっています。 [中世]空堀 土塁,縄文土器? 陶磁器,139.6609159,35.60826729,0,0,0,0,0,0,0,0,1,0,0,0,0,0,0,0,0,0,0
13112016800,13112,168,しものげねいせき,下野毛根遺跡,世田谷区 野毛一丁目 野毛二丁目,[縄文時代（前期〜後期）][古墳時代][中世][近世],集落,[縄文時代]屋外炉 土坑 ピット [古墳時代]周溝 [中世][近世]土坑 溝,縄文土器 石器 土師器 埴輪 土師質土器 玉類（水晶製切子玉、ガラス製小玉） 人骨,139.6426511,35.6016517,0,1,0,1,0,0,0,0,1,0,0,0,0,1,0,0,0,0,0
13112017200,13112,172,こうげんいんいせき,高源院遺跡,世田谷区 北烏山五丁目,[縄文時代],包蔵地,,縄文土器,139.5922706,35.68148408,0,1,0,0,0,0,0,0,0,0,0,0,0,0,0,0,0,0,0
13112017500,13112,175,きゅうでんきたいせき,給田北遺跡,世田谷区 給田五丁目,[縄文時代][近世],包蔵地,,縄文土器 陶器,139.587979,35.6733964,0,1,0,0,0,0,0,0,0,0,0,0,0,1,0,0,0,0,0
13112017700,13112,177,きゅうでんみなみいせき,給田南遺跡,世田谷区 給田二丁目,[奈良時代][平安時代][近世],包蔵地,,土師器 陶器,139.5947768,35.66469426,0,0,0,0,0,1,1,1,0,0,0,0,0,1,0,0,0,0,0
13112017800,13112,178,からすやまちゅうがっこういせき,烏山中学校遺跡,世田谷区 南烏山四丁目,[旧石器時代][縄文時代（中期）],集落,,尖頭器,139.600928,35.67158016,1,1,0,0,0,0,0,0,0,0,0,0,0,0,0,0,0,0,0
13112017900,13112,179,せんたくじいせき,泉沢寺遺跡,世田谷区 南烏山二丁目 粕谷二丁目 粕谷四丁目,[中世][近世],社寺,,板碑 陶器,139.6065982,35.66533359,0,0,0,0,0,0,0,0,1,0,0,0,0,1,0,0,0,0,0
13112018000,13112,180,かわもとごるふじょういせき,川本ゴルフ場遺跡,世田谷区 祖師谷六丁目,[縄文時代（中期）],包蔵地,,縄文土器,139.6058085,35.65473362,0,1,0,0,0,0,0,0,0,0,0,0,0,0,0,0,0,0,0
13112018100,13112,181,つりがねいけひがしいせき,釣鐘池東遺跡,世田谷区 祖師谷五丁目,[縄文時代（中期）],包蔵地,,縄文土器,139.6068728,35.65308771,0,1,0,0,0,0,0,0,0,0,0,0,0,0,0,0,0,0,0
13112018200,13112,182,つりがねいけみなみいせき,釣鐘池南遺跡,世田谷区 祖師谷五丁目,[縄文時代（早期・中期）],包蔵地,,縄文土器 石器,139.6054309,35.65152546,0,1,0,0,0,0,0,0,0,0,0,0,0,0,0,0,0,0,0
13112018300,13112,183,そしみなみいせき,祖師南遺跡,世田谷区 祖師谷三丁目,[奈良時代][平安時代],包蔵地,,土師器 陶器,139.6034693,35.64379316,0,0,0,0,0,1,1,1,0,0,0,0,0,0,0,0,0,0,0
13112018400,13112,184,のじまけいせき,野島家遺跡,世田谷区 千歳台五丁目,[近世],民家跡,[近世]礎石下遺構 カマド,陶磁器 カワラケ 擂鉢 砥石 飾金具 塗彩木棒 銭貨,139.611477,35.65658271,0,0,0,0,0,0,0,0,0,0,0,0,0,1,0,0,0,0,0
13112018500,13112,185,ふなばしかんのんどうづか,船橋観音堂塚,世田谷区 船橋一丁目,[中世][近世],塚,,,139.6227687,35.65138597,0,0,0,0,0,0,0,0,1,0,0,0,0,1,0,0,0,0,0
13112018600,13112,186,ながさかいせき,長坂遺跡,世田谷区 成城四丁目,[中世],出土地,単独出土地,板碑,139.5895397,35.64444121,0,0,0,0,0,0,0,0,1,0,0,0,0,0,0,0,0,0,0
13112018800,13112,188,なかのしまいせき,中の島遺跡,世田谷区 成城四丁目,[縄文時代][古墳時代][中世],集落,,縄文土器 土師器 陶磁器,139.589677,35.64137214,0,1,0,1,0,0,0,0,1,0,0,0,0,0,0,0,0,0,0
13112018900,13112,189,ふどうばしおうけつ（ぼ）ぐん,不動橋横穴（墓）群,世田谷区 成城三丁目 成城四丁目,[古墳時代],横穴墓,16基,人骨 須恵器 耳環 勾玉 鍔付金銅装大刀,139.5937282,35.63782861,0,0,0,1,0,0,0,0,0,0,0,0,0,0,0,0,0,0,0
13112019000,13112,190,なかのしんめいいせき,中神明遺跡,世田谷区 成城三丁目,[旧石器時代][縄文時代（早期・中期）][古墳時代][奈良時代][平安時代][近世],集落,[旧石器時代]ブロック 礫群 配石 [古墳時代]住居 [縄文時代]住居址 土坑 ピット 集石 [近世]溝,旧石器 縄文土器 弥生土器 土師器 須恵器 瓦質土器 陶磁器 須恵器,139.5961315,35.63640558,1,1,0,1,0,1,1,1,0,0,0,0,0,1,0,0,0,0,0
13112019100,13112,191,まえごうちいせき,前河内遺跡,世田谷区 喜多見一丁目 喜多見二丁目,[奈良時代][平安時代][中世],包蔵地,,須恵器 板碑,139.5951198,35.62435062,0,0,0,0,0,1,1,1,1,0,0,0,0,0,0,0,0,0,0
13112019200,13112,192,おおがわらいせき,大河原遺跡,世田谷区 喜多見二丁目,[中世],包蔵地,,,139.5921673,35.62019235,0,0,0,0,0,0,0,0,1,0,0,0,0,0,0,0,0,0,0
13112019300,13112,193,うなねかわはらいせき,宇奈根河原遺跡,世田谷区 宇奈根二丁目,[中世],包蔵地,,板碑,139.5990337,35.61960627,0,0,0,0,0,0,0,0,1,0,0,0,0,0,0,0,0,0,0
13112019400,13112,194,いしいどいせき,石井土遺跡,世田谷区 砧五丁目 砧七丁目,[縄文時代],包蔵地,,縄文土器 石器,139.6072457,35.63671774,0,1,0,0,0,0,0,0,0,0,0,0,0,0,0,0,0,0,0
13112019500,13112,195,にしざんやきたいせき,西山野北遺跡,世田谷区 砧三丁目,[古墳時代],包蔵地,,土師器,139.6107476,35.63635501,0,0,0,1,0,0,0,0,0,0,0,0,0,0,0,0,0,0,0
13112019600,13112,196,あんどうけはかあと,安藤家墓跡,世田谷区 大蔵一丁目,[近世],墓地,[近世]墓壙6,釘 木片 銭貨 人骨,139.617511,35.63322982,0,0,0,0,0,0,0,0,0,0,0,0,0,1,0,0,0,0,0
13112019700,13112,197,いしいどみなみおうけつ,石井土南横穴,世田谷区 大蔵四丁目,[古墳時代][奈良時代],横穴墓,,人骨,139.6109078,35.62903015,0,0,0,1,0,1,1,0,0,0,0,0,0,0,0,0,0,0,0
13112019900,13112,199,べんてんづか・てんじんづか,弁天塚・天神塚,世田谷区 岡本二丁目,[時代不明],塚,,,139.6199715,35.62231512,0,0,0,0,0,0,0,0,0,0,0,0,0,0,0,0,0,0,1
13112020000,13112,200,かわらけづかいせき,土器塚遺跡,世田谷区 代沢一丁目 池尻四丁目,[旧石器時代][縄文時代（中期）][弥生時代（後期）][古墳時代],集落,[弥生時代]後期住居跡 [近世以降]溝,縄文土器 弥生土器 石器 陶磁器類,139.6803853,35.65597217,1,1,1,1,0,0,0,0,0,0,0,0,0,0,0,0,0,0,0
13112020100,13112,201,きへいやまいせき,騎兵山遺跡,世田谷区 池尻四丁目,[縄文時代（早期・中期）][古墳時代][近世][近代],集落,[縄文時代]炉穴 住居 ピット [古墳時代]住居 [近世]建物基礎,縄文土器 陶磁器,139.679939,35.65312672,0,1,0,1,0,0,0,0,0,0,0,0,0,1,0,0,1,0,0
13112020200,13112,202,しんがんじふじづかいせき,森厳寺富士塚遺跡,世田谷区 代沢三丁目,[近世],塚,,,139.6682249,35.65709041,0,0,0,0,0,0,0,0,0,0,0,0,0,1,0,0,0,0,0
13112020300,13112,203,だいたくりはらいせき,代田栗原遺跡,世田谷区 代田三丁目,[縄文時代][古墳時代][近世],包蔵地,,縄文土器 石器 土師器 板碑,139.6583617,35.65471759,0,1,0,1,0,0,0,0,0,0,0,0,0,1,0,0,0,0,0
13112020400,13112,204,くりはらづか,栗原塚,世田谷区 代田三丁目,[近世],その他（塚）,,,139.6560271,35.65329485,0,0,0,0,0,0,0,0,0,0,0,0,0,1,0,0,0,0,0
13112020500,13112,205,わかばやしほんむらいせき,若林本村遺跡,世田谷区 若林五丁目,[縄文時代],包蔵地,,石器,139.6578811,35.64964026,0,1,0,0,0,0,0,0,0,0,0,0,0,0,0,0,0,0,0
13112020600,13112,206,わかばやしさんかくやまいせき,若林三角山遺跡,世田谷区 若林二丁目 若林三丁目,[縄文時代],包蔵地,,縄文土器 石器,139.660559,35.64994714,0,1,0,0,0,0,0,0,0,0,0,0,0,0,0,0,0,0,0
13112020700,13112,207,ときわづか,常盤塚,世田谷区 上馬五丁目,[中世],塚,※遺跡範囲のすべてが、世田谷区指定史跡常盤塚となっています。,鏡 くし,139.6587008,35.64156211,0,0,0,0,0,0,0,0,1,0,0,0,0,0,0,0,0,0,0
13112020800,13112,208,あみだまるいせき,阿弥陀丸遺跡,世田谷区 弦巻二丁目,[中世],包蔵地,,甕 石櫃 板碑,139.6532077,35.63405636,0,0,0,0,0,0,0,0,1,0,0,0,0,0,0,0,0,0,0
13112020900,13112,209,せきやづか,関屋塚,世田谷区 桜新町一丁目,[中世][近世],塚,,銭貨,139.6405734,35.62920097,0,0,0,0,0,0,0,0,1,0,0,0,0,1,0,0,0,0,0
13112021000,13112,210,ながさきづかいせき,長崎塚遺跡,世田谷区 桜新町一丁目,[中世][近世],その他（塚）,,陶磁器,139.641466,35.62864286,0,0,0,0,0,0,0,0,1,0,0,0,0,1,0,0,0,0,0
13112021100,13112,211,うさまえみなみいせき,宇佐前南遺跡,世田谷区 用賀一丁目,[縄文時代],包蔵地,,土錘,139.6385478,35.62389877,0,1,0,0,0,0,0,0,0,0,0,0,0,0,0,0,0,0,0
13112021200,13112,212,せんぶづかいせき,千部塚遺跡,世田谷区 深沢五丁目,[中世][近世],その他（塚）,,土師器,139.6508388,35.62021492,0,0,0,0,0,0,0,0,1,0,0,0,0,1,0,0,0,0,0
13112021400,13112,214,まるやまみなみいせき,丸山南遺跡,世田谷区 深沢五丁目,[縄文時代（中期）],包蔵地,,縄文土器,139.6465816,35.61714492,0,1,0,0,0,0,0,0,0,0,0,0,0,0,0,0,0,0,0
13112021500,13112,215,しょうぎやまいせき,将監山遺跡,世田谷区 瀬田四丁目,[旧石器時代][縄文時代][古墳時代][奈良時代],包蔵地,,剥片 縄文土器 石器 土師器 陶磁器,139.6279678,35.61990997,1,1,0,1,0,1,1,0,0,0,0,0,0,0,0,0,0,0,0
13112021600,13112,216,せたちゅうがっこういせき,瀬田中学校遺跡,世田谷区 瀬田二丁目,[平安時代],墓地,,蔵骨器 人骨,139.6334266,35.61805402,0,0,0,0,0,1,0,1,0,0,0,0,0,0,0,0,0,0,0
13112021700,13112,217,やざわだいいせき,谷沢台遺跡,世田谷区 中町二丁目,[縄文時代],包蔵地,,縄文土器 石器,139.6426677,35.61209313,0,1,0,0,0,0,0,0,0,0,0,0,0,0,0,0,0,0,0
13112021800,13112,218,いなりざかいせき,稲荷坂遺跡,世田谷区 上野毛二丁目 上野毛三丁目,[中世],包蔵地,,板碑,139.6357599,35.61034736,0,0,0,0,0,0,0,0,1,0,0,0,0,0,0,0,0,0,0
13112021900,13112,219,いなりまるいせき,稲荷丸遺跡,世田谷区 上野毛二丁目 上野毛三丁目,[縄文時代（前期〜中期）],包蔵地,,縄文土器,139.637116,35.6092867,0,1,0,0,0,0,0,0,0,0,0,0,0,0,0,0,0,0,0
13112022000,13112,220,いなりまるづか,稲荷丸塚,世田谷区 上野毛二丁目,[古墳],古墳,,,139.6366354,35.60977516,0,0,0,1,0,0,0,0,0,0,0,0,0,0,0,0,0,0,0
13112022200,13112,222,とどろきねおうけつぼ,等々力根横穴墓,世田谷区 等々力一丁目,[古墳時代],横穴墓,,人骨,139.6492212,35.60229563,0,0,0,1,0,0,0,0,0,0,0,0,0,0,0,0,0,0,0
13112022300,13112,223,とどろきひがしはら,等々力東原遺跡,世田谷区 等々力六丁目,[縄文時代（前期）],包蔵地,,縄文土器,139.6593532,35.61259553,0,1,0,0,0,0,0,0,0,0,0,0,0,0,0,0,0,0,0
13112022400,13112,224,どうのさかいせき,堂の坂遺跡,世田谷区 尾山台一丁目 尾山台二丁目,[中世],出土地,,板碑 人骨,139.6552733,35.59994465,0,0,0,0,0,0,0,0,1,0,0,0,0,0,0,0,0,0,0
13112022700,13112,227,おおひらとりであと,大平砦跡,世田谷区 奥沢一丁目 奥沢三丁目,[中世],城館,,,139.677948,35.601883,0,0,0,0,0,0,0,0,1,0,0,0,0,0,0,0,0,0,0
13112022800,13112,228,ふかさわじょうあと,深沢城跡,世田谷区 中町二丁目 等々力三丁目 等々力八丁目,[中世],城館,,,139.6476802,35.61371197,0,0,0,0,0,0,0,0,1,0,0,0,0,0,0,0,0,0,0
13112023200,13112,232,まつばいせき,松場遺跡,世田谷区 喜多見八丁目,[古墳時代][近世],包蔵地,,土師器 カワラケ,139.5891994,35.63644473,0,0,0,1,0,0,0,0,0,0,0,0,0,1,0,0,0,0,0
13112023300,13112,233,みしまのやしき・しもがくとうみなみいせき,三島野屋敷・下覚東南遺跡,世田谷区 喜多見九丁目,[縄文時代（草創期〜中期）][弥生時代][古墳時代][奈良時代][平安時代][近世],集落,,縄文土器 弥生土器 土師器 陶磁器,139.585719,35.64107299,0,1,1,1,0,1,1,1,0,0,0,0,0,1,0,0,0,0,0
13112023500,13112,235,あいのはら,相之原遺跡,世田谷区 喜多見四丁目,[縄文時代（中期）][古墳時代][奈良時代][近世],集落,[古墳時代]住居 [奈良時代]住居 ピット 土坑 溝 [近世]ピット,縄文土器 土師器 須恵器 鉄鏃 砥石 滑石製臼玉 石製模造品 陶磁器 鉄滓 埴輪 紡錘車,139.5926841,35.63108708,0,1,0,1,0,1,1,0,0,0,0,0,0,1,0,0,0,0,0
13112023700,13112,237,しものげはらいなりいせき,下野毛原稲荷遺跡,世田谷区 野毛一丁目,[中世],単独出土地,,板碑,139.644508,35.60183593,0,0,0,0,0,0,0,0,1,0,0,0,0,0,0,0,0,0,0
13112023800,13112,238,はちまんやまいなりまえいせき,八幡山稲荷前遺跡,世田谷区 八幡山一丁目,[縄文時代（早期・中期）][中世][近世],集落,[縄文時代]土坑 ピット [中世][近世]溝 井戸 土坑 ピット,縄文土器 石器 土製品 陶磁器 土師質土器 煙管 鉄製石 碁石,139.6197138,35.66181788,0,1,0,0,0,0,0,0,1,0,0,0,0,1,0,0,0,0,0
13112023900,13112,239,かねづか,カネ塚,世田谷区 南烏山二丁目,[中世][近世],塚,,陶器 石碑,139.6082034,35.66783259,0,0,0,0,0,0,0,0,1,0,0,0,0,1,0,0,0,0,0
13112024000,13112,240,こがやいせき,児ヶ谷遺跡,世田谷区 八幡山三丁目,[中世][近世],包蔵地,,土師器 陶磁器,139.6136568,35.66900123,0,0,0,0,0,0,0,0,1,0,0,0,0,1,0,0,0,0,0
13112024100,13112,241,まるしたいせき,丸下遺跡,世田谷区 八幡山一丁目 上北沢一丁目,[縄文時代（早期〜中期）][近世],集落,,縄文土器 石器,139.6237425,35.66276092,0,1,0,0,0,0,0,0,0,0,0,0,0,1,0,0,0,0,0
13112024200,13112,242,しんぱちやまいせき,新八山遺跡,世田谷区 上北沢一丁目 桜上水五丁目,[縄文時代（中期）][古墳時代][近世],集落,[縄文時代]ピット [近世]溝 土坑 ピット,縄文土器 土師器 磁器 石臼 陶磁器,139.6283087,35.66380693,0,1,0,1,0,0,0,0,0,0,0,0,0,1,0,0,0,0,0
13112024300,13112,243,ほしのづか,星野塚,世田谷区 船橋五丁目,[中世],塚,,,139.6265406,35.65754063,0,0,0,0,0,0,0,0,1,0,0,0,0,0,0,0,0,0,0
13112024400,13112,244,はんだづか,半田塚,世田谷区 松原六丁目,[近世],塚,,陶磁器,139.648474,35.65996196,0,0,0,0,0,0,0,0,0,0,0,0,0,1,0,0,0,0,0
13112024500,13112,245,いしいどづか,石井土塚,世田谷区 大蔵三丁目,[古墳時代][奈良時代][平安時代][中世][近世],塚？,方墳,,139.6073487,35.63401113,0,0,0,1,0,1,1,1,1,0,0,0,0,1,0,0,0,0,0
13112024600,13112,246,かるたいせき,嘉留多遺跡,世田谷区 成城一丁目,[旧石器時代][縄文時代（早期〜晩期）][奈良時代][平安時代],集落,[旧石器時代]ブロック 礫群 炭化物集中箇所 [縄文時代]住居 竪穴状遺構 集石土坑 炉穴群 土坑 ピット [近世]溝状遺構 道路,縄文土器 石器 弥生土器 土師器 須恵器 炭化果核 銭貨,139.6031945,35.63250431,1,1,0,0,0,1,1,1,0,0,0,0,0,0,0,0,0,0,0
13112024700,13112,247,しものだいせき,下野田遺跡,世田谷区 喜多見五丁目 喜多見六丁目 喜多見七丁目,[旧石器時代][縄文時代（早期～晩期）][古墳時代][奈良時代][平安時代][中世][近世],包蔵地・集落,[旧石器時代]遺物集中箇所[縄文時代]落し穴　ピット　集石[古墳時代]住居　竪穴　土坑　溝　ピット[古代]住居　土坑　ピット[中世]溝　井戸　集石[近世]溝,旧石器　縄文土器　石器(石槍)　土師器　鉄製品　石製品　古銭　陶磁器,139.601044,35.63098942,1,1,0,1,0,1,1,1,1,0,0,0,0,1,0,0,0,0,0
13112024800,13112,248,おかもとはらいせき,岡本原遺跡,世田谷区 岡本一丁目,[縄文時代（早期〜中期）][古墳時代][中世][近世],包蔵地,[古墳時代]溝,縄文土器 土師器 紡錘車 陶磁器,139.620332,35.62631979,0,1,0,1,0,0,0,0,1,0,0,0,0,1,0,0,0,0,0
13112024900,13112,249,せたうえはらいせき,瀬田上原遺跡,世田谷区 瀬田五丁目,[奈良時代][平安時代][中世],包蔵地,,土師器 須恵器 カワラケ,139.6246306,35.62443671,0,0,0,0,0,1,1,1,1,0,0,0,0,0,0,0,0,0,0
13112025000,13112,250,いなりまるきたいせき,稲荷丸北遺跡,世田谷区 上野毛三丁目,[縄文時代（早期〜晩期）][古墳時代],集落・貝塚,[縄文時代]住居 土坑 ピット [古墳時代]住居 掘立柱建物 土坑 [近世]ピット 溝?,石器 縄文土器 土錘 土製円板 けつ状耳飾 弥生土器 土師器 須恵器 装身具 陶磁器,139.6356912,35.61181815,0,1,0,1,0,0,0,0,0,0,0,0,0,0,0,0,0,0,0
13112025100,13112,251,いなりまるこふん,稲荷丸古墳,世田谷区 上野毛三丁目,[古墳時代],古墳,円墳 [古墳時代]礫槨 石槨 葺石,,139.6354509,35.6119298,0,0,0,1,0,0,0,0,0,0,0,0,0,0,0,0,0,0,0
13112025200,13112,252,まるやまきたいせき,丸山北遺跡,世田谷区 深沢五丁目,[近世],包蔵地,,陶磁器,139.6466846,35.6185683,0,0,0,0,0,0,0,0,0,0,0,0,0,1,0,0,0,0,0
13112025800,13112,258,むかいのだいせき,向野田遺跡,世田谷区 砧七丁目 砧八丁目,[縄文時代（早期〜後期）][古墳時代][近世],集落,[縄文時代]集石 土坑群 ピット群,縄文土器 石器,139.6044304,35.63911735,0,1,0,1,0,0,0,0,0,0,0,0,0,1,0,0,0,0,0
13112026000,13112,260,かなくそやまいせき,かなくそやま遺跡,世田谷区 喜多見七丁目,[近世],塚,円形墳丘,陶磁器 羽口 鉄滓,139.5969585,35.62931523,0,0,0,0,0,0,0,0,0,0,0,0,0,1,0,0,0,0,0
13112026201,13112,262,じんや1ごうふん,陣屋1号墳,世田谷区 喜多見一丁目,[古墳時代],古墳,円墳 [古墳時代]周溝,土師器,139.5963457,35.62438351,0,0,0,1,0,0,0,0,0,0,0,0,0,0,0,0,0,0,0
13112026202,13112,262,じんや2ごうふん,陣屋2号墳,世田谷区 喜多見一丁目,[古墳時代],古墳,[古墳時代]葺石,土師器 埴輪（円筒、人物、形象）,139.5965603,35.62461026,0,0,0,1,0,0,0,0,0,0,0,0,0,0,0,0,0,0,0
13112026203,13112,262,じんや3ごうふん,陣屋3号墳,世田谷区 喜多見四丁目,[古墳時代],古墳,[古墳時代]石室,鉄鏃,139.5967525,35.62561757,0,0,0,1,0,0,0,0,0,0,0,0,0,0,0,0,0,0,0
13112026204,13112,262,じんや4ごうふん,陣屋4号墳,世田谷区 喜多見三丁目,[古墳時代],古墳,円墳 [古墳時代]周溝,土師器 須恵器 勾玉,139.5977481,35.62498966,0,0,0,1,0,0,0,0,0,0,0,0,0,0,0,0,0,0,0
13112026205,13112,262,じんや5ごうふん,陣屋5号墳,世田谷区 喜多見四丁目,[古墳時代],古墳,前方後円墳 帆立貝式 [古墳時代]周溝,土師器 須恵器 埴輪 臼玉,139.5961689,35.62565943,0,0,0,1,0,0,0,0,0,0,0,0,0,0,0,0,0,0,0
13112026206,13112,262,じんや6ごうふん,陣屋6号墳,世田谷区 喜多見三丁目,[古墳時代],古墳,円墳 [古墳時代]周溝,,139.597525,35.62551989,0,0,0,1,0,0,0,0,0,0,0,0,0,0,0,0,0,0,0
13112026207,13112,262,じんや7ごうふん,陣屋7号墳,世田谷区 喜多見三丁目,[古墳時代],古墳,,,139.5985464,35.62495129,0,0,0,1,0,0,0,0,0,0,0,0,0,0,0,0,0,0,0
13112026209,13112,262,じんや9ごうふん,陣屋9号墳,世田谷区 喜多見四丁目,[古墳時代],古墳,円墳 [古墳時代]周溝,,139.5968383,35.6270687,0,0,0,1,0,0,0,0,0,0,0,0,0,0,0,0,0,0,0
13112026211,13112,262,じんや11ごうふん,陣屋11号墳,世田谷区 喜多見三丁目,[古墳時代],古墳,[古墳時代]古墳周溝,,,,0,0,0,1,0,0,0,0,0,0,0,0,0,0,0,0,0,0,0
13112026212,13112,262,じんや12ごうふん,陣屋12号墳,世田谷区 喜多見四丁目,[古墳時代],古墳,[古墳時代]主体部,,,,0,0,0,1,0,0,0,0,0,0,0,0,0,0,0,0,0,0,0
13112026213,13112,262,じんや13ごうふん,陣屋13号墳,世田谷区 喜多見三丁目,[古墳時代],古墳,[古墳時代]古墳周溝,土師器 須恵器,139.5994047,35.62492338,0,0,0,1,0,0,0,0,0,0,0,0,0,0,0,0,0,0,0
13112026214,13112,262,じんや14ごうふん,陣屋14号墳,世田谷区 喜多見四丁目,[古墳時代],古墳,[古墳時代]周溝,土師器 須恵器,139.5972675,35.62712451,0,0,0,1,0,0,0,0,0,0,0,0,0,0,0,0,0,0,0
13112026215,13112,262,じんや15ごうふん,陣屋15号墳,世田谷区 喜多見四丁目,[古墳時代],古墳,古墳周溝,土師器 須恵器 鉄製品（鋤鍬先）,139.5961517,35.62642685,0,0,0,1,0,0,0,0,0,0,0,0,0,0,0,0,0,0,0
13112026400,13112,264,きたみしみずいせき,喜多見清水遺跡,世田谷区 喜多見五丁目,[縄文時代（早期・中期〜後期）][古墳時代][奈良時代][平安時代][中世][近世],集落,[奈良時代][平安時代]住居 [中世][近世]土坑 地下式土坑 井戸 溝,縄文土器 土師器 須恵器 土師質土器 陶磁器 石臼 鉄製品,139.6029495,35.62791983,0,1,0,1,0,1,1,1,1,0,0,0,0,1,0,0,0,0,0
13112026500,13112,265,しものだやまいせき,下野田山遺跡,世田谷区 喜多見六丁目,[旧石器時代][古墳時代][奈良時代][平安時代][中世][近世],集落,[旧石器時代]ブロック,石器 焼礫 土師器 陶器 カワラケ,139.6039245,35.6300624,1,0,0,1,0,1,1,1,1,0,0,0,0,1,0,0,0,0,0
13112026601,13112,266,しものだ1ごうふん,下野田1号墳,世田谷区 喜多見六丁目,[古墳時代],古墳,,,139.605428,35.631131,0,0,0,1,0,0,0,0,0,0,0,0,0,0,0,0,0,0,0
13112026602,13112,266,しものだ2ごうふん,下野田2号墳,世田谷区 喜多見六丁目,[古墳時代],古墳？,円墳?,,139.6065209,35.63028913,0,0,0,1,0,0,0,0,0,0,0,0,0,0,0,0,0,0,0
13112026800,13112,268,なかしんめいおうけつぼぐん,中神明横穴墓群,世田谷区 成城三丁目,[古墳時代],横穴墓,7基,土師器 須恵器 刀子 人骨,139.596313,35.635624,0,0,0,1,0,0,0,0,0,0,0,0,0,0,0,0,0,0,0
13112026900,13112,269,しものだふどういせき,下野田不動遺跡,世田谷区 成城一丁目,[近世],出土地,,和鏡,139.6033661,35.63189041,0,0,0,0,0,0,0,0,0,0,0,0,0,1,0,0,0,0,0
13112027200,13112,272,どうがやと１ごうふん,堂が谷戸1号墳,世田谷区 岡本三丁目,[古墳時代],古墳,円墳 [古墳時代]周溝 幅4ｍ,縄文土器 土師器,139.616195,35.62453376,0,0,0,1,0,0,0,0,0,0,0,0,0,0,0,0,0,0,0
13112027300,13112,273,しもやま１ごうふん,下山1号墳,世田谷区 瀬田四丁目,[古墳時代],古墳,[古墳時代]円形周溝,土師器,139.6246235,35.62206395,0,0,0,1,0,0,0,0,0,0,0,0,0,0,0,0,0,0,0
13112027400,13112,274,たきがやいせき,滝ヶ谷遺跡,世田谷区 瀬田四丁目,[旧石器時代][縄文時代（早期〜中期）][奈良時代][近世],集落,[旧石器時代]ブロック 礫群 [縄文時代]住居 土坑 溝 [古墳時代]土坑? [奈良時代]住居,主な出土品,139.6263713,35.62034255,1,1,0,0,0,1,1,0,0,0,0,0,0,1,0,0,0,0,0
13112027500,13112,275,しろまえいせき,城前遺跡,世田谷区 奥沢七丁目,[縄文時代（早期〜後期）],包蔵地,,縄文土器 焼礫 陶器,139.6606921,35.60829709,0,1,0,0,0,0,0,0,0,0,0,0,0,0,0,0,0,0,0
13112027600,13112,276,のくぼいせき,野窪遺跡,世田谷区 桜上水二丁目,[縄文時代（草創期）],包蔵地,,石槍,139.6280512,35.65856281,0,1,0,0,0,0,0,0,0,0,0,0,0,0,0,0,0,0,0
13112027700,13112,277,まるしたきたいせき,丸下北遺跡,世田谷区 上北沢一丁目 上北沢三丁目 桜上水五丁目,[縄文時代],包蔵地,,縄文土器 石鏃 剥片,139.6261115,35.66511791,0,1,0,0,0,0,0,0,0,0,0,0,0,0,0,0,0,0,0
13112027800,13112,278,からすやまじょう（とりで）せき・からすやまみなみはらいせき,烏山城(砦)跡・烏山南原遺跡,世田谷区 南烏山一丁目 南烏山二丁目,[旧石器時代][縄文時代（中期）][中世][近世],集落・城館,[旧石器時代]ブロック 礫群 [近世]溝状遺構 [時期不明]溝,石器 焼礫 縄文土器 陶磁器,139.6085982,35.6676234,1,1,0,0,0,0,0,0,1,0,0,0,0,1,0,0,0,0,0
13112028000,13112,280,きたみなかどおりいせき,喜多見中通遺跡,世田谷区 喜多見七丁目,[縄文時代（中期〜晩期）][古墳時代][奈良時代][平安時代][中世][近世],集落,,土師器,139.5953277,35.63203595,0,1,0,1,0,1,1,1,1,0,0,0,0,1,0,0,0,0,0
13112028100,13112,281,たなおしいせき,田直遺跡,世田谷区 大蔵五丁目,[旧石器時代][縄文時代(早期〜後期)][奈良時代][平安時代][中世][近世],集落,[旧石器時代]ブロック [縄文時代]住居址 土坑 炉穴 集石 ピット 配石 遺物集中部 土器埋設土坑 [古代以降]溝 土坑 ピット [中世以降]土坑 [近世以降]段切り ピット,[旧石器時代]石器 [縄文時代]土器 石器 土製品 石製品（装飾品） [古代以降]土師器 須恵器 [中世以降]陶磁器 [近世以降]陶磁器,139.6064007,35.62882062,1,1,0,0,0,1,1,1,1,0,0,0,0,1,0,0,0,0,0
13112028200,13112,282,しもそしがやまえいせき,下祖師谷前遺跡,世田谷区 成城九丁目,[中世],包蔵地,,土師質土器,139.5975293,35.65114471,0,0,0,0,0,0,0,0,1,0,0,0,0,0,0,0,0,0,0
13112028500,13112,285,うなねほんむらいせき,宇奈根本村遺跡,世田谷区 宇奈根二丁目,[古墳時代][奈良時代][平安時代][中世][近世],包蔵地,,土師器 陶磁器,139.6021049,35.62118808,0,0,0,1,0,1,1,1,1,0,0,0,0,1,0,0,0,0,0
13112028600,13112,286,かみのだおうけつぼぐん,上野田横穴墓群,世田谷区 成城四丁目,[古墳時代],横穴墓,2基,,139.5895642,35.64492327,0,0,0,1,0,0,0,0,0,0,0,0,0,0,0,0,0,0,0
13112028700,13112,287,せんがわいせき,仙川遺跡,世田谷区 給田三丁目,[旧石器時代][縄文時代（前期）][古墳時代],集落,[旧石器時代]ブロック [古墳時代]住居,,139.5875251,35.66436561,1,1,0,1,0,0,0,0,0,0,0,0,0,0,0,0,0,0,0
13112028800,13112,288,おかもとまえこうちいせき,岡本前耕地遺跡,世田谷区 岡本二丁目,[縄文時代（早期〜晩期）][弥生時代][古墳時代][奈良時代][平安時代][中世][近世],集落,[縄文時代]集石 杭列 [近世]溝,縄文土器 石器 土製品 石製品 木製品 浮子 弥生土器 土師器 須恵器 灰釉 陶磁器,139.6192162,35.62029178,0,1,1,1,0,1,1,1,1,0,0,0,0,1,0,0,0,0,0
13112029400,13112,294,ひがしやまいせき,東山遺跡,世田谷区 池尻一丁目 池尻二丁目,[旧石器時代][縄文時代（中期）][弥生時代][古墳時代],集落,[縄文時代]竪穴 土坑,縄文土器 石器,139.6837499,35.647854,1,1,1,1,0,0,0,0,0,0,0,0,0,0,0,0,0,0,0
13112029500,13112,295,とどろきにしねいせき,等々力西根遺跡,世田谷区 等々力一丁目 尾山台二丁目,[縄文時代（前期〜中期）],包蔵地,[縄文時代]逆堆積土坑,縄文土器 石器,139.6512484,35.60195673,0,1,0,0,0,0,0,0,0,0,0,0,0,0,0,0,0,0,0
13112029600,13112,296,とどろきはらいせき,等々力原遺跡,世田谷区 等々力一丁目,[旧石器時代][縄文時代（早期〜後期）][弥生時代（後期）][古墳時代][中世][近世],集落,[縄文時代]住居 土坑 [弥生時代]住居,石器 縄文土器 石器 弥生土器 陶磁器 銭貨,139.6479353,35.60406427,1,1,1,1,0,0,0,0,1,0,0,0,0,1,0,0,0,0,0
13112029700,13112,297,とどろきねいせき,等々力根遺跡,世田谷区 等々力一丁目,[旧石器時代][縄文時代（早期〜後期）][古墳時代][中世][近世],集落,,縄文土器 石器 土製品 陶磁器 銭貨 鉄製品 土錘 砥石 瓦 土師質土器 硯 礫 埴輪 須恵器 金属製品 ガラス製品,139.6479182,35.60188694,1,1,0,1,0,0,0,0,1,0,0,0,0,1,0,0,0,0,0
13112029800,13112,298,おきのたにいせき,沖ノ谷遺跡,世田谷区 奥沢二丁目,[縄文時代（中期）],包蔵地,,,139.675095,35.606098,0,1,0,0,0,0,0,0,0,0,0,0,0,0,0,0,0,0,0
13112030300,13112,303,とどろきね1ごうふん,等々力根1号墳,世田谷区 等々力一丁目,[古墳時代],古墳,[古墳時代]周溝,土師器,139.6552347,35.60028312,0,0,0,1,0,0,0,0,0,0,0,0,0,0,0,0,0,0,0
13112030400,13112,304,おやまきたはらいせき,尾山北原遺跡,世田谷区 尾山台二丁目,[縄文時代（早期）][近世],包蔵地,[近世]ピット 礎石建物址,縄文土器 石器 礫 陶磁器 銭貨 煙管,139.6532037,35.60129069,0,1,0,0,0,0,0,0,0,0,0,0,0,1,0,0,0,0,0
13112030700,13112,307,のげ2ごうふん,野毛2号墳,世田谷区 野毛二丁目,[古墳時代],古墳,[古墳時代]周溝,円筒埴輪 形象埴輪 須恵器坏身,139.6412044,35.60273978,0,0,0,1,0,0,0,0,0,0,0,0,0,0,0,0,0,0,0
13112030800,13112,308,のげ3ごうふん,野毛3号墳,世田谷区 野毛二丁目,[古墳時代],古墳,[古墳時代]主体部（礫槨）,,139.6409813,35.60318641,0,0,0,1,0,0,0,0,0,0,0,0,0,0,0,0,0,0,0
13112030900,13112,309,のげ4ごうふん,野毛4号墳,世田谷区 野毛二丁目,[古墳時代],古墳,[古墳時代]周溝,円筒埴輪,139.6427014,35.60145482,0,0,0,1,0,0,0,0,0,0,0,0,0,0,0,0,0,0,0
13112031000,13112,310,のげ5ごうふん,野毛5号墳,世田谷区 野毛二丁目,[古墳時代],古墳,[古墳時代]周溝,,139.6429074,35.60160835,0,0,0,1,0,0,0,0,0,0,0,0,0,0,0,0,0,0,0
13112031100,13112,311,のげ6ごうふん,野毛6号墳,世田谷区 野毛二丁目,[古墳時代],古墳,[古墳時代]周溝,土師器坏,139.643019,35.60131525,0,0,0,1,0,0,0,0,0,0,0,0,0,0,0,0,0,0,0
13112031300,13112,313,のげおおはらおうけつぼぐん,野毛大原横穴墓群,世田谷区 野毛二丁目,[古墳時代],横穴墓,,人骨 須恵器（長頸壺） 土師器（坏）,139.6410106,35.60389735,0,0,0,1,0,0,0,0,0,0,0,0,0,0,0,0,0,0,0
13112031400,13112,314,すわぶんいせき,諏訪分遺跡,世田谷区 東玉川一丁目,[縄文時代（前期）],集落,,,139.678253,35.596493,0,1,0,0,0,0,0,0,0,0,0,0,0,0,0,0,0,0,0
13112031500,13112,315,みやのはら1ごうふん,宮之原1号墳,世田谷区 喜多見四丁目,[古墳時代],古墳,形態（円墳） [古墳時代]周溝 横穴式石室,土師器 須恵器,139.5939716,35.62945464,0,0,0,1,0,0,0,0,0,0,0,0,0,0,0,0,0,0,0
13112031600,13112,316,のげ7ごうふん,野毛7号墳,世田谷区 野毛一丁目,[古墳時代],古墳,形態（ブリッジ付?円墳） [古墳時代]周溝,,139.6429716,35.60305022,0,0,0,1,0,0,0,0,0,0,0,0,0,0,0,0,0,0,0
13112031700,13112,317,のげ8ごうふん,野毛8号墳,世田谷区 野毛一丁目,[古墳時代],古墳,形態（ブリッジ付?円墳） [古墳時代]周溝,,139.6425424,35.60328401,0,0,0,1,0,0,0,0,0,0,0,0,0,0,0,0,0,0,0
13112031800,13112,318,のげ9ごうふん,野毛9号墳,世田谷区 野毛一丁目 野毛二丁目,[古墳時代],古墳,形態（円墳） [古墳時代]周溝,土師器,139.6433149,35.60128461,0,0,0,1,0,0,0,0,0,0,0,0,0,0,0,0,0,0,0
13112031900,13112,319,つるがくぼいせき,鶴ヶ久保遺跡,世田谷区 野沢一丁目 下馬三丁目,[旧石器時代][縄文時代（中期〜後期）][近世],集落,[縄文時代]住宅 竪穴 土坑 集石土坑 野外炉 屋外埋甕 伏甕 掘立柱建物跡 ピット [近世]〜溝 地下式杭 井戸 土坑 建物跡 ピット,石器 縄文土器 土製品 石器 装飾品 陶磁器 土製品 石製品 銭貨 金属製品 硝子製品,139.6738242,35.63776747,1,1,0,0,0,0,0,0,0,0,0,0,0,1,0,0,0,0,0
13112032000,13112,320,おやまひがしはらいせき,尾山東原遺跡,世田谷区 尾山台二丁目,[縄文時代（中期）],包蔵地,,,139.6551263,35.60050906,0,1,0,0,0,0,0,0,0,0,0,0,0,0,0,0,0,0,0
13112032100,13112,321,りょうのさかひがしいせき,寮の坂東遺跡,世田谷区 尾山台一丁目,[縄文時代（中期）][近世],包蔵地,,,139.656326,35.599365,0,1,0,0,0,0,0,0,0,0,0,0,0,1,0,0,0,0,0
13112032200,13112,322,おかもとはらみなみいせき,岡本原南遺跡,世田谷区 岡本一丁目,[縄文時代（早期・中期）][古墳時代],集落,,,139.6206678,35.62430806,0,1,0,1,0,0,0,0,0,0,0,0,0,0,0,0,0,0,0
13112032300,13112,323,しもやま2ごうふん,下山2号墳,世田谷区 瀬田五丁目,[古墳時代],古墳,形態（円墳） [古墳時代]周溝,,139.6245549,35.62306863,0,0,0,1,0,0,0,0,0,0,0,0,0,0,0,0,0,0,0
13112032400,13112,324,しもやま3ごうふん,下山3号墳,世田谷区 瀬田五丁目,[古墳時代],古墳,形態（ブリッジ付円墳） [古墳時代]周溝,,139.6244004,35.62140811,0,0,0,1,0,0,0,0,0,0,0,0,0,0,0,0,0,0,0
13112032500,13112,325,たいしどうしもほんむらいせき,太子堂下本村遺跡,世田谷区 三宿二丁目 太子堂三丁目,[旧石器時代][縄文時代（早期〜後期）][古墳時代][奈良時代][平安時代][近世],集落,,,139.6721799,35.65106232,1,1,0,1,0,1,1,1,0,0,0,0,0,1,0,0,0,0,0
13112032600,13112,326,まるやまひがしいせき,丸山東遺跡,世田谷区 深沢五丁目,[縄文時代][中世][近世],包蔵地,,,139.6481265,35.61929394,0,1,0,0,0,0,0,0,1,0,0,0,0,1,0,0,0,0,0
13112032700,13112,327,のげ10ごうふん,野毛10号墳,世田谷区 野毛二丁目,[古墳時代],古墳,円墳 古墳周溝,土師器 須恵器,139.6431099,35.60170693,0,0,0,1,0,0,0,0,0,0,0,0,0,0,0,0,0,0,0
13112033000,13112,330,のげ11ごうふん,野毛11号墳,世田谷区 野毛一丁目,[古墳時代],古墳,円墳 古墳周溝,,139.6438857,35.60151491,0,0,0,1,0,0,0,0,0,0,0,0,0,0,0,0,0,0,0
13112033100,13112,331,のげ12ごうふん,野毛12号墳,世田谷区 野毛一丁目,[古墳時代],古墳,円墳 [古墳時代]周溝,,139.6428858,35.6032526,0,0,0,1,0,0,0,0,0,0,0,0,0,0,0,0,0,0,0
13112033200,13112,332,とのやまおうけつぼぐん,殿山横穴墓群,世田谷区 大蔵五丁目,古墳,横穴墓,,直刀1、鉄鏃10、刀子1、勾玉2、管玉4、棗玉3、丸玉20、ガラス小玉15、須恵器（提瓶）1、人骨,139.6064007,35.62882062,0,0,0,1,0,0,0,0,0,0,0,0,0,0,0,0,0,0,0
13112033300,13112,333,てんじんやまいせき,天神山遺跡,世田谷区 野毛一丁目,[旧石器時代][縄文時代（後期）][近世],集落,,,139.645084,35.60138591,1,1,0,0,0,0,0,0,0,0,0,0,0,1,0,0,0,0,0
13112033400,13112,334,のげ13ごうふん,野毛13号墳,世田谷区 野毛一丁目,[古墳時代],古墳,方墳 [古墳時代]周濠,埴輪 土師器 鉄製品（鉄鎌）,139.6429373,35.6041005,0,0,0,1,0,0,0,0,0,0,0,0,0,0,0,0,0,0,0
13112033500,13112,335,きぬたちゅうがっこうこふんぐんじゅうごうふん,砧中学校古墳群10号墳,世田谷区 成城一丁目,[古墳],古墳,,,139.6008019,35.6341317,0,0,0,1,0,0,0,0,0,0,0,0,0,0,0,0,0,0,0
13112033600,13112,336,のげじゅうよんごうふん,野毛14号墳,世田谷区 野毛二丁目,[古墳],古墳,[古墳]周溝,[古墳]土師器、須恵器、普通円筒埴輪、形象埴輪,139.640211,35.606222,0,0,0,1,0,0,0,0,0,0,0,0,0,0,0,0,0,0,0
13112033700,13112,337,のげじゅうごごうふん,野毛15号墳,世田谷区 野毛一丁目,[古墳],古墳,[古墳]周溝,[古墳]土師器、須恵器、普通円筒埴輪、朝顔形埴輪、形象埴輪、土製品,139.643279,35.601826,0,0,0,1,0,0,0,0,0,0,0,0,0,0,0,0,0,0,0
