u,v,lng,lat,response,new,overlap,from_cache,cache_path,error
7259,3225,139.020996093750,35.692994632099,0,0,0,0,/Users/noguchiatsushi/Documents/GitHub/JASOSR/14Kanagawa/sagamihara_cache/tile_L13_u7259_v3225_b5c8a5453a27.json,
7260,3225,139.064941406250,35.692994632099,11,0,11,0,/Users/noguchiatsushi/Documents/GitHub/JASOSR/14Kanagawa/sagamihara_cache/tile_L13_u7260_v3225_63925f5a528b.json,
7261,3225,139.108886718750,35.692994632099,15,0,15,0,/Users/noguchiatsushi/Documents/GitHub/JASOSR/14Kanagawa/sagamihara_cache/tile_L13_u7261_v3225_d84626fa9eb6.json,
7262,3225,139.152832031250,35.692994632099,16,0,16,0,/Users/noguchiatsushi/Documents/GitHub/JASOSR/14Kanagawa/sagamihara_cache/tile_L13_u7262_v3225_9a016bb90110.json,
7263,3225,139.196777343750,35.692994632099,5,0,5,0,/Users/noguchiatsushi/Documents/GitHub/JASOSR/14Kanagawa/sagamihara_cache/tile_L13_u7263_v3225_c88a454ce31d.json,
7264,3225,139.240722656250,35.692994632099,1,0,1,0,/Users/noguchiatsushi/Documents/GitHub/JASOSR/14Kanagawa/sagamihara_cache/tile_L13_u7264_v3225_4298d4675272.json,
7265,3225,139.284667968750,35.692994632099,0,0,0,0,/Users/noguchiatsushi/Documents/GitHub/JASOSR/14Kanagawa/sagamihara_cache/tile_L13_u7265_v3225_b0db4465b155.json,
7266,3225,139.328613281250,35.692994632099,0,0,0,0,/Users/noguchiatsushi/Documents/GitHub/JASOSR/14Kanagawa/sagamihara_cache/tile_L13_u7266_v3225_4c7cb9ba3085.json,
7259,3226,139.020996093750,35.657296248096,0,0,0,0,/Users/noguchiatsushi/Documents/GitHub/JASOSR/14Kanagawa/sagamihara_cache/tile_L13_u7259_v3226_5841fc33e8f3.json,
7259,3227,139.020996093750,35.621581899560,0,0,0,0,/Users/noguchiatsushi/Documents/GitHub/JASOSR/14Kanagawa/sagamihara_cache/tile_L13_u7259_v3227_b642c0f3d6a5.json,
7259,3228,139.020996093750,35.585851593232,0,0,0,0,/Users/noguchiatsushi/Documents/GitHub/JASOSR/14Kanagawa/sagamihara_cache/tile_L13_u7259_v3228_d825ba648043.json,
7259,3229,139.020996093750,35.550105335886,0,0,0,0,/Users/noguchiatsushi/Documents/GitHub/JASOSR/14Kanagawa/sagamihara_cache/tile_L13_u7259_v3229_809aac28c3a1.json,
7270,3228,139.504394531250,35.585851593232,13,0,13,0,/Users/noguchiatsushi/Documents/GitHub/JASOSR/14Kanagawa/sagamihara_cache/tile_L13_u7270_v3228_1cacdd68b59f.json,
7270,3229,139.504394531250,35.550105335886,31,0,31,0,/Users/noguchiatsushi/Documents/GitHub/JASOSR/14Kanagawa/sagamihara_cache/tile_L13_u7270_v3229_7e68cc820251.json,
7270,3230,139.504394531250,35.514343134318,31,0,31,0,/Users/noguchiatsushi/Documents/GitHub/JASOSR/14Kanagawa/sagamihara_cache/tile_L13_u7270_v3230_fa3ea270a2d0.json,
7265,3231,139.284667968750,35.478564995357,1,0,1,0,/Users/noguchiatsushi/Documents/GitHub/JASOSR/14Kanagawa/sagamihara_cache/tile_L13_u7265_v3231_a2793e6404c9.json,
7266,3231,139.328613281250,35.478564995357,22,0,22,0,/Users/noguchiatsushi/Documents/GitHub/JASOSR/14Kanagawa/sagamihara_cache/tile_L13_u7266_v3231_182fba5ff8e0.json,
7267,3231,139.372558593750,35.478564995357,26,0,26,0,/Users/noguchiatsushi/Documents/GitHub/JASOSR/14Kanagawa/sagamihara_cache/tile_L13_u7267_v3231_df5c6078d222.json,
7268,3231,139.416503906250,35.478564995357,45,0,45,0,/Users/noguchiatsushi/Documents/GitHub/JASOSR/14Kanagawa/sagamihara_cache/tile_L13_u7268_v3231_2f95b7ce33cd.json,
