"JASID","LGC","Name","Site_no","SiteName","SiteType","Lat","Lon","P","J","Y","K","N","H","M","E","D","U"
11202002800,11202,"熊谷市",28,"瀬戸山遺跡","集落跡 古墳群 窯跡 墓 遺物包含地",NA,36.10816882,1,0,1,1,1,0,1,0,0,139.3764805
11202006600,11202,"熊谷市",66,"万吉西浦遺跡","集落跡",NA,36.12238147,1,0,1,0,1,0,1,0,0,139.3642472
11202008900,11202,"熊谷市",89,"下原遺跡","集落跡 墓",NA,36.11149783,1,0,1,1,1,1,1,0,0,139.3645113
11202400100,11202,"熊谷市",1,"甲山古墳","集落跡 古墳（円） 円墳",NA,36.07867649,1,0,1,0,0,0,0,0,0,139.4067317
11202401000,11202,"熊谷市",10,"東山遺跡","集落跡 古墳",NA,36.07827024,1,0,1,0,0,0,0,0,0,139.412198
11202401700,11202,"熊谷市",17,"冑山遺跡","集落跡",NA,36.07842259,1,0,0,0,0,0,0,0,0,139.4063547
11202401800,11202,"熊谷市",18,"北廓遺跡","集落跡 包含層",NA,36.08858217,1,1,0,1,1,0,0,0,0,139.413048
11202402300,11202,"熊谷市",23,"西内手遺跡","集落跡",NA,36.11161831,1,1,0,1,1,0,0,0,0,139.3845456
11202402600,11202,"熊谷市",26,"原南遺跡","集落跡 古墳（円） 円墳",NA,36.10948901,1,0,1,1,1,0,0,0,0,139.3791161
11202404500,11202,"熊谷市",45,"賢木岡東遺跡","集落跡 古墳",NA,36.07768625,1,0,1,0,0,0,0,0,0,139.4093392
11202404600,11202,"熊谷市",46,"桜谷遺跡","集落跡",NA,36.07568035,1,0,0,1,1,0,0,0,0,139.4159994
11202404800,11202,"熊谷市",48,"桜谷東遺跡","集落跡 古墳群",NA,36.07923508,1,0,0,1,1,0,0,0,0,139.4143971
11202405100,11202,"熊谷市",51,"大境遺跡","集落跡 古墳",NA,36.07518801,1,1,1,1,1,0,0,0,0,139.4210091
11202405900,11202,"熊谷市",59,"桜谷北遺跡","集落跡 礫群等",NA,36.07768625,1,0,0,0,0,0,0,0,0,139.4146799
11202500100,11202,"熊谷市",1,"姥ヶ沢遺跡","集落跡 古墳（円）",NA,36.1266084,1,1,1,1,1,0,0,0,0,139.3137242
11202500300,11202,"熊谷市",3,"富士山遺跡","集落跡 古墳",NA,36.12655881,1,0,1,0,0,0,0,0,0,139.3175922
11202500800,11202,"熊谷市",8,"権現坂埴輪窯跡群","集落跡 古墳",NA,36.12521984,1,0,1,0,0,0,0,0,0,139.3220128
11202500900,11202,"熊谷市",9,"権現坂遺跡","集落跡",NA,36.12407922,1,0,0,1,1,0,1,0,0,139.3237933
11202501300,11202,"熊谷市",13,"宮下遺跡","集落跡 古墳",NA,36.12497188,1,0,1,1,1,0,0,0,0,139.3272929
11202501400,11202,"熊谷市",14,"天神谷遺跡","集落跡",NA,36.12006443,1,0,0,1,1,0,0,0,0,139.3193145
11202501500,11202,"熊谷市",15,"南方遺跡","集落跡 城館跡",NA,36.12046119,1,0,0,0,0,1,1,0,0,139.3247174
11202501600,11202,"熊谷市",16,"東原遺跡","散布地",NA,36.1219963,1,0,0,0,0,0,0,0,0,139.3291962
11202501700,11202,"熊谷市",17,"寺内（廃寺）","集落跡 寺院跡",NA,36.11545194,1,0,0,1,1,0,0,0,0,139.3145255
11202501800,11202,"熊谷市",18,"西遺跡","集落跡",NA,36.11636354,1,0,0,1,1,0,0,0,0,139.321069
11202501900,11202,"熊谷市",19,"山神東遺跡","集落跡",NA,36.11774586,1,0,0,0,0,0,0,0,0,139.3239414
11202502100,11202,"熊谷市",21,"萩山遺跡","集落跡",NA,36.11907252,1,0,0,0,0,1,1,0,0,139.3315938
11202502200,11202,"熊谷市",22,"上前原遺跡","集落跡 古墳（円）",NA,36.12254183,1,0,1,0,0,0,0,0,0,139.3386513
11202502400,11202,"熊谷市",24,"代遺跡","寺院跡 城館跡",NA,36.11935992,1,0,0,0,0,1,1,0,0,139.3446942
11202502500,11202,"熊谷市",25,"静簡院遺跡","集落跡 古墳（円） 城館跡",NA,36.11817119,1,0,0,1,1,1,1,0,0,139.3508274
11202502600,11202,"熊谷市",26,"合羽山遺跡","集落跡",NA,36.11629323,1,0,0,0,0,1,1,0,0,139.3488725
11202502700,11202,"熊谷市",27,"成沢上原遺跡","集落跡",NA,36.11680541,1,0,1,1,1,0,0,0,0,139.3543673
11202502800,11202,"熊谷市",28,"向原遺跡","集落跡",NA,36.11341859,1,0,1,0,0,0,0,0,0,139.3580655
11202503000,11202,"熊谷市",30,"天神山遺跡","集落跡 古墳群",NA,36.11726112,1,0,1,0,0,0,0,0,0,139.3653563
11202503100,11202,"熊谷市",31,"松原遺跡","集落跡",NA,36.11598068,1,0,0,0,0,0,0,0,0,139.3646694
11202503200,11202,"熊谷市",32,"鹿島遺跡","集落跡 城館跡",NA,36.10749778,1,1,0,1,1,1,1,0,0,139.3613048
11202503300,11202,"熊谷市",33,"八軒遺跡","集落跡 寺院跡",NA,36.10988816,1,0,0,1,1,1,1,0,0,139.3568138
11202503600,11202,"熊谷市",36,"丸山浦遺跡","集落跡",NA,36.1027121,1,0,1,1,1,1,1,0,0,139.3715169
11202503900,11202,"熊谷市",39,"元境内遺跡","集落跡 古墳群 経塚 寺院跡 城館跡",NA,36.10319473,1,0,1,1,1,1,1,0,0,139.361824
11202504000,11202,"熊谷市",40,"諏訪脇遺跡","集落跡 古墳群 寺院跡",NA,36.10362063,1,0,1,1,1,1,1,0,0,139.3578179
11202504100,11202,"熊谷市",41,"野原宮脇遺跡","集落跡 古墳群 寺院跡",NA,36.1046441,1,0,1,1,1,1,1,0,0,139.3546042
11202504200,11202,"熊谷市",42,"野原古墳群","集落跡 古墳群 寺院跡 戦争遺跡掩体壕",NA,36.10749778,1,0,1,0,0,1,1,0,0,139.3613048
11202504500,11202,"熊谷市",45,"本田・東台遺跡","集落跡 御嶽塚",NA,36.1057732,1,0,1,1,1,0,1,0,0,139.345484
11202504600,11202,"熊谷市",46,"小江川下原遺跡","集落跡",NA,36.10749751,1,0,1,1,1,0,0,0,0,139.3325702
11202504900,11202,"熊谷市",49,"山ノ神遺跡","集落跡",NA,36.10955034,1,0,0,1,1,0,0,0,0,139.3216802
11202505100,11202,"熊谷市",51,"板井中島遺跡","集落跡 城館跡 参道",NA,36.11404317,1,0,0,1,1,1,1,0,0,139.3181356
11202505200,11202,"熊谷市",52,"天神（伊勢）遺跡","集落跡",NA,36.11266078,1,0,0,1,1,1,1,0,0,139.3100686
11202505300,11202,"熊谷市",53,"桜山遺跡","集落跡 古墳",NA,36.11009344,1,0,1,1,1,1,1,0,0,139.3075018
11202505400,11202,"熊谷市",54,"立野遺跡","集落跡 古墳群",NA,36.10801975,1,0,1,1,1,0,0,0,0,139.3078685
11202506000,11202,"熊谷市",60,"塩西遺跡","集落跡 古墳群 城館跡",NA,36.10399585,1,0,1,1,1,1,1,0,0,139.3201129
11202506100,11202,"熊谷市",61,"塩古墳群","集落跡 古墳（方） 前方後方墳",NA,36.10058879,1,0,1,0,0,0,0,0,0,139.3161406
11202506200,11202,"熊谷市",62,"塩新田遺跡","集落跡 古墳",NA,36.09821857,1,0,1,0,0,0,0,0,0,139.3155294
11202506400,11202,"熊谷市",64,"塩丸山遺跡","集落跡 古墳",NA,36.10047805,1,0,1,1,1,1,1,0,0,139.3226848
11202506600,11202,"熊谷市",66,"神田遺跡","集落跡",NA,36.09599549,1,0,1,0,0,0,0,0,0,139.3235302
11202506700,11202,"熊谷市",67,"船川遺跡","集落跡",NA,36.10359435,1,0,1,0,0,0,0,0,0,139.3271229
11202506800,11202,"熊谷市",68,"新山遺跡","集落跡 古墳群 塚",NA,36.1011184,1,0,1,0,0,0,1,0,0,139.3271229
11202507200,11202,"熊谷市",72,"漆畑遺跡","集落跡 古墳",NA,36.10141172,1,0,1,0,0,0,0,0,0,139.3402834
11202507300,11202,"熊谷市",73,"石橋山遺跡","集落跡 古墳群",NA,36.1002591,1,0,1,0,0,0,0,0,0,139.3435063
11202507800,11202,"熊谷市",78,"唐人山遺跡","集落跡 古墳",NA,36.08954318,1,0,1,0,0,0,0,0,0,139.3383813
11202507900,11202,"熊谷市",79,"小堤遺跡","集落跡",NA,36.09214758,1,0,0,0,0,0,0,0,0,139.333045
11202508400,11202,"熊谷市",84,"北方遺跡","墓",NA,36.12288898,1,0,1,0,0,0,0,0,0,139.3200481
11202508500,11202,"熊谷市",85,"千代西原遺跡","集落跡",NA,36.12398003,1,0,0,1,1,1,1,0,0,139.3151364
11207003500,11207,"秩父市",35,"柳田遺跡Ⅰ","集落跡",36.01082284,139.0846117,1,0,1,0,0,0,0,0,0,0
11207008000,11207,"秩父市",80,"橋立岩陰遺跡","その他",35.95734,139.057861,1,1,1,1,0,0,0,0,0,0
11209000100,11209,"飯能市",1,"甲館出遺跡","旧石器 集落跡",35.796041,139.4457242,1,1,0,0,0,1,0,0,0,0
11209000100,11209,"飯能市",1,"甲館出遺跡","旧石器 集落跡",35.796041,139.4457242,1,1,0,0,0,1,0,0,0,0
11209000400,11209,"飯能市",4,"所沢市No.4遺跡","集落跡",35.80917621,139.534067,1,1,1,0,0,0,0,0,0,0
11209000400,11209,"飯能市",4,"所沢市No.4遺跡","集落跡",35.80917621,139.534067,1,1,1,0,0,0,0,0,0,0
11209000700,11209,"飯能市",7,"所沢市No.7遺跡","集落跡",35.7929779,139.4850915,1,1,0,0,0,0,0,0,0,0
11209000700,11209,"飯能市",7,"所沢市No.7遺跡","集落跡",35.7929779,139.4850915,1,1,0,0,0,0,1,0,0,0
11209001000,11209,"飯能市",10,"本郷東上遺跡","集落跡",35.78421615,139.4444639,1,1,0,0,0,0,0,0,0,0
11209001000,11209,"飯能市",10,"本郷東上遺跡","集落跡",35.78421615,139.4444639,1,1,0,0,0,0,0,0,0,0
11209001300,11209,"飯能市",13,"和田遺跡","旧石器 集落跡 散布地",35.78734561,139.4091627,1,1,0,0,0,0,0,0,0,0
11209001300,11209,"飯能市",13,"和田遺跡","旧石器 集落跡 散布地",35.78734561,139.4091627,1,1,0,0,0,0,1,0,0,0
11209001500,11209,"飯能市",15,"所沢市No.15遺跡","散布地",35.78070623,139.4786159,1,1,0,0,0,0,0,0,0,0
11209001500,11209,"飯能市",15,"所沢市No.15遺跡","散布地",35.78070623,139.4786159,1,1,0,0,0,0,0,0,0,0
11209001800,11209,"飯能市",18,"下安松遺跡","集落跡",35.80417455,139.5070262,1,1,0,0,0,0,0,0,0,0
11209001800,11209,"飯能市",18,"下安松遺跡","集落跡",35.80417455,139.5070262,1,1,0,0,0,0,0,0,0,0
11209001900,11209,"飯能市",19,"小岩井渡場遺跡","集落跡",35.86345698,139.2717935,1,1,0,0,0,0,0,0,0,0
11209001900,11209,"飯能市",19,"小岩井渡場遺跡","集落跡",35.86345698,139.2717935,1,1,0,0,0,0,0,0,0,0
11209002100,11209,"飯能市",21,"所沢市No.21遺跡","集落跡",35.7989663,139.4012076,1,1,0,0,0,0,0,0,0,0
11209002100,11209,"飯能市",21,"所沢市No.21遺跡","集落跡",35.7989663,139.4012076,1,1,0,0,0,0,0,0,0,0
11209002400,11209,"飯能市",24,"山下後遺跡","集落跡 古墳",35.79290019,139.3963774,1,1,0,1,0,0,0,0,0,0
11209002400,11209,"飯能市",24,"山下後遺跡","集落跡 古墳",35.79290019,139.3963774,1,1,0,1,0,0,0,0,0,0
11209002500,11209,"飯能市",25,"境窪遺跡","旧石器 集落跡",35.78963723,139.3965093,1,1,0,0,0,0,0,0,0,0
11209002500,11209,"飯能市",25,"境窪遺跡","旧石器 集落跡",35.78963723,139.3965093,1,1,0,0,0,0,0,0,0,0
11209002600,11209,"飯能市",26,"膳棚遺跡","旧石器 集落跡",35.79199329,139.3938907,1,1,0,1,0,0,0,0,0,0
11209002600,11209,"飯能市",26,"膳棚遺跡","旧石器 集落跡",35.79199329,139.3938907,1,1,0,1,0,0,0,0,0,0
11209002700,11209,"飯能市",27,"曽根遺跡","旧石器 集落跡",35.84311208,139.3210099,1,1,0,0,0,0,0,0,0,0
11209002700,11209,"飯能市",27,"曽根遺跡","旧石器 集落跡",35.84311208,139.3210099,1,1,0,0,0,0,0,0,0,0
11209002800,11209,"飯能市",28,"吉野遺跡","集落跡",35.78641093,139.386568,1,1,1,1,0,0,0,0,0,0
11209002800,11209,"飯能市",28,"吉野遺跡","集落跡",35.78641093,139.386568,1,1,1,1,0,0,0,0,0,0
11209003000,11209,"飯能市",30,"尾根遺跡","旧石器 集落跡",35.83529131,139.3084099,1,1,0,0,0,0,0,0,0,0
11209003000,11209,"飯能市",30,"尾根遺跡","旧石器 集落跡",35.83529131,139.3084099,1,1,0,0,0,0,0,0,0,0
11209003100,11209,"飯能市",31,"高峰遺跡","集落跡",35.78936604,139.4071757,1,1,0,1,0,0,0,0,0,0
11209003100,11209,"飯能市",31,"高峰遺跡","集落跡",35.78936604,139.4071757,1,1,0,1,0,0,0,0,0,0
11209003100,11209,"飯能市",31,"三ツ沢遺跡","集落跡",35.83382574,139.3118125,1,1,0,0,0,0,0,0,0,0
11209003100,11209,"飯能市",31,"三ツ沢遺跡","集落跡",35.83382574,139.3118125,1,1,0,0,0,0,0,0,0,0
11209003200,11209,"飯能市",32,"宮前遺跡","集落跡",35.79205773,139.4057321,1,1,1,1,0,0,0,0,0,0
11209003200,11209,"飯能市",32,"宮前遺跡","集落跡",35.79205773,139.4057321,1,1,1,1,0,0,0,0,0,0
11209003300,11209,"飯能市",33,"道間遺跡","集落跡",35.8348079,139.3195757,1,1,0,1,0,1,1,0,0,0
11209003300,11209,"飯能市",33,"道間遺跡","集落跡",35.8348079,139.3195757,1,1,0,1,0,1,0,0,0,0
11209003400,11209,"飯能市",34,"マグサビ遺跡","散布地",35.84022029,139.3148389,1,1,0,0,0,0,1,0,0,0
11209003400,11209,"飯能市",34,"マグサビ遺跡","散布地",35.84022029,139.3148389,1,1,0,0,0,0,0,0,0,0
11209004100,11209,"飯能市",41,"日向遺跡","集落跡",35.7870967,139.4147931,1,1,1,1,1,1,0,0,0,0
11209004100,11209,"飯能市",41,"日向遺跡","集落跡",35.7870967,139.4147931,1,1,1,1,1,1,0,0,0,0
11209004300,11209,"飯能市",43,"砂川遺跡","旧石器 散布地",35.79544285,139.4285968,1,1,0,1,1,1,0,0,0,0
11209004300,11209,"飯能市",43,"砂川遺跡","旧石器 散布地",35.79544285,139.4285968,1,1,0,1,1,1,0,0,0,0
11209004400,11209,"飯能市",44,"白旗塚遺跡","集落跡",35.79733944,139.4242686,1,1,0,0,0,0,0,0,0,0
11209004400,11209,"飯能市",44,"白旗塚遺跡","集落跡",35.79733944,139.4242686,1,1,0,0,0,0,1,0,0,0
11209004600,11209,"飯能市",46,"白旗塚遺跡","旧石器",35.80055742,139.4252506,1,0,0,0,0,0,0,0,0,0
11209004600,11209,"飯能市",46,"白旗塚遺跡","旧石器",35.80055742,139.4252506,1,0,0,0,0,0,1,0,0,0
11209005000,11209,"飯能市",50,"石塚遺跡","集落跡",35.77206381,139.4304191,1,1,0,0,0,0,0,0,0,0
11209005300,11209,"飯能市",53,"","旧石器 散布地",35.78666171,139.4256206,1,1,0,0,0,0,0,0,0,0
11209005300,11209,"飯能市",53,"","旧石器 散布地",35.78666171,139.4256206,1,1,0,0,0,0,0,0,0,0
11209007100,11209,"飯能市",71,"膳棚東遺跡","旧石器 古墳",35.80370301,139.5157141,1,1,0,1,0,0,0,0,0,0
11209007100,11209,"飯能市",71,"膳棚東遺跡","旧石器 古墳",35.80370301,139.5157141,1,1,0,1,0,0,0,0,0,0
11209007200,11209,"飯能市",72,"所沢市No.72遺跡","散布地",35.80514336,139.5169668,1,1,0,0,0,0,0,0,0,0
11209007200,11209,"飯能市",72,"所沢市No.72遺跡","散布地",35.80514336,139.5169668,1,1,0,0,0,0,0,0,0,0
11209007300,11209,"飯能市",73,"武野原遺跡","散布地",35.78465301,139.50636,1,1,0,1,0,0,0,0,0,0
11209007300,11209,"飯能市",73,"武野原遺跡","散布地",35.78465301,139.50636,1,1,0,1,0,0,0,0,0,0
11209007400,11209,"飯能市",74,"上ノ原遺跡","旧石器 散布地",35.86571642,139.3720707,1,0,0,0,0,0,0,0,0,0
11209007400,11209,"飯能市",74,"上ノ原遺跡","旧石器 散布地",35.86571642,139.3720707,1,0,0,0,0,0,0,0,0,0
11209007600,11209,"飯能市",76,"程久保遺跡","散布地",35.79228712,139.482529,1,1,0,0,0,0,0,0,0,0
11209007600,11209,"飯能市",76,"程久保遺跡","散布地",35.79228712,139.482529,1,1,0,0,0,0,0,0,0,0
11209008400,11209,"飯能市",84,"尾渕遺跡","集落跡",35.86137563,139.336223,1,1,0,0,1,1,0,0,0,0
11209009000,11209,"飯能市",90,"市No.90遺跡","旧石器 散布地",35.87526405,139.3602138,1,0,0,0,0,0,0,0,0,0
11209009000,11209,"飯能市",90,"市No.90遺跡","旧石器 散布地",35.87526405,139.3602138,1,0,0,0,0,0,0,0,0,0
11209009000,11209,"飯能市",90,"市No.90遺跡","旧石器 散布地",35.87526405,139.3602138,1,0,0,0,0,0,0,0,0,0
11209009100,11209,"飯能市",91,"所沢市No.81遺跡","散布地",35.79833675,139.4825568,1,1,0,0,0,0,0,0,0,0
11209009100,11209,"飯能市",91,"所沢市No.81遺跡","散布地",35.79833675,139.4825568,1,1,0,0,0,0,0,0,0,0
11209009100,11209,"飯能市",91,"所沢市No.81遺跡","散布地",35.79833675,139.4825568,1,1,0,0,0,0,1,0,0,0
11209009800,11209,"飯能市",98,"所沢市No.98遺跡","旧石器 散布地",35.78019635,139.4355241,1,0,0,0,0,0,0,0,0,0
11209009800,11209,"飯能市",98,"所沢市No.98遺跡","旧石器 散布地",35.78019635,139.4355241,1,0,0,0,0,0,0,0,0,0
11209009800,11209,"飯能市",98,"所沢市No.98遺跡","旧石器 散布地",35.78019635,139.4355241,1,0,0,0,0,0,0,0,0,0
11209009900,11209,"飯能市",99,"所沢市No.99遺跡","旧石器 散布地",35.79755591,139.4124834,1,0,0,0,0,0,0,0,0,0
11209009900,11209,"飯能市",99,"所沢市No.99遺跡","旧石器 散布地",35.79755591,139.4124834,1,0,0,0,0,0,0,0,0,0
11209009900,11209,"飯能市",99,"所沢市No.99遺跡","旧石器 散布地",35.79755591,139.4124834,1,0,0,0,0,0,0,0,0,0
11209010000,11209,"飯能市",100,"所沢市No.100遺跡","旧石器",35.80300126,139.4287721,1,0,0,0,0,0,0,0,0,0
11209010100,11209,"飯能市",101,"所沢市No.101遺跡","集落跡",35.77985467,139.407041,1,1,0,0,1,1,0,0,0,0
11209010100,11209,"飯能市",101,"所沢市No.101遺跡","集落跡",35.77985467,139.407041,1,1,0,0,1,1,0,0,0,0
11209011200,11209,"飯能市",112,"上新井台遺跡","旧石器",35.78879218,139.3945904,1,1,0,0,0,0,0,0,0,0
11209011200,11209,"飯能市",112,"上新井台遺跡","旧石器",35.78879218,139.3945904,1,1,0,0,0,0,0,0,0,0
11209011600,11209,"飯能市",116,"海谷遺跡","集落跡 古墳",35.78620387,139.4048871,1,1,0,1,0,0,0,0,0,0
11209011600,11209,"飯能市",116,"海谷遺跡","集落跡 古墳",35.78620387,139.4048871,1,1,0,1,0,0,0,0,0,0
11209012100,11209,"飯能市",121,"野中遺跡","散布地",35.79496696,139.4216445,1,1,0,1,0,0,0,0,0,0
11209012100,11209,"飯能市",121,"野中遺跡","散布地",35.79496696,139.4216445,1,1,0,1,0,0,0,0,0,0
11209012200,11209,"飯能市",122,"中砂遺跡","散布地",35.77807682,139.4353286,1,1,0,0,0,0,0,0,0,0
11209012200,11209,"飯能市",122,"中砂遺跡","散布地",35.77807682,139.4353286,1,1,0,0,0,0,0,0,0,0
11209012800,11209,"飯能市",128,"後内手遺跡","集落跡",35.79066947,139.4235614,1,1,0,1,0,0,0,0,0,0
11209012800,11209,"飯能市",128,"後内手遺跡","集落跡",35.79066947,139.4235614,1,1,0,1,0,0,0,0,0,0
11209014300,11209,"飯能市",143,"所沢市No.143遺跡","散布地",35.78495774,139.4965223,1,1,1,0,0,0,0,0,0,0
11209014300,11209,"飯能市",143,"所沢市No.143遺跡","散布地",35.78495774,139.4965223,1,1,1,0,0,0,0,0,0,0
11209015300,11209,"飯能市",153,"所沢市No.153遺跡","散布地",35.7897587,139.5096151,1,0,0,0,0,0,0,0,0,0
11209015300,11209,"飯能市",153,"所沢市No.153遺跡","散布地",35.7897587,139.5096151,1,0,0,0,0,0,0,0,0,0
11209015700,11209,"飯能市",157,"城西ノ上遺跡","旧石器",35.80790145,139.5261042,1,1,0,0,0,0,0,0,0,0
11209015700,11209,"飯能市",157,"城西ノ上遺跡","旧石器",35.80790145,139.5261042,1,1,0,0,0,0,0,0,0,0
11209016000,11209,"飯能市",160,"駿河台遺跡","散布地",35.79738116,139.5253803,1,1,0,0,0,1,0,0,0,0
11209016000,11209,"飯能市",160,"駿河台遺跡","散布地",35.79738116,139.5253803,1,1,0,0,0,1,0,0,0,0
11209016100,11209,"飯能市",161,"ハケ遺跡","集落跡",35.80143852,139.5320532,1,1,0,0,0,0,0,0,0,0
11209016100,11209,"飯能市",161,"ハケ遺跡","集落跡",35.80143852,139.5320532,1,1,0,0,0,0,0,0,0,0
11215007000,11215,"狭山市",70,"東久保遺跡","集落跡",35.8658041,139.3778318,1,0,0,0,0,0,0,0,0,0
11215007800,11215,"狭山市",78,"下双木遺跡","集落跡",35.87993713,139.3967765,1,0,0,0,0,0,0,0,0,0
11218601200,11218,"深谷市",12,"","集落跡",NA,36.12303425,1,0,0,0,0,0,0,0,0,139.2228889
11218601300,11218,"深谷市",13,"橋屋遺跡","集落跡",NA,36.12101428,1,0,0,0,0,0,0,0,0,139.2231617
11218602000,11218,"深谷市",20,"","",NA,36.12086737,1,0,0,0,0,0,0,0,0,139.2265262
11218603700,11218,"深谷市",37,"上南原遺跡","集落跡",NA,36.12586652,1,0,0,0,0,0,0,0,0,139.2466976
11218603800,11218,"深谷市",38,"","集落跡",NA,36.12785498,1,0,0,0,0,0,0,0,0,139.2543105
11218603900,11218,"深谷市",39,"宮台遺跡I","集落跡",NA,36.13020007,1,0,0,0,0,0,0,0,0,139.2555952
11218604000,11218,"深谷市",40,"宮台遺跡II","集落跡",NA,36.13020007,1,0,0,0,0,0,0,0,0,139.2529121
11218604200,11218,"深谷市",42,"","散布地",NA,36.13461819,1,0,1,0,0,0,0,0,0,139.2444796
11218604300,11218,"深谷市",43,"西上遺跡","集落跡",NA,36.13615844,1,0,0,0,0,0,0,0,0,139.2474137
11218604400,11218,"深谷市",44,"東大塚遺跡","集落跡",NA,36.13855763,1,0,1,1,1,0,0,0,0,139.2420223
11218604600,11218,"深谷市",46,"宮林遺跡","集落跡",NA,36.13944619,1,0,1,1,1,0,0,0,0,139.2515947
11218604700,11218,"深谷市",47,"飯塚氏館跡","その他",NA,36.14065882,1,0,1,0,0,1,0,0,0,139.2014274
11218604900,11218,"深谷市",49,"台耕地遺跡","散布地",NA,36.12470871,1,0,0,0,0,0,0,0,0,139.2494458
11218606400,11218,"深谷市",64,"","散布地",NA,36.14293438,1,0,1,0,0,0,0,0,0,139.2111821
11218606800,11218,"深谷市",68,"","散布地",NA,36.14857336,1,0,1,0,0,0,0,0,0,139.2182894
11218606900,11218,"深谷市",69,"","散布地",NA,36.14678231,1,0,1,0,0,0,0,0,0,139.2213392
11218607100,11218,"深谷市",71,"","集落跡",NA,36.1406203,1,1,1,0,0,0,0,0,0,139.2161828
11218607200,11218,"深谷市",72,"","散布地",NA,36.14230931,1,0,1,0,0,0,1,0,0,139.2209569
11218607300,11218,"深谷市",73,"","散布地",NA,36.14048978,1,0,0,0,0,0,0,0,0,139.2232384
11218607400,11218,"深谷市",74,"","散布地",NA,36.13949838,1,0,1,0,0,0,0,0,0,139.2247843
11218607600,11218,"深谷市",76,"","散布地",NA,36.13604676,1,0,1,0,0,0,1,0,0,139.2191009
11218607700,11218,"深谷市",77,"","散布地",NA,36.13487171,1,0,1,0,0,0,1,0,0,139.2197374
11218608000,11218,"深谷市",80,"","散布地",NA,36.13188206,1,0,1,0,0,0,0,0,0,139.2273992
11218608100,11218,"深谷市",81,"","散布地",NA,36.13268995,1,0,1,0,0,0,0,0,0,139.2309456
11218608500,11218,"深谷市",85,"","散布地",NA,36.12126104,1,0,1,0,0,0,0,0,0,139.2315065
11218608600,11218,"深谷市",86,"","散布地",NA,36.12419916,1,0,0,0,0,0,0,0,0,139.2323704
11218608800,11218,"深谷市",88,"","散布地",NA,36.12262751,1,0,0,0,0,0,0,0,0,139.2350887
11218608900,11218,"深谷市",89,"","散布地",NA,36.12306065,1,0,0,0,0,0,0,0,0,139.2379628
11218609000,11218,"深谷市",90,"","散布地",NA,36.12350055,1,0,0,0,0,0,0,0,0,139.2404926
11218609100,11218,"深谷市",91,"","散布地",NA,36.12421567,1,0,0,0,0,0,0,0,0,139.2430459
11218609200,11218,"深谷市",92,"","古墳 散布地",NA,36.12006232,1,0,1,0,0,0,0,0,0,139.2443923
11218609300,11218,"深谷市",93,"","散布地",NA,36.12211609,1,0,0,0,0,0,1,0,0,139.222025
11218609900,11218,"深谷市",99,"","散布地",NA,36.14683563,1,0,1,0,0,0,0,0,0,139.2326009
11218610000,11218,"深谷市",100,"","その他",NA,36.14496333,1,0,1,0,0,0,0,0,0,139.238461
11218610100,11218,"深谷市",101,"","散布地",NA,36.14562994,1,0,1,0,0,0,0,0,0,139.2358917
11218610200,11218,"深谷市",102,"","散布地",NA,36.13720659,1,0,0,0,0,0,1,0,0,139.2295361
11218610300,11218,"深谷市",103,"","散布地",NA,36.13955662,1,0,1,0,0,0,0,0,0,139.2282176
11218610400,11218,"深谷市",104,"","散布地",NA,36.13882224,1,0,1,1,1,0,1,0,0,139.2300363
11218610500,11218,"深谷市",105,"","散布地",NA,36.13838161,1,0,1,1,1,0,0,0,0,139.2323551
11218610600,11218,"深谷市",106,"","集落跡",NA,36.13740652,1,0,0,0,0,0,0,0,0,139.2376869
11218610800,11218,"深谷市",108,"","集落跡",NA,36.14072384,1,0,1,1,1,0,1,0,0,139.2401808
11218610900,11218,"深谷市",109,"","散布地",NA,36.13063287,1,0,0,1,1,0,0,0,0,139.2426805
11218611000,11218,"深谷市",110,"","散布地",NA,36.13321386,1,0,1,0,0,0,0,0,0,139.2431971
11218611100,11218,"深谷市",111,"","散布地",NA,36.13410249,1,0,0,0,0,0,0,0,0,139.2413266
11218611200,11218,"深谷市",112,"","散布地",NA,36.13225735,1,0,0,0,0,0,0,0,0,139.2507738
11218611300,11218,"深谷市",113,"","集落跡",NA,36.13989047,1,0,0,0,0,0,0,0,0,139.2470836
11218611400,11218,"深谷市",114,"","散布地",NA,36.1459209,1,0,0,0,0,0,0,0,0,139.2431117
11218611500,11218,"深谷市",115,"","散布地",NA,36.14569416,1,0,1,0,0,0,0,0,0,139.246918
11218611600,11218,"深谷市",116,"","散布地",NA,36.14367116,1,0,1,0,0,0,0,0,0,139.2455658
11218611700,11218,"深谷市",117,"","散布地",NA,36.1396436,1,0,0,0,0,0,0,0,0,139.2612564
11218611800,11218,"深谷市",118,"","散布地",NA,36.1396436,1,0,1,0,0,0,0,0,0,139.2612564
11218611900,11218,"深谷市",119,"","散布地",NA,36.1396436,1,0,1,0,0,0,0,0,0,139.2612564
11218612000,11218,"深谷市",120,"","散布地",NA,36.13712399,1,0,1,0,0,0,0,0,0,139.2612876
11218612100,11218,"深谷市",121,"","散布地",NA,36.13615844,1,0,0,0,0,0,0,0,0,139.2543454
11218612200,11218,"深谷市",122,"","散布地",NA,36.1288725,1,0,0,0,0,0,0,0,0,139.2440367
11218612300,11218,"深谷市",123,"上南原下遺跡","その他",NA,36.12888518,1,0,0,0,0,0,0,0,0,139.2488268
11218612400,11218,"深谷市",124,"下南原遺跡","集落跡",NA,36.13197755,1,0,0,0,0,0,0,0,0,139.253437
11218612600,11218,"深谷市",126,"","集落跡",NA,36.12485765,1,0,0,0,0,0,0,0,0,139.2535861
11218612700,11218,"深谷市",127,"","散布地",NA,36.13468405,1,0,0,0,0,0,0,0,0,139.2611425
11218612900,11218,"深谷市",129,"","散布地",NA,36.12731103,1,0,1,0,0,0,1,0,0,139.225714
11218613000,11218,"深谷市",130,"","散布地",NA,36.12793534,1,0,1,0,0,0,1,0,0,139.2177573
11218613100,11218,"深谷市",131,"","散布地",NA,36.12966135,1,0,1,0,0,0,1,0,0,139.2177573
11218713800,11218,"深谷市",138,"宮入遺跡","集落跡",36.10774178,139.274128,1,1,0,0,0,0,1,0,0,0
11225000200,11225,"入間市",2,"中桂遺跡","旧石器",35.7948107,139.3360532,1,0,0,0,0,0,0,0,0,0
11225000400,11225,"入間市",4,"南内野遺跡","旧石器",35.80904695,139.3343222,1,0,0,0,0,0,0,0,0,0
11225001300,11225,"入間市",13,"坂東山遺跡","集落跡",35.8302601,139.3760702,1,1,0,0,1,1,1,0,0,0
11225003800,11225,"入間市",38,"狭山際遺跡","集落跡",35.78671163,139.3748916,1,1,0,0,0,0,0,0,0,0
11225006200,11225,"入間市",62,"東武蔵野遺跡","旧石器",35.80706436,139.3399316,1,0,0,0,0,0,0,0,0,0
11225006300,11225,"入間市",63,"西武蔵野遺跡","旧石器",35.80157956,139.3314068,1,0,0,0,0,0,0,0,0,0
11225007200,11225,"入間市",72,"十文字原遺跡","その他",35.8169054,139.3667574,1,0,0,0,0,0,0,0,0,0
11227000100,11227,"朝霞市",1,"大山第一遺跡","集落跡",35.83010782,139.5865562,1,1,1,1,0,0,0,0,0,0
11227000300,11227,"朝霞市",3,"大瀬戸遺跡","集落跡",35.82788998,139.5884664,1,1,0,1,0,0,0,0,0,0
11227001100,11227,"朝霞市",11,"八ケタ・中通遺跡","集落跡 その他",35.82654238,139.5912406,1,1,1,1,1,1,1,1,0,0
11227001300,11227,"朝霞市",13,"人部・峡遺跡","集落跡 古墳",35.82166711,139.5965927,1,1,1,1,1,1,1,1,0,0
11227001400,11227,"朝霞市",14,"中道・中道下遺跡","集落跡",35.81896655,139.5959633,1,1,1,1,1,1,1,1,0,0
11227002000,11227,"朝霞市",20,"泉水山・富士谷遺跡","集落跡",35.80726827,139.5810267,1,1,1,1,1,1,1,1,0,0
11227002800,11227,"朝霞市",28,"蛇窪遺跡","旧石器 集落跡",35.78864434,139.5847534,1,1,0,0,0,0,0,0,0,0
11227003000,11227,"朝霞市",30,"上の原第一遺跡","旧石器",35.79142925,139.5852493,1,0,0,0,0,0,0,0,0,0
11227005400,11227,"朝霞市",54,"宮台・宮原遺跡","集落跡",35.80690327,139.6050489,1,1,1,1,1,1,1,1,0,0
11227005500,11227,"朝霞市",55,"宮台遺跡","集落跡 古墳",35.80965344,139.6054942,1,1,1,1,1,1,1,1,0,0
11228000200,11228,"志木市",2,"中野遺跡","旧石器 集落跡 墓",35.83347096,139.5731115,1,1,1,1,0,1,1,1,0,0
11228000300,11228,"志木市",3,"城山遺跡","旧石器 貝塚 集落跡 城跡",35.83232667,139.569602,1,1,1,1,1,1,1,1,0,0
11228000500,11228,"志木市",5,"中道遺跡","旧石器 集落跡 墓",35.82948133,139.5689154,1,1,1,1,1,1,1,1,0,0
11228000700,11228,"志木市",7,"西原大塚遺跡","旧石器 集落跡 墓",35.82443988,139.565711,1,1,1,1,1,1,1,1,0,0
11229000400,11229,"和光市",4,"四ツ木遺跡","集落跡",35.79398121,139.6222991,1,1,1,1,0,1,0,0,0,0
11229000500,11229,"和光市",5,"午王山遺跡","集落跡",35.79581211,139.6268027,1,1,1,1,1,1,1,0,0,0
11229001100,11229,"和光市",11,"柿ノ木坂遺跡","集落跡　散布地",35.79194066,139.6156205,1,1,0,1,0,0,0,0,0,0
11229001500,11229,"和光市",15,"吹上原遺跡","集落跡　古墳",35.78952881,139.6303755,1,1,1,1,0,0,0,1,0,0
11229001700,11229,"和光市",17,"市場峡・市場上遺跡","集落跡　貝塚　横穴",35.77450593,139.6090666,1,1,0,1,0,1,0,0,0,0
11229001800,11229,"和光市",18,"城山南遺跡","集落跡　散布地",35.78307292,139.6228733,1,1,0,0,0,0,0,0,0,0
11229002500,11229,"和光市",25,"水久保遺跡","集落跡",35.79064713,139.6160701,1,1,0,0,1,1,0,0,0,0
11229003500,11229,"和光市",35,"峯遺跡","集落跡",35.77450593,139.6090666,1,1,1,1,0,1,0,0,0,0
11229003600,11229,"和光市",36,"仏ノ木遺跡","集落跡",35.79173739,139.6231785,1,1,0,1,0,1,1,1,0,0
11229004100,11229,"和光市",41,"越後山遺跡","集落跡",35.77210995,139.6153071,1,1,1,1,0,0,0,0,0,0
11230000901,11230,"新座市",9,"市場坂遺跡","旧石器",35.78320582,139.5805707,1,1,0,0,0,0,0,0,0,0
11230000902,11230,"新座市",9,"市場坂遺跡","旧石器",35.78087321,139.5792404,1,1,0,0,0,0,0,0,0,0
11230000903,11230,"新座市",9,"市場坂遺跡","旧石器",35.77857536,139.5784679,1,1,0,0,0,0,0,0,0,0
11230001100,11230,"新座市",11,"","旧石器",35.78142735,139.5657895,1,0,0,0,0,0,0,0,0,0
11230001200,11230,"新座市",12,"澤遺跡","旧石器",35.77396211,139.5743623,1,0,0,0,0,0,0,0,0,0
11230002200,11230,"新座市",22,"栗原遺跡","旧石器 集落跡",35.76445524,139.550917,1,1,0,0,0,0,0,0,0,0
11230003300,11230,"新座市",33,"一両山遺跡","旧石器 その他",35.75739725,139.5459694,1,1,0,0,0,0,0,0,0,0
11230006200,11230,"新座市",62,"","散布地",35.78768816,139.5761341,1,1,1,0,0,1,0,0,0,0
11230006800,11230,"新座市",68,"","",35.78060443,139.5745044,1,1,0,0,0,0,0,0,0,0
11230009400,11230,"新座市",94,"","散布地",35.76676062,139.5588775,1,1,0,1,0,1,0,0,0,0
11230009800,11230,"新座市",98,"","散布地",35.76181462,139.5471414,1,1,0,0,0,0,0,0,0,0
11235000200,11235,"富士見市",2,"中沢遺跡","集落跡",35.85970419,139.5232095,1,1,0,0,1,1,1,1,0,0
11235000600,11235,"富士見市",6,"外記塚遺跡","集落跡",35.86105558,139.5264122,1,0,0,0,1,1,1,1,0,0
11235000700,11235,"富士見市",7,"市街道遺跡","散布地",35.86417266,139.5276329,1,1,0,0,0,0,0,0,0,0
11235001400,11235,"富士見市",14,"西渡戸遺跡","散布地",35.85575945,139.5325387,1,1,0,0,0,0,0,0,0,0
11235001700,11235,"富士見市",17,"羽沢遺跡","集落跡 その他",35.85792323,139.5392965,1,1,0,0,0,0,1,1,0,0
11235001800,11235,"富士見市",18,"上沢遺跡","集落跡 その他",35.85229613,139.5309042,1,1,0,0,0,0,1,0,0,0
11235001900,11235,"富士見市",19,"浅間後遺跡塚","その他",35.84515346,139.5307135,1,1,0,1,0,0,0,0,0,0
11235002100,11235,"富士見市",21,"山室遺跡","貝塚 集落跡 その他",35.85650103,139.5439505,1,1,0,0,0,1,1,1,0,0
11235002600,11235,"富士見市",26,"黒貝戸遺跡","貝塚 集落跡 その他",35.85222503,139.5486229,1,1,0,1,1,1,1,1,0,0
11235002800,11235,"富士見市",28,"宿（多門氏館跡）遺跡","集落跡 城跡 その他",35.85278157,139.5517128,1,1,0,0,0,1,1,1,0,0
11235003000,11235,"富士見市",30,"谷津遺跡","集落跡 その他",35.85046809,139.5425496,1,1,0,0,1,1,0,0,0,0
11235003300,11235,"富士見市",33,"八ケ上遺跡","貝塚 集落跡 その他",35.84221203,139.5442662,1,1,0,0,0,0,0,0,0,0
11235003400,11235,"富士見市",34,"本目遺跡","集落跡 その他",35.8399546,139.5395741,1,1,0,1,0,1,0,0,0,0
11235003700,11235,"富士見市",37,"新開遺跡","集落跡 窯跡 その他",35.83244073,139.5465976,1,1,0,0,0,1,0,0,0,0
11235003800,11235,"富士見市",38,"松ノ木遺跡","集落跡 その他",35.83711057,139.5480472,1,1,0,0,0,1,1,1,0,0
11235003900,11235,"富士見市",39,"打越遺跡","貝塚 集落跡 城跡",35.84456215,139.5513615,1,1,1,1,1,0,1,0,0,0
11235004100,11235,"富士見市",41,"氷川前遺跡","貝塚 集落跡 古墳 その他",35.84653252,139.5588217,1,1,1,1,0,1,0,0,0,0
11235004200,11235,"富士見市",42,"水子貝塚","貝塚 集落跡",35.84526472,139.5609198,1,1,1,1,0,1,1,1,0,0
11235004400,11235,"富士見市",44,"観音前遺跡","集落跡 墓 その他",35.84374953,139.5685873,1,1,1,1,0,1,1,1,0,0
11235004900,11235,"富士見市",49,"栗谷ツ遺跡","集落跡 窯跡 その他",35.83614773,139.5551403,1,1,1,0,0,1,1,0,0,0
11235005100,11235,"富士見市",51,"北通遺跡","貝塚 集落跡 古墳 墓",35.83324067,139.5541485,1,1,1,1,1,1,1,0,0,0
11235005600,11235,"富士見市",56,"貝塚山遺跡","貝塚 集落跡 古墳",35.86184269,139.5414074,1,1,0,1,0,1,0,0,0,0
11235005700,11235,"富士見市",57,"西ノ原遺跡","集落跡",35.8566432,139.5171731,1,1,0,0,0,1,0,1,0,0
11239002700,11239,"坂戸市",27,"上谷遺跡","集落跡  窯跡",35.95045276,139.4448906,1,1,0,0,0,0,0,0,0,0
11239007400,11239,"坂戸市",74,"金内山遺跡","集落跡",35.96920194,139.4041639,1,0,0,1,1,1,0,0,0,0
11239012100,11239,"坂戸市",121,"稲荷前遺跡","集落跡",35.96833565,139.359427,1,0,0,1,0,0,0,0,0,0
11241001300,11241,"鶴ヶ島市",13,"大山遺跡","集落跡",35.92195049,139.3846961,1,1,0,0,0,0,0,0,0,0
11241001400,11241,"鶴ヶ島市",14,"横田遺跡","旧石器 集落跡",35.92531505,139.3931436,1,1,0,0,1,0,0,0,0,0
11241001500,11241,"鶴ヶ島市",15,"地慶沼遺跡","旧石器",35.92222908,139.4006138,1,1,0,0,0,0,1,0,0,0
11241001700,11241,"鶴ヶ島市",17,"鶴が丘遺跡","集落跡",35.92437266,139.4185402,1,1,1,1,1,0,0,0,0,0
11241001800,11241,"鶴ヶ島市",18,"神明裏遺跡","散布地",35.93698706,139.3650177,1,1,0,1,1,0,0,0,0,0
11241007600,11241,"鶴ヶ島市",76,"新山遺跡","散布地",35.91622833,139.3868965,1,1,0,0,0,1,0,0,0,0
11241009200,11241,"鶴ヶ島市",92,"柳戸遺跡","集落跡",35.92870216,139.3968396,1,1,1,0,0,0,1,1,0,0
11241009300,11241,"鶴ヶ島市",93,"泉橋遺跡","旧石器 集落跡",35.9324641,139.3979968,1,1,0,0,0,0,0,0,0,0
11241009900,11241,"鶴ヶ島市",99,"後遺跡Ｃ","散布地",35.92974759,139.4037552,1,1,0,0,1,1,0,0,0,0
11241010300,11241,"鶴ヶ島市",103,"富士見一丁目遺跡","集落跡",35.94867764,139.4116385,1,0,0,0,0,1,0,0,0,0
11245250300,11245,"ふじみ野市",3,"川崎遺跡","集落跡",35.88801348,139.5202709,1,1,0,1,1,1,0,0,0,0
11245300100,11245,"ふじみ野市",1,"西ノ原遺跡","集落跡",35.85522734,139.5205828,1,1,0,0,1,1,1,1,0,0
11245300700,11245,"ふじみ野市",7,"江川南遺跡","集落跡",35.86329116,139.5107127,1,1,0,0,0,0,1,1,0,0
11245300900,11245,"ふじみ野市",9,"東久保遺跡","集落跡",35.86354919,139.5151303,1,1,0,0,0,0,0,1,0,0
11245301400,11245,"ふじみ野市",14,"大井戸上遺跡","集落跡",35.84834247,139.5200407,1,0,0,0,0,0,0,1,0,0
11245302000,11245,"ふじみ野市",20,"苗間東久保遺跡","集落跡",35.8631028,139.5321414,1,1,0,0,0,0,0,0,0,0
11245302200,11245,"ふじみ野市",22,"浄禅寺跡遺跡","集落跡　寺院跡",35.86110305,139.5323006,1,0,0,0,0,0,1,1,0,0
11245302400,11245,"ふじみ野市",24,"東台遺跡","集落跡　その他（製鉄遺跡）",35.85014899,139.524936,1,0,0,0,1,1,1,1,0,0
11245303000,11245,"ふじみ野市",30,"亀居遺跡","集落跡",35.86387172,139.5073696,1,1,0,0,0,0,0,0,0,0
11245303200,11245,"ふじみ野市",32,"東久保南遺跡","集落跡",35.8580659,139.5164039,1,1,0,0,0,0,0,1,0,0
11245303400,11245,"ふじみ野市",34,"本村遺跡","集落跡",35.85237483,139.5218715,1,0,0,0,0,0,1,1,0,0
11245303600,11245,"ふじみ野市",36,"鶴ケ岡外遺跡","集落跡",35.85714215,139.4823018,1,1,0,0,0,0,0,0,0,0
11245303700,11245,"ふじみ野市",37,"大井氏館跡遺跡・大井戸遺跡","集落跡",35.8503748,139.5178518,1,0,0,0,0,0,1,1,0,0
11245303900,11245,"ふじみ野市",39,"西台遺跡","集落跡",35.84701981,139.5174936,1,0,0,0,1,1,0,1,0,0
11245304000,11245,"ふじみ野市",40,"小田久保遺跡","集落跡",35.84889088,139.5140709,1,0,0,0,0,0,1,1,0,0
11245304100,11245,"ふじみ野市",41,"神明後遺跡","集落跡",35.86006573,139.5281047,1,1,0,0,1,1,1,1,0,0
11245304200,11245,"ふじみ野市",42,"東久保西遺跡","集落跡",35.86225904,139.5143742,1,1,0,0,0,0,0,1,0,0
11245304400,11245,"ふじみ野市",44,"中沢前遺跡","集落跡",35.85813041,139.5226921,1,1,0,0,0,0,0,1,0,0
11245304600,11245,"ふじみ野市",46,"鶴ケ舞遺跡","集落跡",35.86606492,139.5122648,1,1,0,0,1,1,0,0,0,0
11245304700,11245,"ふじみ野市",47,"鶴ケ岡遺跡","集落跡",35.87092125,139.5024411,1,1,0,0,0,0,0,0,0,0
11324000200,11324,"三芳町",2,"古井戸山遺跡","旧石器 集落跡",35.82105678,139.5473453,1,1,1,1,1,1,1,0,0,0
11324000700,11324,"三芳町",7,"新開遺跡","旧石器 窯跡",35.83191784,139.5444105,1,1,0,0,0,1,0,0,0,0
11324000800,11324,"三芳町",8,"三芳唐沢遺跡","旧石器 集落跡",35.8333714,139.5416257,1,1,0,0,0,0,0,0,0,0
11324000900,11324,"三芳町",9,"俣埜遺跡","旧石器 集落跡 窯跡",35.83619741,139.5360181,1,1,0,0,1,1,0,0,0,0
11324001000,11324,"三芳町",10,"藤久保東第二遺跡","旧石器",35.83583819,139.532155,1,0,0,0,0,0,0,0,0,0
11324001100,11324,"三芳町",11,"藤久保東第三遺跡","旧石器 集落跡",35.83808235,139.5334422,1,1,0,0,0,0,0,0,0,0
11324001200,11324,"三芳町",12,"藤久保東遺跡","旧石器 集落跡",35.83797203,139.5294084,1,1,0,0,0,0,0,0,0,0
11324001300,11324,"三芳町",13,"浅間後遺跡","旧石器 集落跡",35.84924901,139.5296537,1,1,0,0,1,1,0,0,0,0
11324001700,11324,"三芳町",17,"新開第二遺跡","旧石器 窯跡",35.82866384,139.5399742,1,0,0,0,0,1,0,0,0,0
11324001800,11324,"三芳町",18,"南新埜遺跡","旧石器 集落跡",35.82958261,139.5291056,1,1,0,0,0,0,0,0,0,0
11324002000,11324,"三芳町",20,"中東遺跡","旧石器",35.8356685,139.5067846,1,0,0,0,0,0,0,0,0,0
11324002100,11324,"三芳町",21,"南止遺跡","旧石器",35.81736608,139.5095121,1,0,0,0,0,0,0,0,0,0
11324002300,11324,"三芳町",23,"藤久保南遺跡","旧石器",35.83304483,139.5341952,1,0,0,0,0,0,0,0,0,0
11324002400,11324,"三芳町",24,"通西遺跡","旧石器",35.82116807,139.5356067,1,0,0,0,0,0,0,0,0,0
11324002500,11324,"三芳町",25,"境松遺跡","旧石器 集落跡",35.84711317,139.5092887,1,1,1,0,0,0,0,0,0,0
11324002800,11324,"三芳町",28,"東永久保遺跡","旧石器 集落跡",35.84323432,139.5002325,1,1,0,0,0,0,0,0,0,0
11324003000,11324,"三芳町",30,"上永久保遺跡","旧石器 集落跡",35.83814454,139.4898457,1,1,0,0,0,0,0,0,0,0
11324003100,11324,"三芳町",31,"中東第二遺跡","旧石器 集落跡",35.83697732,139.502054,1,1,0,0,0,0,0,0,0,0
11324003200,11324,"三芳町",32,"中西遺跡","旧石器 集落跡",35.83192926,139.4960963,1,1,0,0,0,0,0,0,0,0
11324003300,11324,"三芳町",33,"サガヤマ遺跡","旧石器",35.83458777,139.4994533,1,0,0,0,0,0,0,0,0,0
11326003400,11326,"毛呂山町",34,"東本遺跡","集落跡",35.95020345,139.3227344,1,1,0,0,0,0,0,0,0,0
11341017700,11341,"滑川町",177,"二ツ沼南遺跡","その他",36.06626906,139.340499,1,1,0,0,0,0,0,0,0,0
11341018300,11341,"滑川町",183,"用土庵B遺跡","集落跡",36.06163434,139.3405333,1,1,0,0,1,1,0,0,0,0
11341019700,11341,"滑川町",197,"花気古墳","集落跡",36.06124789,139.3557378,1,0,1,1,0,0,0,0,0,0
11341029800,11341,"滑川町",298,"大堀遺跡","散布地",36.04113832,139.3533764,1,1,0,0,0,0,0,0,0,0
11341036500,11341,"滑川町",365,"中丸遺跡","集落跡",36.04513888,139.344768,1,1,0,0,0,0,0,0,0,0
11342003800,11342,"嵐山町",38,"向原遺跡","散布地",36.04842502,139.3270301,1,1,0,0,0,0,0,0,0,0
11408001500,11408,"寄居町",15,"赤浜牛無具利遺跡","集落跡",36.1096494,139.2645192,1,1,0,0,0,0,0,0,0,0
